# Resource object code (Python 3)
# Created by: object code
# Created by: The Resource Compiler for Qt version 6.8.0
# WARNING! All changes made in this file will be lost!

from PySide6 import QtCore

qt_resource_data = b"\
\x00\x00n\xda\
\x89\
PNG\x0d\x0a\x1a\x0a\x00\x00\x00\x0dIHDR\x00\
\x00\x00\xdc\x00\x00\x00\xc8\x08\x06\x00\x00\x00\x83\x1d\x8f\x0c\
\x00\x00\x00\x01sRGB\x00\xae\xce\x1c\xe9\x00\x00\x05\
|tEXtmxfile\x00%3Cm\
xfile%20host%3D%\
22Electron%22%20\
agent%3D%22Mozil\
la%2F5.0%20(Wind\
ows%20NT%2010.0%\
3B%20Win64%3B%20\
x64)%20AppleWebK\
it%2F537.36%20(K\
HTML%2C%20like%2\
0Gecko)%20draw.i\
o%2F26.0.4%20Chr\
ome%2F128.0.6613\
.186%20Electron%\
2F32.2.5%20Safar\
i%2F537.36%22%20\
version%3D%2226.\
0.4%22%20scale%3\
D%221%22%20borde\
r%3D%220%22%3E%0\
A%20%20%3Cdiagra\
m%20name%3D%22Pa\
ge-1%22%20id%3D%\
22l3eUKb8w1buGRX\
5spZe5%22%3E%0A%\
20%20%20%20%3Cmx\
GraphModel%20dx%\
3D%221434%22%20d\
y%3D%22956%22%20\
grid%3D%221%22%2\
0gridSize%3D%221\
0%22%20guides%3D\
%221%22%20toolti\
ps%3D%221%22%20c\
onnect%3D%221%22\
%20arrows%3D%221\
%22%20fold%3D%22\
1%22%20page%3D%2\
21%22%20pageScal\
e%3D%221%22%20pa\
geWidth%3D%22116\
9%22%20pageHeigh\
t%3D%22827%22%20\
math%3D%220%22%2\
0shadow%3D%220%2\
2%3E%0A%20%20%20\
%20%20%20%3Croot\
%3E%0A%20%20%20%\
20%20%20%20%20%3\
CmxCell%20id%3D%\
220%22%20%2F%3E%\
0A%20%20%20%20%2\
0%20%20%20%3CmxC\
ell%20id%3D%221%\
22%20parent%3D%2\
20%22%20%2F%3E%0\
A%20%20%20%20%20\
%20%20%20%3CmxCe\
ll%20id%3D%222%2\
2%20value%3D%22%\
22%20style%3D%22\
image%3Bhtml%3D1\
%3Bimage%3Dimg%2\
Flib%2Fclip_art%\
2Fpeople%2FFarme\
r_Man_128x128.pn\
g%22%20vertex%3D\
%221%22%20parent\
%3D%221%22%3E%0A\
%20%20%20%20%20%\
20%20%20%20%20%3\
CmxGeometry%20x%\
3D%22190%22%20y%\
3D%22100%22%20wi\
dth%3D%22220%22%\
20height%3D%2220\
0%22%20as%3D%22g\
eometry%22%20%2F\
%3E%0A%20%20%20%\
20%20%20%20%20%3\
C%2FmxCell%3E%0A\
%20%20%20%20%20%\
20%3C%2Froot%3E%\
0A%20%20%20%20%3\
C%2FmxGraphModel\
%3E%0A%20%20%3C%\
2Fdiagram%3E%0A%\
3C%2Fmxfile%3E%0\
A]8\xcf\x9e\x00\x00 \x00IDATx^\xec\
}\x09\x9c%Uu\xf7\xff\xd6^o\xef\xbd\xa7gg\
\x1d\x16\x15E\x04\x15\x17\xdc\x15\x14\x89\x19\xdc\x22\x9f\x18\
\x03*B$\x11\xf9\x8c\x89\x8cI\x04\xe3\x12\xbfH\xa2\
\x06\x8dq\x891\x11\xc4}MP\x82\x0a\x22\xa8\xa02\
\xc0\xb0\xcd>\xbd\xf7\xeb\xb7\xd6\xab\xe5\xde/\xe7\xde\xaa\
\xd7\xaf{f\x98\x9eaf\xba{\xa6\x8a_3\xbd\xd4\
\xab[u\xef\xfd\xd7\xd9\xfe\xe7\x1c\x86\xf4Hg \x9d\
\x81\xc36\x03\xec\xb0\x8d\x94\x0e\x94\xce@:\x03H\x01\
\x97n\x82t\x06\x0e\xe3\x0c\xa4\x80;\x8c\x93\x9d\x0e\x95\
\xce@\x0a\xb8t\x0f\xa43p\x18g \x05\xdca\x9c\
\xect\xa8t\x06R\xc0\xa5{ \x9d\x81\xc38\x03)\
\xe0\x0e\xe3d\xa7C\xa53\x90\x02.\xdd\x03\xe9\x0c\x1c\
\xc6\x19H\x01w\x18';\x1d*\x9d\x81\x14p\xe9\x1e\
Hg\xe00\xce@\x0a\xb8\xc38\xd9\xe9P\xe9\x0c\xa4\
\x80K\xf7@:\x03\x87q\x06R\xc0\x1d\xc6\xc9N\x87\
Jg \x05\x5c\xba\x07\xd2\x198\x8c3\x90\x02\xee0\
Nv:T:\x03)\xe0\xd2=\x90\xce\xc0a\x9c\x81\
\x14p\x87q\xb2\xd3\xa1\xd2\x19H\x01w\x84\xec\x81\xf5\
\xeb\xbf\xaa\xafXq\x87\x95\x99\xd8\xde\xcd5//8\
s#\x9d3\xee3\xdd\x0bZn+\x88\xec\xc0\xf7-\
z\x5c]3y\xce\xb6|\xcb\xb4\xc6\x98\x1d\x8e~\xe4\
\xf3\xdf\x1b\x01 \x8e\x90\xa9X\xd4\x8f\x91\x02nQ/\
\xcf\xfco\xee\x92K.\xc9d\xb5lW&\xd8\xfa4\
\xce\xc3\x139\xe7\xcb\x19\xa0\x85!w\x9b~\xb0\xcc\xf3\
\x83\xbe \x8c\xba\xe8\x8a\x96n\xb4\x1c\xcb,\xdb\x96\xf1\
S\xdb\xd2o\xb5\xd6<\xed\x96\x0d\x1b6\xf0\xf9\x8f\x96\
\x9ey\xa03\x90\x02\xee@gn\x81>w\xe5\x95W\
\xba\xa2^/\xb9\xe1\xd8\x9a\x96\xe7\x1d\xdfl\x86\xc7\x8e\
Wk\xdd\xd3u/\xdfh\x86\xaecj=\x86\xa1\x15\
\x19X\x8610!\x84!\x00W\x08\xb8\x02\x5cJ8\
\xc6\xb4Hc\xcc\x17\x5c\x8c\x80\xb1\x9d\xa6\xa5o+e\
\xdd\xe1R6\xf3H\xbeh\xfd:o\xe6\xb6\xbd\xf7S\
\xff>\xb5@\x8fxD\x0f\x9b\x02n\x09,\xaf\x10\x82\
]y\xc1\x05E\xdf\xac\xaf\x19\x99\xf2\x06\x9aa\xb4\xac\
h\xe9'\xe8\x1a;\x95\xf3\xe8\x94j\xd3\xefkx\xad\
L\xc3\xf3\xf5\xfd}\x1c\xd3\xd0y\xc6\xb5y\xc66\xb7\
\xdb\xa6\xb11\x02~f\x99\xfa}\x05\xcbz(\x93\xd3\
\xb6~\xe4\x8b?l0\xc6Rus\x7f'v/\xe7\
\xa7\x80;H\x13y(/\xb3a\xc3\x06c\xea\xfe_\
=5\x0a\xfdwm\x1d\x9d8u|\xba1\xa81\x98\
\x8c\xc1\x02\x98\xc5\x05\xd7\x85\x80&\xc4\xfe\xe3\x821\x92\
xL0\xc6\x22\x00$\xf5\xbc\xfe\xee\xfc\xa6e\xbd\xc5\
\x9f\xdb\x8e\xfb\xe9\xe2qO\xdb\xbca\xc3\x86\xf0P>\
\xdf\xd1t\xed\x14p\x8bx\xb5\xdf\xb1~}N\xcfh\
\x03;\xb6o\x7f~\x14\x06\xcf\x13\x5c\x9c]kz\xfd\
\xcdV\x90=\x94\xb7\xed\xda\xd6T\xc65\xb7i\x9a\xf1\
\x8b|\xc6\xba\xfb\x98\xfe\x9e_\xfb\xb6\xf9\xf0\xdf\xddp\
\xe3\xf4\xa1\x1c\xf7h\xb8v\x0a\xb8E\xb8\xca\x02`W\
\xbf\xe5U\xb9\xf1\xd1\xea1\x0d_<\xbd\xde\xac_\xe4\
\xf9\xfe\xb3\x1aM_\xe7B\x1c\x965\xd35Md3\
v\x94u\xec;{\xf2\xeewuS\xff\xc1\x80\xd6\xf5\
\xd0\x07n\xbc\xb1\xb6\x08\xa7l\xc9\xdc\xd2aY\xbc%\
3\x1b\x8b\xe4F/\xb9\xe4\x12\xb3\xc7\x1f9\xeb\xd1\x9d\
c/\xdd9:\xfdZ.\xc2~\xc1y^@?l\
\xebE\xaa\xa6\xc64R5k\xba\xaem_=\xd0\xf5\
\xef+z\xbb\x7f\xf4\xc1/~\xe3\x97\x8bd\x9a\x96\xe4\
m\x1c\xb6\x05\x5c\x92\xb3\xb3\x007\xfd\xea7\xbf\xabd\
\xd6\xcb+\xfd\xf1M\xaf\xab\xd7\xab/\xae5\xbc\xd3\x85\
\x884\x80A\xd3\x0c\xf21\x1e\xf6\xbb\xd2\x19\xf3z\xbb\
\xf2w\x15\xf2\x99\xaf\xe5V\x9d\xfc/\xfd\xfd\xfd^j\
\xd7\x1d\xd82\x1c\xfe\xd5;\xb0\xfb<\x1a>\xc5.\xb9\
\xe4\x12cj\xaa\xbe\xceo\x06\xcf\x9d\xd8\xf1\xe0\x9f\x84\
A\xe3)\x9c+\x7f\x05c\xda\x82\x01NcL\xe4\xb2\
N\xe4\xd8\xf67\x07\x96\x1f\xfb\x01\xdf4\xb7}\xfe\xf3\
\x9f/\x1f\x0d\x8br\xb0\x9f1\x05\xdc\xc1\x9e\xd1\x03\xbc\
\xde5\xd7\xac\xb7\x8c]\xda\xca{\x1e\xd9v~\xa5\xd6\
zK\xad^[\x19FA!\xf1\xc8/$\xe0\xe8\x91\
\x0c]\x13Y\xd7\xde<\xd0S\xbcS\x13\xda\xf5\xff\xfa\
\xdd\x1f\xdf~\x80\x8fzT\x7f,\x05\xdc\x22Y\xfe\xb7\
\xbf\xe1\xdc.\xb4\x82W\xed\x1c\x9b|\xcd\xc4t\xed\x95\
\xbe\x1f\x80\x0b\x0eMS7\xb8'\xc0i\x14\xd9fL\
\x9ew\x00\x11\x81\xfd~r\xc76\xbcb\xd6\x9d\xcae\
\xdc\xbf\x1fZV\xfa\xf6\xd3\xab\xf6\xc3\x17\xdex#\x85\
\x13\xd2c\x9e3\x90\x02n\x9e\x13u\x88Ocoz\
\xc9s\xd70\x1d\x1f\x9b\x98\xae>wx\xa2\xdc\xa3@\
\x86\xbd\x02\x8e\xc0f\x1a\xba\xfc\xf2\xc3\x08\x11W\xa0\xa3\
X\xdc\x81\xc4\xe3\xf6\xe3\xf9\xf8\x9a\xa1\x9e[V\x0c\xf6\
|=l\xd8\x9f\xff\xf8\x8d76\xf7\xe3\xb3G\xfd\xa9\
)\xe0\x16\xc1\x16x\xf7\x9b.\xe8\xdf62y\xfa\xd8\
\xe4\xe45\xadV\xeb4\xcf\x0f\xec\xbd\x01\xce\xd0t\xe4\
s\x19\x9cx\xdc\x1aq\xec\x8a\x01,\xeb+1.\x80\
J\xbd\x81\xd1\x8926>\xbc%\xda9<\x81f\xab\
E\xc1\xf0Cq\x88\x9ebvg>\x9b\xf9\xbe\xd3\xb5\
\xfc\xafs}}\xa3\xd7_\x7f}\xebP\x0ct$^\
3\x05\xdc\x22X\xd5\xb7\x5c\xf0\xb2g6\x1a\xf5\xf36\
o\xdf\xf5F?\x8cV'\x8b\xd2)\xe1\x0c]\x87c\
\xbbb\xa0\xb7\x9b\xadY\xb1\x0cO9\xf9Xq\xec\xaa\
!,\xeb-\x91^\x89j\xa3\x89\x91\xf12\xee{\xf0\
\xd1\xe8\xe1\xad;\xe9{\xadVo\xb2F\xd3#\xf0\x81\
\x13*\x0f\xe0\xb0L\x03Y\xd7AOW\x09\xa6\xa9#\
\x08\x02\xd4\xea\xcd(\xe2\xd1]\x83\xfd\xfd\xd7\xeb\xa6\xfd\
\x8bO\xfd\xfb\xd7\x1e=\x80K\x1f\x95\x1fI\x01\xb7\x08\
\x96\xfd\xa2s\x9f\xf7\x8e\x96\xef\xbfk\xcb\xf0\xf8\x8aV\
+pI]\x9c+\xe1\x5c\xc7\x16\x83=]\xfc9g\
<U;\xe3\xb4SXw1\x03\xdb\xb2\xa0\xeb\xba\xb4\
\xe3\x04}\x81I@\x8c\x8e\x97\xc5}\x0fm\x11\x0fo\
\xde\xca6o\xdf\xc5v\x0c\x8f\xc3\x0f\x0e\x8c\x9d\xd5\xdb\
U\xc0\x9a\x15\x83x\xce3NC)\x9f\xc5\xd4t\x19\
?\xbe\xfd7\xd852>\xb1\xbc\xaf\xebA\xa6\xe9\x1f\
\xfb\xe4M?\xb8y\x11L\xe3\x92\xb8\x85\x14p\x0b\xb8\
L\x1b6l\xd06o\x86\xb5\xe3\xfeo^\x15\x06\xad\
\xf7T\x1b\x9e\x1bq\xae\xcf\x05\x5cW\xb1\x80\xb5\xcb\x07\
q\xd6\x93N\x10\xc7\xaeY\x89\x81\x81^\xe6:\x0et\
C\x07\x98\x02\x1c\x18\x85\xea\x98\x8c\xd25[>&\xca\
UQ\x9e\xae\xb0r\xa5\x82\xe9\xa9I\x8cMT\xc4\xc8\
d\x05\xd5Z\x955\x9a-\xb4\xfc`\xd6\x93;\xb6\x09\
S\x8f=4d?j\x1al\xc3\xc0\x9a\xe5}8\xe9\
\xd8\x95X\xbdz-l\xc7F\xa3Q\xc3\x7f\xfd\xf4.\
\x92\xa4~\xb9\xda\xa8\xb8\xa6\xf1\xd1\x93\x8e\x19\xfa\xf2\x90\
\xd6;r\xe9\x0d7\xcc\xbe\xe8\x02\xce\xedb\x1d:\x05\
\xdc\x02\xae\xcc\x867\xbf\xd9\xa9\xea\xfa\xc0\x1d\xbf\xbc\xe3\
\xcf\xbdV\xf3r.\x84r\x94\xcc\x91p\xa7\x1e\xbf\x06\
O?\xe5D<\xef\xf4S\x91\xcd9\xd0\x0c\x1d\xba\xe5\
B\xd3M\xe9U!\x0f\xa6\xfc`\xec\xcd\x94\xe0\x8b\x0f\
\xc1C\x84\xcd\x1av\x8e\x95\xc5\xd6\xe1\x09LNL\xb0\
j\xbd\x8e\x86\x17@P\xce\xa9\xd44\x05\xb2\x8e\x05\xcb\
\xd4\xda?\xd3=8\x96\x855\xcbzq\xec\xaaA\x98\
\xd9\x02\x98n\x22\x0aC\xdcq\xd7=\xb8\xf3\x9e\x8d\xb8\
\xeb\xbeGQ\xcae>\xf3\x94u+\xbe\x5c\xf0rw\
_\xf5\xa5/\xd5\x17p:\x97\xc4\xd0)\xe0\x16p\x99\
6\x5c\xf2\xca\xde\xd0\xd7\xcf\xbe\xe3\xbeG.\x1a/W\
/\xa0[\xd1\xf6\x00\xb8\x0b_\xf4Lq\xf6\xd3NA\
_o73L\x13\xcc0`\xd8\x19\x09\x00\x92D\xf4\
\x95\x00\x8e\xc0&\x01\xd8y\x08\xc0\x0f\x02\xa9n\x86a\
\x80(\xe22\x94\x00\xe9\xd9\xe4\xe4\xda\x84TH)\xbc\
\xc0#\xf5;N\xf9\xa8BJ=\xdb\xd0\xe5\x984\x9e\
fX\xd8\xb1y3~y\xcf\x03\xf8\xda\xadw\xa3\xa7\
\x98\xfd\xaf\xe3V\xf5}\x83q\xe3?\xaf\xfb\xe2\xd7'\
\x16p:\x97\xc4\xd0)\xe0\x16p\x99\xde\xf5\xba\x97\xad\
\x11\x8c]\xf4\xc0c;\xcf\x1d\x9e\x98~\xc6\x5c\xc0\xd9\
\x96)\x8a9\x07\xaf{\xd9sp\xd6\x93\xd71\xdb\xb1\
\xc0\xc8f\xd3\x0d\x18nNJ8\x056R-\xa5|\
\x9b#\xed\xda\xee\x17\x09*\x81\x18dI5\x85\x18p\
\x82\xc0E@\x9b\xf3\xc5y\xa4\x80G\xe7A@3L\
\xe8\xa6\x83z\xa5\x82\x8d\x0f=\x86o\xfd\xcf\xdd\xd05\
\xfc:\xe3\x9a\xdf\x0b\x02\xed\x9f>y\xe3\xf7\x86\x17p\
:\x97\xc4\xd0)\xe0\x16p\x99.]\xff\xc2\x93u\xa1\
\xbd\xf7\xd1\x1dcg\xef\x1a/\xaf\x99\x0b\xb8b>#\
V/\xeb\xe3\xe7\x9f\xf3L\xed)'\x1e\xc3\x98&\x94\
D3\x0c\x98\x99\x82\x04\x80\xb4\xe1dt\x9c\xec8\x15\
 OTJi\xdb\x91\x9cJ\xe2\x032F\xa7$\x1a\
I\xafD\x92\x11\xe0\xd4\xf7\x11x\x14\xc6\xe0\x0b\xc1#\
\x05B\x098\x1eJ\xa0k\xa6#?\xbbm\xd7(~\
z\xd7\xbd\x98\x98\x9a~t\xba\xd6\xbc%\x12\xe1_\x7f\
\xf6\xe6[\xb7/\xe0t.\x89\xa1S\xc0-\xe02\xbd\
\xed\x82\x97\x9c\xaa\x1b\xd8\xf0\xd8\xf6\xd1\xb3v\x8c\x97\x97\
\xcf\x05\x5c\x7fO\x09\xa7\x1c\xb7R\xbc\xe0\x8c\xa7\xb0u\
kWJ\xe7\x08\xe1I3\x0d\x98\xb9\x124\xc3\x8e%\
\x9cR#;\x9d'J\xde\xcd\x1c*(@6\x1b\x81\
GF\xc8!\xc4\x8c\xfaH\x80k\x83+\x0aA\xd2M\
DA,\xf5\x12\x15S9S\xa0\xe9\x98\x9c\xae\xe0\xfe\
\x87\x1f\xc5\xfd\x0fokl\xd99\xfesS\xc3\xa5\x9f\
\xfd\xf6m\x8f-\xe0t.\x89\xa1S\xc0-\xe02]\
\xf6\x9a\x97\x9e\x02\xc6\xdf\xff\xe8\xce\xf1g\xee\x1c\x9bZ\
9\x17p\xe4\x92?a\xcd\x90x\xc93\x9f\xc6N9\
f\xb5\x92nL@3MX\x85.h\xa6-\xa5\x99\
\x04[l\xc71\xa9^\xeemYEl\xb7u\x00\xae\
\xc3f\x9b\xa5RJ\xe9FR.l\x03\xb1\xadZ\x9a\
\x16j\xf5\x06v\xec\xd8\x89\xdb~u\xbf\xb8\xef\x91\x1d\
\xbf\x08\xa1_\xf4\xad[\xefxx\x01\xa7sI\x0c\x9d\
\x02n\x01\x97\xe9\x1d\x17\xbc\xe8$f\xe8\xefyd\xfb\
\xc8sv\x8d\x97\x8f\x9d\x0b\xb8|\xd6\x15C\xfd]\xfc\
\x82\x17<S{\xea\xba\xe3\x18\xc5\xdcd\x9a\x8ea\xc2\
\xee\xea\x96\x80\x9b\x0d6\x02\x1e\x01n\x8e\xd3\xa4\xfd\x8c\
B\x81'V1E\xac2&\x92N\x02\x8e\x00\x16\xd1\
9\x91\x92ra\x10\xab\x99\xb1C\x85\x87\xd0,\x07-\
/\xc0\xe4\xc8(\xbe\xf5\xd3\xdf\xe0\xce\x8d\x8f\xfc\x22\x08\
\xc2\x8bn\xbb\xe7\xfe\x87\x16p:\x97\xc4\xd0)\xe0\x16\
p\x99\xaez\xed\xcb\x8f\xe5\x06\xbbd\xe3c;_\xb2\
s\xac|\xda\x5c\xc0\x11O\xd2uL\xf1\xca\xe7\x9f\xc1\
\xcez\xf2:\xf4w\xf5\xc8@7I8\xa7\xabW\x01\
\xaeC\xb2)\x8f\xe5~\x00.q\x92\x10\xf0H\xbdL\
\x00'\x7f\xcfc\xf0\x91zI\xaae\xf2s \xc7\xf5\
[\x01*Se\xf1\xf5\x9f\xdc\xc5\xee\xf8\xfd\xc3\xbf\x88\
\x22\xfe\xa6[\x7f}_*\xe1\xf6\xb1\x9fR\xc0- \
\xe0\xdew\xf1\xf9+#..\xbcg\xd3\x96\xf3w\x8d\
O?g.\xe0\x12j\xd7\xb9\xcf{\x1a\x9eu\xda\xc9\
X50\x04\xcb4\xa1\x99\x96\x04\x9cn\xd9q\x1cN\
9N\x08l\x0ap{_V\xe5\xf6OTJ\x0eD\
$\xc9\x94\xdaH*\xa4\x94n\x1d@\x94`k\xdbt\
!@N\x15\xdd@\x14Dh\xd6\xeb\xe2\xe6[~\x89\
\x9f\xdf\xbb\xe9\x17\xd0\xb4\x8b~x\xc7\xafS\xc0\xa5\x80\
[@D\xedc\xe8\xbfx\xeb\xab\x06\x10i/\xbek\
\xe3\xa3\xaf\x1f\x9d\xac\xbc\xe2q\x01\xf7\x94\x93\xb0r`\
\x19,\xd3\x92@\x93\x80\xb3\x9d\x18dF\x07\xe0f\xbc\
\x94\xbb\x0fO*e\xa2\x1a\xaa\xba\xafJ\xaa)P%\
18\xa5V\xd2\xcf\xca;I\x7f\xef\xf4X\xaa\xcfq\
D~\x88\x9b\x7f|gt\xdb\xbd\xf7\xdf\xa1\xeb\xe2\xcd\
\xdf\xf8\xf1\xaf\x1eY\xbc\xb3\xbd8\xee,\x95p\x0b\xb8\
\x0eW\xfe\xf1\xfan#\x0c\x9e~\xd7}\x0f\xbfej\
\xba\xf6\xda\xbd\x01\xee\xbcs\xce\xc2\xb3\x9ez2V\xf4\
\xf6\xc0\xa2XX\x028'\x03M'\xb0)\xc9\x96x\
\x10\x93p\xc0\xdcGS\xd1\x80X]\x8c%\x9d\xb4\xe9\
\x12\x09&C\x00*4@@#'\x89\xfc>\xf1V\
&\xf6]\x5c\x17\x9d\xae\xf7\xad\x9f\xdc\xc9o\xff\xcd\xc6\
;`\xb0\xff\xf3\x9f\xdf\xbf=\x05\x5c*\xe1\x16\x10Q\
\xfb\x18\x9a\xca\xe0\x99\xaeq\xcc]\xf7\xdc\xf3\xcez\xb3\
\xf9'{\x05\xdc\x0b\x9e\x89g\x9fF\x80\xeb\x86\x99\x00\
\xae\xbb\x0f\x06\x01\xce\xb0\xe6\x80-a\x9d\xec\xe9]\xaa\
$\xdc,\xd0u\xdaq\xed\xc0w\x87\x84\x93\xd2-\x0e\
\x0f\x90\xadG*%\xc5\xec(\xe8\xa0\xeb\xf8\xde\xadw\
\xfa\xb7\xff\xfa\xfe\xdbMM\xfc\xf1\xe7\xbe\xfb\xb34k\
 \x05\xdc\xe2\x05\x1cU\xe72\xbd\x9e\xc2\x9d\xbf\xba\xf9\
\xea\xc0o]\xb5w\x95\xf2t<\xeb\xb4\x93\xb0\xaa\x7f\
\x19L3\x96p=\xfd0\x9d\xec\x8c\xe3$\xb1\xdf\xe4\
\xe3R\xbc.\x0e\x86w>~\x12{\xdb+\xe8(\x0c\
\x90\xc4\xde\x12\x8fe\x08\x11\x92\xe3DI=\xa9f\x86\
\xbe\x1a\xc50\xf1\xc3\x9f\xfej\xf2\xe7wo\xbc\x8dq\
v\xe5\xe7\x7fp\xeb\xe6\xc5;\xdb\x8b\xe3\xceR\x95r\
\x01\xd7\x81\xb2\x05&&\xba\xcd_\xfe\xf8\x9f\xfe2\xe2\
\xd1_\x86Q$9\x8ds\xc9\xcb\xcf?\xe3T\x9c\xf5\
\xa4u8i\xed\x1a\xd8\x96\x09\xcd\xb2\xe0\xf6\x0c\xc0\xcc\
\xe4\xa1[\x8e\x0cDS\xfc\xad\xcd\xa9\x94N\x13I;\
\x99\xfdt\xd2Y\xd2a\xc3u\xaa\x97\xa4V&\xb6\x5c\
b\xcf\xc5^\xcb\xe4\xf7IL\x8e\x00G\xda)\x85'\
~r\xc7\xbd\xbbn\xff\xf5}?A\xa8\xbd\xf7\x86\xef\
\xfc\xf7\xd6\x05\x9c\xce%1t\x0a\xb8E\xb0Lg\x9f\
v\xf25\x82\x8bk\x9a\xad\x16#\xc6G\x028J\xfe\
\xccel<\xe3\xd4\x13\xf0\xb4u\xc7\xe2\xe4cV\xc3\
\xb6\x09p\xb6\x02\x5c\xb6 \xb3\x06\xa4gr.\xe8\xf6\
\xf8\x5c\x89J\x99\x80.\xa1m\x91\xdd\x16\xa8\x98[;\
4\x10;Q\x08|q,\xae\x1d\x08\x0f)\x0bG\x80\
\x19\x16~\xf6\xeb\x077\xdfy\xef\xc3\xb7\xfcoy\xda\
\x0d\xd7\x7f\xf9\xe6\x94\xda\x95\xaa\x94\x8b\x00Q\xfb\xb8\x85\
\x97?\xfb\xf4\xbf\x8a\xa2\xe8\xfdS\x95\x9a\x1e\x86!K\
\x00\xb7\xac\xaf\x1b\xa7\x9d\xb8\x16\xa7\xaf[\x83c\x97\xf7\
#\xe3\x92\xcdf@w\xb2\xc8\xf4\x0d)\x02\xb3A\x04\
f\x224\x93\x84K\xd2u\xf6\x11\x16\x88\x09\xc9\x04\xb2\
N\xd2r\xdbA\x22\x9d(\xb1\x1d\x17;M\x94\x972\
\x04'\xb0\x91sE\xea\xbf:\xeez\xa4\xbc\xf1\x97\x9b\
*?\x82\x81\x8f|\xf8\xc3\x1f\xd8\xb9\xf8g{a\xef\
0\x95p\x0b4\xff\x0f}\xf5\xda>\xc6\xcd\x01fb\
\xf0\x137\xfd\xf8M\x9b\xb6\x8e\xbc~|\xaab\x10\xe0\
tMC.\xe3\x88\x93\x8fY\x81\x17\x9f\xf9d\xb6\xb2\
\xbfKf[\x13\xb0(\xe8lfrpz\x87`\x90\
\x0d\x97\x10\x98e\x16\x81\xd9\xe6S\xee\xd5S\xd9v\x8c\
P ;\x09\x07$\xee\x7f\x05\xb2\xb6j\x99x,\xe5\
y\xb1\x14l{*\x85\x8c\x01n\xdaY\xbd\xfb\xbe-\
\x95\xefA\xd7?\xf9\xae\xf7\xbd\x8f\x1a;\xa6\xc7\xe3\xcc\
@\x0a\xb8\x05\xda\x1e\xf7}\xe1o\x9f\x01\x03gi\xa6\
\xf1\xd4\xef\xfe\xfcw\xa7\xdf\xf1\xbbG\xd6\xed\x18\x9d4\
Z\xbe\xcfL]\xc7\xda\x15}\xfc\xccS\x8f\xc7y\xcf\
:M\xd3\x126\x89\xa6\xc3p3\xb0rE\xd8]\x83\
\xd0eN\x5c\x12\x160d\x16\x81tfHn\xa5\xa2\
\x81\xcd\x1cq\x86@\xc2\x22i\xc7\xdf\x14\xc3\x84$\x97\
\x8a\xbdu\x02.\x06b\xa2R\xc6\x7f'\x15S\x06\xcf\
5\x0d\x13\x13S\xb7\xed\x1c\x19\xfb\xb6\xc6\xb4/\xbc\xe2\
\x8a\xeb\xc6\x16h:\x97\xcc\xb0)\xe0\x16h\xa9n\xfb\
\xf8{\xde\xc5\x0c\xe3\xf5\x96c\x0d\xee\x98\x9a\xee\xda\xb4\
}8w\xeb]\x1b\xd9\xe8d\x05\xb6i\xe0\x9c3O\
\x11g\x9er\x0cN^\xb5\x82\xa9,\x00\xf2<\xea\x92\
\xb4l\x17{`\xe6\x14y\x99i\x94\x18J_q,\
N\x82M\xfdn\x16\xdeb\xa0\x11\x8frF]L\xe8\
\x5c\x89\xdb_\xa9\x8c3\xa4\xe5X\xad\xdc\x13\xe0H-\
e\x0c\x9e\xd7\xfcA\xb3V\xf9\xbaifn:\xe5\xc2\
?\x9b\x5c\xa0\xe9\x5c2\xc3\xa6\x80[\xa0\xa5\xfa\xc9\xdf\
_u\x9d\xa6\x1bo\xcbd\x9d| \x22}\xd7\xd44\
\xbey\xeb\xaf\xc5\xa3\xdbG)S\x8d\xbd\xf6\xa5\xcf\xc4\
\xd3\xd7\xadE_!\xaf$\x96\xe4PZ\xb0\xbb\xfa`\
\x17\x89eB\xf6\x1c\xd9o$\xd9b;N\xdar3\
\x81\xf0\xb6\x97\x92\xc2\x01sB\x01\xca~#\xb52V\
\x15;l\xb6D\xda%\xb4\xae\xb6\xd3\xa4S\xc2%\x81\
\xf3(\xf8:\x0f\xbd\x9b4a|o\xed\x05W\xa6\xe5\
\xcfS\xa7\xc9\x02!j\x1f\xc3\x12\xe0,\xcb\xbc\xb4X\
\xcc\x15\x0c]\xd3\xa7\xaau|\xeb\xf6{\xf9\xef\x1e\xde\
\x86r\xb5\xa1\xbd\xf5\xfc\xe7\x8b\xd3\xd7\xad\x85\xa3\x1b\x8c\
\xe9\x1a4\xdb\x82\x91\xcd\xc1)\x0d\xc0*\xf4\xc6 \xa4\
r\x0b\xa6J\x0cM\x80\x96d\x81\xcbB@J\xad\x94\
l\x12\x99\x0b'\xda,\x92v*\x8e\x0cf\xc7\x1e\xca\
8\x1c \x01\x17\xfa\x8a\xb4\xdc\xf6R&\xf9q\xbby\
-\xbf\xc2\xc3\xe0?\xe1\xd8?9\xfe\x15WT\x16\xe7\
l/\x9e\xbbJ%\xdc\x02\xad\xc5\xdd\xff\xf2\xfe?7\
t\xfd\xcd\xb6i\x1d\xc7\x18s\xaa\xcd\x16n\xbf\xefQ\
q\xef\xc3\xdb\xb0}d\x82\xbd\xe5\xdc\xe7\xe2\xb4\xe3W\
B'\xe9F5L\x08l\xdd\xfd0\xb3\xc5\xb6\xed&\
K,Hu\xb2\x83\xde%\x7fGq\xb9\x0e\xc6\x89,\
\x85\x1e\xc7\xe0\xe8{b\x8fH\xd5\x91@\x94p)\x13\
/$\xa9\x91\xfe\xac\x98\x5c\xdb\x89\x12\x92\x8d\xa7\xd2u\
8}/\xcf\x0bS\xc0\xed\xc7\x1eJ\x01\xb7\x1f\x93u\
0O}\xe0\xc6\xbf\xbbXp\xf1\x06\x16\x89\xb3\xb8@\
\xae\xe9\x87xd\xd7\x04~\xfb\xf06l\xda\xba\x0bo\
x\xd1Y8e\xcd\x90\x1cRw]\x98\xf9\x12\xdc\xde\
e2\xd0\x9d\x14\xf3Q`\x8b\x01\xa6\x91\x94#;n\
\x06\x80\x9d\xf7\xdb\xce\xe8&\xf52\x0a\x10Q\xf0:\xa6\
j\xcdp%g\xe2q\x12\x94\x89\x9a\xd9\xb6\xe1\xe2\xcc\
\x81\xc4\x93IR0\x05\xdc~m\x8b\x14p\xfb5]\
\x07\xef\xe4M7\x7f\xf4\x0fD$\xd6#\xe0/\xf3y\
T\xf2#!<\xcfg\x1b\xb7\xec\xc2=\x8fl\xc7y\
g>\x09\xc7\x0d\xf5\xc9\x01\xad\xaen\xd8\xc5n\x98\xf9\
\x9ev\xdcMr(c\xc0\x91-'\xed9\xa9N\xc6\
\xce\x13YcrfyU>[\x9c\xf7\xd6V\x13c\
I\xd7\xc1\x95L\x02\xe0)\xe0\x0e\xdeZw^)\x05\
\xdc\xa1\x99\xd7}^\xf5\xc1\xaf~\xe8l!\xd8yA\
\xc0/\x0e\x22\xde\x17\x86\x11\xa3\x92t;\xa7\xa6\xb1y\
t\x12OY\xb3\x02\x03\xc5\xbc\xbc\x8e\xdd\xdd\x0b\xab\xd4\
\x033[\x92\x8e\x13j\xcc\xd8V%\x09l\xba\x15\x03\
\xaeS\xb5T\x89\xa8I\xc9\xbc\xddY\xffJ5Ll\
4\x15\xd4\xee\xa4w\xc5\xa4\xe5N\xa6I\x1c\xb7\x93*\
\xa5\xb4\xfb|\xa2\x8a\xdd\xcc\x03\xff&\x0d\xfa\xf7S\xa7\
\xc9>\x97}\x01\xdai\xee\xfb\x9e\x8e\x8a3\x1e\xb9\xe9\
\xc3\xc77\xbd\xe8\xc5~\xc4\xdf\x1b\x84\xe1\x0a*\xec\x93\
s,4\x82\x00\xe5f\x13\xfd\xf9\x02\xb2\x96\xa5\x00\xd7\
\xd3\x0b\xbb\xd4\x0b#S\x84N\xa1\x00\x92f\xd2s\xa9\
<\x94\xbb\x03\x8e~\xaf\xd4\xcb\xa4\xdc\x82\xf44\x92\x1a\
\xd9\xc9 I\x02\xdb2\x06\xa7\xa4\xddL\xd0;\x0e\x11\
t:T\xf6\x04\xb8(\xfa\x81\x88\x82\xaf\x9b\xaev\xd3\
\xca\x97\xa5a\x81}m\xdeT\xc2\xedk\x86\x0e\xd1\xdf\
\x1f\xfb\xfa\xc7K\xe3\x93\xb5\xe7\x86Q\xf4\x0f\x02b\x0d\
\xd1\xb9\x08p\x9a\xc6d\xeb)S7A\x8c\x13%\xe1\
z`\xc5\xb1\xb7y\x01\x8e\x0a\xb6\x9a\xd6\xac\xda&\x12\
h\xd2\xfb\xd8\x09\xaa8\xf7\xed\x09\x00\x8e\x87\xe1\xed<\
\x0c\xbe\xc3\x18\xfe\xe5\xb8?\xb8j\xf4\x10M\xd7\x11s\
\xd9\x14p\x0b\xb4\x94\xbf\xff\xea5V\xab\xae\x9f\xc9\x04\
\xae\x0f#\xb1\x8eC\xd8\x048#\xae\xef\xaf%=\x03\
\xda6\x5c\x0f\xcc|\xf7\xfc$\x1c\x01\x8e\xca/\xcc\xb2\
\xe1Ty\x04\x1etx \x0f\x82\x84\x8b\x02\xff7Q\
\xe0\x7f?\x10\xda\xf5\xa7^\xf8\x9e\xb4\x10\xec>\xf6S\
\x0a\xb8\x05\x02\x1c\x0d\xbb\xe9\xcb\x1f<-\x02\xfbX\xd3\
\x8f\x9e\x1aD\xbc+k\x9b\x1d\x80\x9b\xb1\xbf\xacbI\
J8\x8b\x02\xde\xf3Q)\x0f\xa3\x84\x8b|\xffwa\
\xd0\xfa\x01\xd7\xf9\xc7O~\xcd\xfbv-\xe0t.\x89\
\xa1S\xc0-\xe02\xdd\xf7o\xd7\x9e\xac\xeb\xec\xbd\xad\
\x90?;\x12Xc\xeb\x1a\xd3\xdb9l\xaa\x9d\xb0\xc6\
4\xe8\x99\x9c\xa4t\xb5\xc3\x02\x8b\xc8\x86\x8b\xc2\xe0n\
\x11\xfa\xdf\xd5\x8d\xf0S\xc7\x9c\x9f\x92\x97\xf7\xb5\x9dR\
\xc0\xedk\x86\x0e\xe1\xdf\xef\xff\xcauk4\x9d]\x14\
F\xe2\x15Q$\xce4\xa5Wqf@\x058\x1d\xcc\
\xb4`\xe6\x8a\xc8.[\x05\xddV]s\x16\x8b\x97\x92\
G\xe1\xcf\xa2(\xfc6\xb3\xad\x7f=\xfe\x15W\xa4\xe4\
\xe5T\xa5<\x84\x88y\x82\x97\xa6\x14\x1da\xe8\xcf\xe1\
\xbex\x038^\x09\xc0\xec4\xbc\x12\xc0\xd10\x94l\
\x9a]\xb1\x16z\x5c\xc7d\xf1\xc4\xe1\xa2[\xa2 \xf8\
\xa6h\xe1+'\xbe\xe1\xdd\xe3OpJ\x8e\xf8\x8f\xa7\
\x12n\x01\x97\xf8\xa1\xef}\xc2\x8e\x82f\x8f\x16\xe8\xe7\
\x09\xce\xffPD\xe2t\x08\xd1\xddyK\xd4b\x91B\
\x00\x94\x03\xe7\x0e.oS\xbb:\x01\xa72\x05\x16\x8c\
i\xf2}\xc6\xc3\x9bM_\xbbye\x9a-\xb0\xcf\xdd\
\x94\x02n\x9fSt\xe8Ox\xf4\x9b\x1fyr\x10\xe0\
\xb9\x08\xf9K\x85\x10O\x86\xc0\xaadT\xd9\xc0\x03\x9a\
\xcc\x83sz\xfa`\x15z`d\xa89\x22\x01l\xe1\
\xb9\x94\x22\x8a\xbe\xc3\xa2\xf0k\x9a\xe9~s\xf5y\xef\
\x98:\xf4\xb3\xb5\xb4GH\x01\xb7\x08\xd6\x8f\x8a\x09\xad\
?\x19%\xd3\xc8=_\xf8\xd1\x85\x82\x0bY\xa3\xb2S\
\xa5\xd4m\x1bV\xa9\x1bv\xa9O\xe6\xc2\xa9\xc0\xf7\xc2\
g\x0b\xa4\x80\xdb\xbf\x0d\x94\x02n\xff\xe6\xeb\x90\x9dM\
q9\x17\xee`\x18\xe1\x8f\xa2\x88_\xc5\x98\x96\xd54\
f\x92\xd3\x84\x0e\xcd2a\xe6\x0bp\xba\x07;\xd2s\
b\xb2\xf2\x02\xe4\xc3%\xc5b\x05\x8fn\x02\x0f\xbf*\
2\xc1\x8f\x8e}\xf1\xff\x9d>d\x13t\x84\x5c8\x05\
\xdc\x22[\xc8\xfb\xbe|\xdd\x1b5\x88\xf7\x83\xb1!\x8d\
i\xb9\x04p2E'\x97\x85\xd3=\x04\xa7\xd4\xa7z\
\x0aH\xa2\xf2\xc2d|\xb7\x01\x17E_\x12~\xeb?\
\x02S\xfct\xdd\xf9WW\x17\xd9t.\xba\xdbI\x01\
\xb7\xc8\x96\xe4\x81\xaf\x5c\xfb*\x01\xf6\xa7\x0cx\x12\x83\
\xd6\xd7\x06\x9cn@';\xaew\x99\xe4UjIv\
\xf7\x02\xd54\xe9\x00\xdc\x0da\xb3\xf9\xe5BK\xff\xd5\
\xe0EW\xd5\x17\xd9t.\xba\xdbI\x01\xb7\xc8\x96\xe4\
\xfe\xff\xb8\xf6<\xc6\xf0N\xc6\xb5\xd3\x0060\x038\
]\xd2\xb5\x9c\xbe\xe52\x11\x95\x02\xe2I-\x13\xd9v\
\xf80W\xedRU\x98\xa9\xff\x80\xb8.j\xd6>'\
\x86wn;\xfe\x8a\xeb[\x8bl:\x17\xdd\xed\xa4\x80\
[\x5cK\xc26~\xe5\x83\xaf\xd04\xed\x1d\xe0\xeci\
\x0cl0\x01\x1c\xa9\x90\xd4j\xd8\xed[\x01\xa7gp\
V{\xaa\x85\xa8K)\xa2\x88\x0b\x11\x05\x9c\xe3/\x82\
\xd1\xfagN\xdc\xd6\xac\xb3\x0d\x1bTK\x9e\xf4\xd8\xeb\
\x0c\xa4\x80[d\x9bc\xd3\xcd\x7f\xf7b\xc1\xf1V\x04\
x\x16\x80\x15m\xc0Qx\xc0\xd0:\x00\xa7\xab:&\
\xb1Jy\xb8+/\x0b\x1e6\x84\xe0\xa3\xff\x1b\xb2\xd8\
pW\xa3\xff\xdf.\xbc\xf0B\x02\x9bj%\x9e\x1e)\
\xe0\x96\xca\x1e\xb8\xff\xc6\x8f<_\xd7\xc5\x9bxK\xbc\
\x90\x01\xabg\x00'\xe3\x04p\xfb\x86\xe0\xf4\x0c\xa8\xae\
9DR\xa66\xc4\x0b\xd0[\x80G\xc18xt\x1f\
\x8f\xf0\xff\x8e\xbb\xe0\xcao,\x95\xf9]\xe8\xfbL%\
\xdcB\xaf@<>\xc5\xe2\xee\x9b.\xd8\xef9\x8b=\
;\xa7S\xe9\x85\xe0%\x1a\xb0\xa6\x0d\xb8\xf8<\xa7w\
\x00vw\xbf*\x93\xd7v\x98h\x0at\xb2J\x17\x1d\
\x87\xbe{N\x14\x06[\xa3\xa0\xf5\x13M\xf0/\x1c\xf7\
\x9a\xab\x7f\xb2H\xa6q\xd1\xdfF\x0a\xb8E\xb2Do\
z\xf7\x17\xb3Y\xd7?\xedY\xcb\xfcs\xd6\xe4\xc2\x97\
\x96t\xef$[\x13=\xb3TJ\x8d\xc1,P\xaaN\
7\xccL\xa1\xa37\x5cg3\xc6C\xdf\x1f..:\
\xb41hy\xff\xc1\x0c\xed;\xc7\x9f\xff\xe7\xbfY$\
\xd3\xb8\xe8o#\x05\xdc\x02.\x91\x10\x82]x\xe1\x06\
\xf3\xe4\xd3\x96\x9fl\xf0\xd6\xe9Q}\xecI\xab\xba\x8d\
S\x8e\xe9\xcd\x9e\xd0e\x85\xbd\x8e\x8eL\xa7JI\xed\
\xa8t7+3\x07\xa8\xfa\xb2\xaa\xbc<\xd3\xdb\xfbp\
u@\x15<\xa8s\x1e\xdd\xd1\xf2\x83\x7f\xf0Ex\xcf\
S^su\xda5g\x9e\xfb(\x05\xdc<'\xeaP\
\x9c\xb6a\xc3\x06c\xc4\xeb\xcf\x0f\xe5\xcd+4\xe1]\
aM?\x98_\x96\xd7\xd8\xdae=a\xde1M\xdb\
\xd0)Cn\xd6\xd0\x042=\x9b\x87\xdb;\xa0z|\
'\xa5\xcd\xdb\xc0;\xe4=\xbe\x05\x8f\xfcm<\x8a\xbe\
\xb3qWpM\xb3k\xd5\xd4\x85\x17^\x18\xb7\xd39\
\x14\xb3td]3\x05\xdc\x02\xae\xe7\xfb\xfe\xf6s+\
\x01\xf6\x1aS\xc7+\xb5\xa8~6\xc6\x7fo\xac*\xe9\
8e\xed2\xee\xea\xban\xea\x1a\x9b+\xe1(<@\
\xb5)\x89WI\x0d\x195\xaaS\x197cLJ\xe4\
\xed\xd6\x88\xb1\xe3\x19e\xf1WY\x14V\x80jU\x82\
J\x9d\xcb\x98\x9a*\x04K\xa5\xf4\xda-\xac\xe4\xdf\xe2\
Z\x94q\xdf8D!\x15B\xf9\x9c\x88\xf8\xcd\x9b'\
\x0b\xb7>\xff\xcdon1\xc6R\xef\xe4<\xf7Q\x0a\
\xb8yN\xd4\xc1>\xedm\xef\xfeT\x7f.o\x9ea\
h\xec\x0a]cO\xd1\x84\xdf\x8f\xf2\xc3\xe1\xf1]\x8c\
\x9d\xb6\xba[7\x18\x98\xac\xba\x9c$\xa5\xca@7I\
/\xc8 \xb7\x91\xc9\xcb\x1c9\x02\x9d\x0a\x0d\xd0W\xdc\
5\x87\xaa.\xef\xf1\xa0\x1e\x03\x91\x04\x1b\x1d\xb3\xca\x9d\
\xcbn\xa8q\x9b\xe1\xa4\xc3N\x5cFO\x82\x8es*\
\xa3W\x15\x91\xbf\x8b\x81]\x1b\xf9\xcd\xef\x1f\xfb\xdb\xfa\
x\x1a{\xdb\xbf\x9d\x91\x02n\xff\xe6\xeb\xa0\x9d}\xd9\
\xfb?\xfbB\x83\xb1W\x19\x8c\xbf\x96\x09\xf4i\x1aD\
F\xe7\xd5u\xc5\xa6\xf9\x94\x1e/\xdb\xb90\x92U\x22\
\xa9\x5c\x0ap\xaa\x93\x8e\x013\x9b\x87U(B\xb72\
3\xa5\xf3\xc8S9_\xc0\xc9&\x8bqq\xd8\xa4\x15\
q\xd2\xffM\x90t\x8b\xda\xddO\xa9\xf1\x07\x8f\xc2\xfb\
\xa3V\xf3Ga\x84\x7f;\xf1\xf7\x95_\xa7`\xdb\xff\
\xed\x90\x02n\xff\xe7\xec\x09}\xe2\x13\x9f\xf8\x9e=\x5c\
\xddQ\xf2Z\xb8\x04\x0c\x17B\x88\xe3\x84\x10\x0e\x03\x13\
\xb6m\xf8+\xb3\xdc?\xa1\xe4\xfb\xbdf#\xefj\x91\
%\xf3\xe1d\xbb\xaa\x19\x09\xa7\xdc\xfeD\xf5rd\xc9\
\x05\xc3uaP&x\xac^\xee]\xa5\x14\xaacN\
[\xa5L\x00\xc7\xd5\xef\xdb\xcd\x1a\xe3\x9e\x03\xb2W\x9c\
,\x16\xcbE\x14\x96E\x14\xfe\xa8\xd9\xf2>\x150\xf1\
\xc0S\xd2\x92x\x07\xb4\x0fR\xc0\x1d\xd0\xb4\x1d\xf8\x87\
\xfe\xf4\x83\x9f\x19\xb0\xb8\xf1T\x1eF\xef\x84\xe0\xe7\xf2\
\x04\x00\xd4C\xc0\xb4Qt\x8d\xfa`\x8eM\x1f\x97\x99\
\xce\xf7Z-\xc7\xd5\x05\x95]PR-\x91p1\xe0\
@Y\xde\x1a\x91\x9am\x99\xa0J-\x88U\xb9sU\
\xe6\xbcsqc%\x92\xf4HP\xd1Ye\xc3\x91t\
\x8b\xc1\x16K8\xd5\xc2\x8aZ\x0e\xb7\x9b|\x10\x85\xab\
!\xc2\xe0\x9e(\x0c\xbf\xf6\xc5_M|\x921\x16n\
Hi\x5c\x07\xb4\x09R\xc0\x1d\xd0\xb4\x1d\xf8\x87.\xdf\
\xf0\x85g\x08\xf0?3\x04?S\x17\xd1\x9a\x04p$\
u\xe8\xcb\xb2,\x9eq\xddpE>*\xaf\xcd4\xf5\
5n\xbd\x1b\x10$\xe6\xf6\x088\xe901\xa8w\x9c\
\x0e\xdd2a\xb8y\xe8\xa6\xa3$b\x5cHVJ4\
i\xb4\xc5\x8e\x12\xf9s\xfc\xbd\x94l$\xf5\x08x\xaa\
0\xacr\x9a\x90t#{\x8f7\x05\xe7;\x10\x05\xff\
\x04\x84?Z\xf5\xf2\xcb\xefO\x9d$\x07\xbe\xfe)\xe0\
\x0e|\xee\xf6\xf7\x93\xec/>\xf8\xcf\x83\xcd\x96\xfe\x12\
\xc1\xd8_0!\x96k\xe0\xd9\x04p\xc9\xbf\xe4$\xd1\
\x0dS\x14]\xad\xbe<'\x82\xe3\x8a\x01\xba\x0d/\x9b\
1\xb8\xb5'\x09'm\xbb\x18\x8c\x9a\xc1TU/\xcb\
\x81fP\x8cN\x05\xc4\xdb\x80#\xaa#\x81+\xa1<\
\xc6@\x93\xcd\x1a;\xd5\xc9\xf8{e\xc3E\xbfE\x14\
\xfc78\xbf)\xd0\xf9}i\x0f\xb8\xfd]\xf6\xd9\xe7\
\xa7\x80{b\xf37\xefO\x13uk*Zv\x86\xa6\
i\xaff\xc0\x15\x0c\xc8\xa8\xf6\xbf\x5c~\x11(:\xff\
\xb5,\x0b\x05\xd7l,+\x9a\x13\xc7e\xeb\xdd\xfd\x8e\
\xef\xda\x16Bj\xcf\xc8\x18\xb5\x8dS\x1cJ\xc5\xa3\xd4\
(Z\x00\xa6\x09\xd9K\x8e\xc0F\xc0kw\xd3\xe9\xa8\
\xbd'%\x99l\xceH\xc2\x8b\xc6\x95RL}\xdf\x01\
:\xd2)#\x22(\x87\xe1\xd7\xa2J\xe5\xb3f\x18m\
\x5c\xfd\xc6\xf7\xa65K\xe6\xbd\xe2{>1\x05\xdc\x13\
\x9c\xc0\xf9~|\xfd\xfa\xf5\xba1\xf4\xecW\x17l\xf3\
\x82\x9ck\xbd\x06\x80\xf3x\x80#D\xe8\x8cE\xa6\x8e\
\xb0\xbb\x901\xfa\xb3\xcc?\xb6\xe8\x8f\xf4\xb9a1k\
\x88\xae\xbd\x01N\x02P\xd7IJB\xdax\x9d\x19\x05\
\x8c\xba\xa1v\x00.V#U\xef8\x1e\x03O\x85\x06\
8\x0f\xcb<h\xdd\xce\xa3\xf0&4\x9b7\x1f\xd3\xe7\
\xd5\xd99\x1b\xc2\xf9>oz^\x0a\xb8\x05\xdb\x03o\
~\xf3\x06\xa7\x0eQb\xa6y\x99c\xdb\xaf,\xe4\x9c\
S\x0c\xc34\xa8Y\xc7\xde$\x9cT\xe7b\xbb\xce\xb4\
\x1c\xe4\x1c\xbd5\x98\x8d\xa6\x96\x17\x8dl_V\xcb\xf7\
\xb8\x1c\x8e\x09\x18\x14{#\x09\xa7\x93\xe7R\xc4!\x03\
\x95\xba\x93\x10\x9a\x13\x92\xb3\x14\x83R\xa5\x94\x06]\xec\
\xb1\x9c\x036\xb2\xe3x\x14\x88(z4\xf2\xbdO\xb5\
\x02\xef\x96\x93\xff\xe0\xaa\xdf/\xd8\xe4\x1da\x03\xa7\x12\
\xee\xd0.(#\xd0\xbc\xe1O\xae\xed\x07\xf3\xd6\x85\x11\
\xfe\xca\xd4\xf5\x17\xba\xae\x0b7\x93\x81e\xd9*\xa0\xbc\
\x07\x95\x92\x00\xa7\xc0\xa8\x9c\x1bd\xa7\x19\x86\x89\xaeR\
^\x0cu\xbb8\xa9\xab\xc9z\x1d\x8e\xac\xc9\xa0k\x0c\
:\x01\xceP\xcb\xa9\x00H\xea\xa6\x11S\xbf\x14\xdd+\
q\xa2t:P\x94dS\x01\xf1\xc4Q\x228\xaf\x0a\
\xc1\xef\x0e9\x7f\xe7\xf1\xafx\xdb\xfdi\x9e\xdb\xc1\xdb\
$)\xe0\x0e\xde\x5c\xce\xba\x12\xa9\x90\x83\x83\x83F\xab\
\x95q<\xcd}\x8e\x80\xf6f.\xf0\x0c\xce\xf9J\x02\
Q.\x97C6\x93\x81\x16;5\xe6\xdaps\x01G\
\x7f\xa7\xc52\x0c\x03\x19\xc7D\x7f\xd1B_\xc1E\x7f\
\xc1\xc21\x85\x16\x0av\xd4\x11\x14\xef$4\xc7\x99\x04\
\x88\x83\xe6\xb1pS\xb1\xb8\x84\xe65\x03:\x1a\xb7\xd2\
\x8c\xc6j\xcd\xe8\x8e\x88\x89\xf7\x9c}\xe1;\x1e<D\
StT^6\x05\xdcA\x5cvb\xff_\xfa\x81\x1b\
\x5c;\xc4\xb2\x09-\xb7\xaa!\x8c\xe5y\xb4\x0c\xbd1\
u\x06\x9a\xb5\xf5\x00\x0aA\x14\xd9^\xcb\x87\xeb8\xc8\
\xb8.\x1c\x87\xb8\x90l7\xa7\xc9\x8c\xaa9#\x01\xa5\
4$\xe0Q\x22\xaa\xeb\xa2\x90u\xd1WtpB\x0f\
\xc7\xb2<G\xc9\x160M\x0d\xba\x9e\x00\x8e@\x16\xb7\
 \x8e\x9fSz(cUU:K$\xf0:\x82\xe1\
<\xc2#cQ\xf9\x91\xf1\xf0\xee(\xd2\xdf;\x5c\xb1\
\x7f\xbfa\xc3\xc5\xdeA\x9c\xa6\xa3\xfaR)\xe0\x0e\xe2\
\xf2\x13\xfb\x7fBt\x0f2\x9ey\xd9(\x9cW7`\
\xbd0g\xb2\xba\xedU\x0c\xad:^\xa0xZ\x18E\
h\xb5|\xa9.\x9a\xa6\x81b\xb1$\xa5\x16\x81(\x01\
\xd9l\x15S\xd9X\x89z\xc9;\xc0Aj\xa3e\x99\
\xe8\xeb)\xe1\xf8>\x03O\xee\x0b\x90wu8Vl\
\xc3%\x0c\x95\x0e\xaa\x97\xf4R\xca/\x15\xf7S\x0e\x93\
\x98\xecO\xe0\xe3\x1c?}\x8c\xe3\xee\xed\xfcA\xdb2\
\xafv3\xf6\x1d\x1b\xae\xba(m\xb4x\x90\xf6I\x0a\
\xb8'8\x91_\xfd\xeaW\xf5\x9bo\x1b\x19\x88\x10=\
\xbdj\x16\x9e\x1c\x1a\xf6I\x96\xa9\xaf\x06\xd3\xd6@3\
\x86\xba3f\xe8\xb4\xa6\x99\x98\xdcaH\xaf\xa4\x10\x88\
\xa2\x08~@\x84`\x01\xdb\xb6\xe1\xba\x0el\x9b\x9c\x96\
\xb3\xc3\x04\x04\x86Y\xe0\x93\xf6\x5c\x0c\x92X\xd2\x91J\
\xea\xd8\x16z\x0b6V\xf4\xd8X\xddcc\xb0\xa8\xa3\
\xdb\x15\xd0b\xdeegcF\x15\x0fH\xae1#\xd9\
\xe8w^+\xc0d\xa5\x8e\xbbw0<0n\x8ef\
3\xee\xb7,\xdb\xf8\xda\xdf\xbe\xf7\xe2\x1f<\xc1iJ\
?\x1e\xcf@\x0a\xb8\x03\xd8\x0a\xa4:\xfe\xd1\x15\xd7\xe7\
\xfd(\xeco8\xa5~\x01v\x82\xce\x83\xe7y\xba}\
F\xa8Y'0\xc30\x18\xd3\x18u3\xed\xca:\xb0\
\x83\x1aP\x1e\x81\x1ez`\x94\x02#\x04|?@@\
M\xec!\xe0:.2\x19\x17\x06y\x16A\xfd*H\
\xb2\x00\x00 \x00IDATBf&.\xa7\xbc\x95\
\x84\x91D\x1a)\xd0\xcd\xad\xd7c\xdb\x16\xf2\xb9,\x8e\
\x19\xc8`m\x8f\x89\xd5]\x80kr\x98\xe4\xb9\xec8\
\x14\xe9$\x06nG\xe6\x00I\xb6r\xcd\xc3\x83;\xa7\
\xf0\xe0\xb8\x89]\x0d\xb7Y,\xe4\xb6\x18\x86\xf1\x85\x9a\
\x1f\xddP_\x16Uo\xb8\xf4\xd2\xe0\x00\xa6+\xfdH\
\xc7\x0c\xa4\x80;\x80\xed\xf0\xcf\xff\xfc\xcf\xe6O\x7f_\
;\xb9%\xb4\xf3\xa6\xad\xd2\xf3|\xcd>\x99\x01yh\
\x9a\x03M35I\xfd\xa0`\xb4\x06\xc7\xb2`0\x0e\
#\xf2\xe0VG`\xfa59\x22I9\x02\x9c\xe7\x07\
\xd2\xe6\xa2\xf3\xb2\xd9\x1ct]o\x03\xaeS\xc2\xcd\x02\
]B\xd5\xea\x5cH\xf2b\x12\xc0\x0b9,\xef\xc9`\
\xdd2\x07\xcbr\x11J\xce\xec\xd0\x99\xca\x0e\x88='\
\xb1\x87R\xfe\xc4#\xec*7\xf1\xf3\x87&\xb1\xabn\
\xa3)\xf2\xa2\xbbT\x08t\x9d\xdd\xd4\xf0\xc3O\x87\x9c\
\xdd\xf7\xf1\x0do\x9d<\x80\xe9J?\x92\x02\xee\xc0\xf6\
\xc0\xfa\xf5\xd7Xn\xbf\x9f\x1f\x9dh=\x9b\xe7\x06\xce\
\x16\xf9\xbe\xe7\x86\x9a\xb5F0\xbdWH\xf6\x07\xc5\xc4\
\x98\x04\x9ab\xf4\x13\x08\x0c\xd8\x86\x8e\xac\xa9\xc1(\xef\
\x80\xde,C\x8b\xa5\x5c\x18q\xb4|\x1f\x11\xe7\xa0\x98\
\x1cy-\xc9&\xd3u\xd2>\x95DK\xc2\x02\xeag\
\x92t\xb1\x1a(\x1f\x81\x90\x93\xbc3%\xdd\x12$\xe9\
\xba\xf3.V\xf4\xe5\xb0\xba\x8ba(/P\xb0B\xe8\
2G\x94\xdc\xff\xca~K@\x96|O\x1c\xca\xcdc\
M|\xe7we\xd4\x22\x17\xa6S@W)\x07S\xd7\
\x7f/\xa2\xf0\xa7\xf5\x80\xddR\x13\xec7\x9f\xda\xf0\x96\
\xc7\xd20\xc1\x81\xed\x1f\xfaT*\xe1\xf61wD\xc9\
\xda\xbc\x19V=o\xe5-\xa0O\xf7\xbc\xd5\x13\xf5\xd6\
\x85-\xa7x\xb6_\x5c~,\xd3I{\xd4%@v\
\x03\x5c\x9cZC\x9c\xac\xbck\x83UF\x85\xde\x98\x82\
\xe1\xd7\xe4\xbc\x13\x98\x82 \x90\xf6\x1c\x81\xce\xb6L\xe9\
\xbd${.9f\xc8\xcd\x04\xb4D\xb5LT\xca\x04\
pI\xfcMu\xdc!\xd0\x15\x0b9i\xcf\xad\xee\xd2\
\xb1<\xe7\xc35\x22)iIu\x946\x9c\xe42\x87\
\x0a|\x02h6}l\x1an\xe2\x1b\xf7N\x83\x9b9\
\x14\x0a%\x94\x8a9\xd8\xba\xe6\x09\xc1\xc7G<\xed\xbf\
FZ\xfaOG\xbd\xf0\xee\x8c\xf0\xaay\xd6\xac\x9cR\
\xacT\xae\xb9\xe6\x9a(%3\xcf\x1f\x80)\xe0\xf61\
W\xef~\xf7\xbb\xb3\x93Qn\xa0\x1e\xe6\xcf\xd6\xc3\xf0\
\xd9\x1a\xf7\xcf\xf4}\x7f\xb0\xa1Y\xc5\xba]t\x98[\
\x820\x1d\xc9\xac\xdf\x1b\xe0\xc8\x0bi\x19\x06\x5c-\x82\
\xedW`L\xedl{\x0a\xc9\xeb\xe8\xfb>Z~\x00\
-\x06\x8b\xe3\xb80\xc9s\x19\xc7\xe8fRx\x12\xa7\
\x89r|\xb4\x8f9}\xc1IZ\x1a\xa6\x81\xbeR\x0e\
C=\xaeXU\x04\x1bp[(\x99-UF!\xe6\
R*[N\x86\xe3\xb0e\xac\x226\xee\xa8\xe0\xce\xc7\
\x9aLw\xbbQ\xec\xeaE!\xe7\xd2K\x80s\xa6\x07\
\xbf-\x8b\xe9\xf1&\xa6\x99\xc0T6\xaa\xdf\x91\x8b\xea\
?+\xb4\xa2[\xa7\xa6\xaa\x95\x1bo\xfc\x80?\xff-\
wt\x9f\x99\x02n\x0f\xeb\x7f\xc9%\x97\x98U\x9cP\
\xe46;N\x8f\xbcu\x86\xe0\xeb83Of\xe0'\
2\xce\xd7F<\xd2[\x1cZCh\xf0\xf3\x83\x88\x9c\
\xa2J\x12\x8d%G[\xa5\x8c%\x1c\xfdLvZ\xde\
\xb1\xe0DMh\xd3\xc3`~\x13,\x22\x1f\x84@\x18\
\x84\x08\xc2\x00a\x18Iu\xd44M\x19gK\xc2\x05\
\x09\xc5\xab\xf3\xdf\xdd\x8b\x1c+\x95R\xde\x87\xec\x9a\xca\
\x90\xcd8\xe8\xca\xbbb\xb0h\xb15\x05\x1f\xcb\xb3\x1e\
L-\x84\x16\xab\xa7\xf2\xd1\xc9\xf3\xc9\x05\xee\xdd:\x15\
\xfdn[\x05\x0f\x8e\xf8\xbaS\xe8C\xa9\xab\x0f\xb9\xac\
#U\x5c\xa1\x19bS9b\xe3\x1ex#Bd\x8b\
h\x93\xc6\xc4\x83\xc2r\xee\xcb\xb2\xe07},\xf8\xbd\
5]\xddz\xfd\xf5W\xa4\xbd\x05\xf6\xf1>I\x01\xd7\
1A2p}\xe9\xa5\x86o,\xeb\x89D\xf6D_\
\xd7^f\xf0\xe0y\x1a\x8f\x9e\xaa1X\xd4\xa6M\x9e\
\xce\x18\xc20@\xcbk\xa2\x96_\x0e?\xdb\x0b\xc3r\
A\xd2*\xe2\x91l\xb4\x91lz\xe5?Q\x00(\xb8\
\x0e\x5c\xc6\xa1yeh\xf5)0O9PT8 \
\x82\xe7\xb5\xa43E\x82%\x9b\x95!\x03\x02\xddl\xa0\
u\xaa\x95\x9dB.Q+\xe3\x0c\xf1\xb8\xa1#\xa9\xa9\
D\x07;\xb6\x14\xb2\xe3J>\x0a\xa6\x0f\x93\xec\xb9\xa4\
\x0b@L\xeb\xfa\xd9\xa6\xc9\xf07\xdbjb\xb8\x12\x18\
\xf9\xaeA\xd6\xd5\xdd\x0f\xd75a\x99\x94\xd0j\x88]\
\xf5\x90\x8dz\x0cc\x01\x95p\x90\xc8\x96\xcf\x99\xd7\xa2\
o\x0c\x98\xfe\xb7\x82z\xf5v^\xabM[\xa1\x16\x16\
\x0a\xa2\x99\xcb=\xbd\xb5a\xc39)\xd9y\x0e\x00S\
\xc0uL\xc8\x9b\xde\xf4\xeeld\xe6\x06tK?\x1f\
`/\x12\x8c\x1d\xc7\x80>\x0d\xa2\xa8v\x99h\x1bK\
\x04,\x92L\x1e3\x118E\xf0\xae\xe5\x08\x05\x05\xaf\
)\x88<#e:\x01g\xea:\x5cSG\x9e\x02\xd3\
S;\x80\xeaX[3$\xb5\x91@\x1c\x04\xa1\x04\x1d\
I\x16[\xb2Q2mP&ym\x9d\xff*mr\
f\x19\x95tU\x92\x8e\xbeH\xbd\xa4k\x0d\x96,\xac\
,jXeO\x88\xbc\x112Rq\xd5\x85\xd5\xff\xbe\
}\xcf\x98\xb8{K\x15~$Xw\xef \xba{\x06\
\xe4\xe7(8\xaf\xeb\x86\x98\xf6\xc1&B\x03c\x81\x89\
\x06\x854\x22\x85\xd8\x82k\x8d\xe4u>\xc2\xa6G'\
Y\xab:\xad\x85\xfe\x8el>\xf7\xa3\xbc[\xb8\xf7C\
\x1b.\xde|t+\x90\xbb?}\x0a85'\xec\xf5\
\xaf\xff\xf3\x1e=\xe7\x9c \x98}6c\xdaK4M\
\x9c.\x04\xf2\x0c\x94%3g\x9a:\xa8X~\x18\xc2\
72\xf0K+\xa4-G\x0c}\xda\x8cd\x1b%\x9b\
>\x91p\xf4\xb3c\x1a(e\x1c\xe8\xb51\xb0\xea8\
\x84\xdfl\xd7\x19\xe9\x04\x1da\xc82-d2\x99Y\
\xaae\xb2\x843I\xa5\x89\x1a\x19?H\x0c\xb4\xe4\x9e\
\x13\xafi\xd6\xb5\xd0\xe52,\xd3G\xb0\x22\xc71T\
rg\xed\x86\x7f\xbfs\x04\xbf\xdaZ\x97N\x9b\xee\x9e\
^\x94J\xddR\xba\x91-h\x18\x86 \xb9=\x11\x9a\
\xd8\xde\xb2P\xf5|\xb4\x02U\x9e!c[puP\
\xacQ\xa06\xd1@}z4\x97\xcb\xfd\xdc\xb4\xed[\
\xb9m\xff\x0fDk\xf8\x93\x1f\xb8L\x89\xf2\xf4H\xbd\
\x94$\xb5N\xbf\xe4Rc]=w:\x9c\xccy\x9a\
\xe9\xbcM@\x14\x19 E\x80\x22k\xec\x0e8\xf57\
&\xdd\xfa-\xe8hf\xbae\xc3{\xdd\xc9\xa2\xee\x05\
\x88\xa4SCI\x99N\xc0\xd9\xba\x86\x9cc\xc0\xe2\x01\
\xf4V\x0d\xa2<\x0c\x843\xf1\xe4\x90\x00\x1c\xf8R\xca\
\xe9\x9a\x0e\xdb\xb1d`\xdc4\xad\xb6j\xb9\xb7}\xdb\
\x09\xb2\xce{N\x08\xd2\xe0\x01\x5c1\x81S\xfau\x9c\
\xb9:\xdf^|\xba\xd5\xcf\xfd|\x17~\xb5\xad\x85\xc1\
\xbe>\x94\x8ay\xe4\xb2\x19)\xdd\xc8\x9e\xb4LC\xb8\
\xa6\xce\xc6\x02\x03\x0fTM4\x02\x8eV\x18\x82\xee\x95\
\xaem\xc9\x97\x88\x8dh|\x1b\xf8\xc4v\x94\x0a\x05\x98\
\x96\xfd?\xcc\xca|\x89\x1b\xda-\x9f\xdep\xf1\x964\
\x94\x10\xbf\x10\x8f\xe2\x97\x0e\xdb\xb0a\x83~\xffX\xfe\
\x18h8\xcb\x08\x1a/\xd08\x7f:4\x9d\xaahY\
\x84\x93\xf9\x00N\xd2\xb4\xb8\x009PP\xe8\x07+\xf6\
\x8bHh,\xe4\x8a\xc25\x17p\x94Jc\xe9:\xf2\
\xb6\x09\x87\xb7\xe0\x8fm\x13\xcco0\x8d\x5c\x85\xd2\x9e\
\xe3\x88(>\xd7j\xc9\x008\x05\xc2\xb3\xd9\x8c\x0c\x15\
\xd0\xf7\xea\x9c\xdd\xeb\xaev\x02\xac]\xe9+Q-5\
\x0d\xcdf\x13^\xb3\x0e\x16yX\xd7\xcfp\xd6\x1a\x1b\
\xdd\xae%5\xca\xc9F\x0b_\xff\xf5$6\x8d\x03+\
\x96\x0d\xc1ul\x096\xcb\xd4e\x88\xc1ul\x09\xb8\
\xd1\xa6\xc0\xc6\xc9\x08\x9a\x93C\x00\x0d\xd5FS\xbeT\
\x0c]\x87C\xcf\x13\xd4a6\xa7\x10V'a\x1b\xda\
h\xb1P|\x00\x9a\xf8\x14\xd7\xc2\xdb\xfe\xf1\x03\x97\xef\
JAw\xf4\xc5\xe1$\xc8\x1e\x19\xcev\x87\x0c\x83\xb6\
\xe6\x0f\x04B{2\x87v\xb6\xc6\xc3\xa73\x11\xad\x98\
+\xcd\xf6%\xe1\xc8\xfe\x09\xa2\x08\xcd\x96\x0f?\xd7\x0b\
\x9e\xef\x17f&\xcfB\x0e\xe9\xea\x9f\x0b8-\xeel\
S\xc88p5\x0e^\x1e\x11\xacQf\x9a\xdf\x98\xf5\
\xeeky\x9e\xa2~q.=\x96\x94U\x90d\x16t\
\x9e(\xe3\x7f\xb1\x04\x9e\x05:\x0a\xc2\xb7\x1d2\x1c\xd5\
z\x0d\xb5ZM\xc6\xfeV\x968\x9e\xb4L\xe0\xe4\xc1\
\x82\x04\xccC\xe3u\xdc\xfeP\x1d;\xaa:\xfaz\xfb\
%\x80\xe8\x92\xa6\xae\xec?\xc7uD1c\xb3Z\x00\
l\xad\x84\x08\x9d\x22Z\xccB\xd3\xf7\x11D\xc4\x0fU\
iCy\x83\xeaF\xb4\xd0\x18\xdd\x06\x8b\xfb\xc8\xdbV\
S7\x8d/Y\x86\xf9\xcd`\xda\xbf\xa5\xa7g28\
\xda\xab}\x1dU6\xdc\xfa\xf5_\xd5\xf3\xf9\xc72M\
W?\x8b\x83\xbd\xcc\x8cZ\xcf\x07\xa2\xb5\x10\xc8\x00\xb2\
\x1c\x9ddeu\x1e\xfb\x06\x9c\xe2>\x06Q\x88\x9a\xe6\
\xc0w\x8a(\xf4\x0d\xc1\x17\x9aT-\xf7\x068\x8a\xb3\
\xd9\xa6\x86\x9c\xce\xc1\xca\xc3\x10\xe5\x11eL\xc6\xae}\
\x19*\x08\x02\xa9\xb2\x92\xdaf;6\x8aT\xf4U\x82\
A\xddc\xe2\xbd\xec\x94h\xc9E\x12\xe7I\x14\x86h\
4\x1a\xa87\x9bhx*\xcb\xc65Z\xe8\xc94q\
\xee)\x830u\x03?\x7f\xac\x82-\xe3\x11\xca\x9e\xa6\
j[\xd2I\x14 \x8f\xd5a\xc34\xb1b\xa0\x17\x19\
\xc7F(\x80--GTa\xd3\xcf\xac\xea\x05h\xb4\
\x94j\x99\xb3\x0d\xe4L\x06\xd6\x98FT\x9d\x00\xafM\
\xf2b\xa1\xb0\xcb\xb1\x9do\xd6\xbd\xfa5S[\xd3\x98\
\xdd\xd1\x008zF\xedu\xaf{\xe7\x80\x96\xcd\x1eg\
X\xb9g\x0a\xe8O\xe5B\x9c\xc2\x04_\x01\xe2@B\
\xb4;f\x1c\x08\xe0\xa4[_\x084C\x0e_\xb7`\
\xf5\x0cA\xd8yD\x9a\x81V\xc8\xa5=\x97\x80\x22\x91\
p\x12D\xa6\x81\xbckB/\xef\x02\x9b\xdc!\xc3\x0a\
\x09\xc0\x09\xc4T\xc6\x9f\x00\x97\xa8\x96\xe4@q\x5c\x8a\
\x8d\xd9\xea\x9d\x10\xc7\xfd\xe6z*\x15pU\xba\x0f\x05\
\xd5\xa7+\x154\xe3\x90\x03\x85\x1a\x1c\x93!gGx\
\xc6rM\x84\x81\x8f_ni\xb0\xaao\xc2\xa7wN\
\xd2c.Q[c\xaaZ.\xeb\xa2T\xc8\xa3\xa7T\
\x10\x8fM\xf9\xac*l\xb8\xdd\xfd \xc0\xd5[\x81J\
724R%\x91\xa1bF\xf5)\xf0\xf20\xa9\xa2\
-[\xd7~\x93\xb1\xa2\x1b\x0d\x81\x1f^w\xdd\xbb7\
\x1e\xc5f\xcc\x91\xed4!7\xfft\xe0\x15\xab\xb5F\
\x9fi\x99\xeb\x1c\xd39\xddvs/\xd5uc\x8d\xae\
k\x85\xdd\x9c!{p\x90\xccG\xc2%\x1b\xc8\xf7[\
\x08\x04\x10\xe5z`\x14\xfa\xa0\xe5J\xa8y\xe4B'\
\x97\xa5\x02A\x028\xfa\x9e\xec\xa4|\xc6\x81Y\x19\x81\
V\xde\x09\x1e\x04`P\xe5\x14\x94\x90\xe1R\xca\xd1\x17\
\xa9\x82t~6\x97C&\x93\x8d\xf9\x9a\x8f\xbfu\x09\
ld\xbb\x95\xabU\x09<2Ks\xd4y\xc7\xb1\xe1\
Z\x1a\x06\xcdIQ\xabW\xb1qW\x8b\xe9V\x0e\x1a\
yY\xf7vh\x1a\xba\x8b\x05\xac\x18\xec\x17;'\xab\
\xac\x06\x1bz\xcf\x0ax\x1c\xf0\xfc\xf8\xc5\x00!\xd5\xd1\
\xbc\xebH\x926\xab\x8e\x09\xbdUc\x0e\xc2\xb1\x5c\xc6\
\xd8$8\xfbT\xd5\xc9\xfcp\xea\xbe\xae\xa9\x1bo<\
:;\xee\x1c\xd1\x12\xee\xf5\xaf\xbf\xf2\x94\xba\x08\xcfl\
\x06\xece~\xcb;!\xe2\xd1\x90aX\xf9l&c\
\xe62\x19\x9dH\xc2\x9aL\x1a\x9b9\x0eD\xc2%\x9f\
&\x87G\xc89\xbcH@\xebZ\x06\xbdw%\xea\xad\
P\x85\x09b0\xcf\x02\x9c\xa1#g[\xd0\xbdi\xb0\
\xda\x04\xb4f\x05\x8c+54\x16a2\xbc\xe0\x91=\
\x17\xa8\xb4\x1e\x0a\x88g\xb2\xaa\x1eJ\xa26\xee\x0d#\
\xd5jE\xdam^\xa0<\x8a3\x80s`\x9b\x0c\xcd\
\xca\x08\xa6+\xd3\x18\xad\xb4P(t\xc1\x8dc~{\
\xbc\x9e$W\xbb\xe8.\x14\xe0\x07!\xea\xb01\xed\xf6\
\x88l6\xcf\xa8B\xd8\xd8t\x0d!\x05\xfd\xa5\xd7\xd2\
\x84\xa3\x01\xb6\xf0\xc1\xc6\xb7\xc0\x0c\x9ba\xc6u[B\
3\xbe\x0a\xdd\xfe\x86\xe3\x99\xb7|\xf4\xa3\x17\xd5\x8fF\
Iw$\x02N;\xfb5o_c\xeb\xee\xb3\xb2\xa6\
q\x9a\xa1\xb1S9\xd8\xc9a\x14\xf6Da\xa4\xa2\xc8\
\xca\xd0\x81a(\x1a\x95c\xd931\xb3\x03\xb0\xe1:\
7\x0e\x05\xc4\x9b-\x0fa~\x10\xbcw\xb5,\xfc\x13\
q\x01\x8f\xa4\xd7\x1c\x09'\x83\xd2\x86\x0e\x1b!\xac\xb0\
\x016\xb5\x13,h\xee\x16\x86 \xb0%\x92N\xde\xaf\
\xe3H\xe0\x91m\xb5')\x1dE!Z^\x0b\xf5F\
]\xb2W\xe8%@*/\x1d\x96\xa9<\x90\x86\xc6P\
\xab\x95Q\xaf\xd7Pm\xb4\xd0\xdb\xd3\x8b|./\xf9\
\x9c\xf4\x0c\xa4\xce\x12\xa1\xba\xed\x0f\x95\x89\xae6\x0a\xa4\
\xd6\xda&Z00\xe2\xebpJ\xfd\xd0\xdc\x1c&\xab\
\x0dP6;Ir\x02\x9dK\xd2XfH\xec\x84\xd6\
\x9c\x06B\x1f\x96\xed\xdco\xda\xf6O\x0c\xe0\xf3f&\
\xfb\xf0\x87\xde\xfb\xc6\xa3\xae\xce\xe5\x91\x05\xb8\x0d\x1b\xb4\
g\xdd\xfeH\xaf\x9b\xeb>\x87\xe9\xdae\x8ei\x9eh\
\x1aF?m0\xdaH\x89\x9a\xd6 \x07BSml\
\xf2\xc2e\x1c\xc5[$uh\xae\xd4\xd8\x1f\x95\x926\
\x1b\xa5\xbf4\xbd\x06\xeaN\x0fZ\xc5\xe5\xe8)\x95 \
\x18\xc3t\xc3\xdb\x0dp\x89]\x97\xb5Md5\x0e1\
\xf20\xe0\xd5T\xa6v\xc7A\x92\x8dx\x96$\xe9\xe8\
{\xc3\xd0\x91/\x14d\xa8\x80\xee\xbb\xf3 5\x94B\
\x0a\xd5\xca\xb4\x94\x8a\x04\x82\xb8\x12\xe5\xcc\xab&\x8ey\
\xc8\x18b\xcb\x93_\x03}\xfd(\xc5N\x19\x95\xc1\xe0\
KI&\x89\xd3\xf4z\x22\x9b\x93r\xf6\x1c\x1b\xdd\xa5\
\x02H^\xee\x9c\xa8\x01\xa5e\xe0\xd9n4\x83\x10\xbe\
\x04\xa9\xa2\xb69\x96\x89\x9cm\xc2\xf5\xab@}\x02\xad\
\xc9a\xe9m\xb5mg\xa3i\x9a\x9f\x01\xc3\x8fs\xd8\
\xf1\xfb\xa3\xcdkyD\x01\xee\x99\xeb\xaft]\x8e\xff\
\xa31\x9c\xcb\x98x\xb6\xc6\xb4\xac\xa6i\x16y\x04I\
\xcd1\x0d]\x1a\xadd\x0f\xd1\xc6\xa0\xcd\xeb\xb5<\xd4\
\xeau\xc9\xe8\xa0\x00\xb3k+i7#\x07\x1f?\xf0\
=[\x1fU\x9eC\xda\xacu\xcdE\xd3)\xa1\xabo\
\x10\xc2\xb0\xa5-\xa7\xe4\xaajx\x9f\x80\x8d\xfe\xcd;\
6r\x86\x80?\xfc\x98\x807\xcd\x88\xd71\xf7\x90N\
\x14\x8a\xf9Q\xfe\x5c\xc4e|\x8c\x12V3\xd9\xec\xac\
S\xbdf\x03\x8dF\x13\xb5f\xa3\xdd\xb4cO\x80\xa3\
\x17\x10\x81\x91\xec\xceF\xa3\x8ee\xfd\x83(\x15\x8b\xf2\
Z\xf4\x0c4\x16\xcd\x8d\xa4\x9aq.AN\x12\x8e\xa8\
f\xdd]\x05A\xf3\xb7s\xd78kd\xfb\x10\xe6\xfb\
\x84m9\x8cT\xd7\x06yU\x99&\xcf'\xfaX\xc9\
\xd6a\xb7*\x10\x13[%\xb0\x01\x94\xf3\xd9\xdc\x83:\
\xd3>=\xb6\xadv\xe3\xb1\xc7\xd6\x9bG\x13\xe8\x8e\x18\
\xc0\xbd\xf8U\xef\x1c\x82\xc6N\x15\xba\xfe\xc7`8\x9b\
\x01\xcb\x94\xd9D\xaa\xa3.\xd3]\x92/\xb2\xdb\xe8?\
\x058\xa5z\xc9$P\xc3@\xd6\xcd(JS\x1cd\
\xde_\x09G;\x8a\xae\xd5\x88\x04\x9a\xcc\x823\xb0\x06\
p\xf2\x088\x93\x9b\x98\x8c\xb2\xb9\x80#;.k\x00\
ay\x18\xacQ\x86\xee\xef\xd9\xbc\xa1\xfb\x0ddi\x86\
@\xdavn\xc6E\x8e\xb2\xc4c)G!\x00R\x11\
\x1bM\x0f-\xe9\x80Q\x81\xd6\xbd\x01\x8e\xae'\xa5a\
\xad\x8a\xa1\xc1At\x15Km\xf0*\xa9\xaa\xc2\x12\x94\
\xaf\xa7\x82\xdb\x8et\xda\x14s.Hm\x1d\x1d\x9fB\
U\xcb\x22\xcc\x94\xe0\x16\xfb\xd0\x08#\xd4[\xbe\x92\xe4\
\xd4#A\xd7\xd1\x93s\xe1\x84\x0d\x88\xc9\xedhT\xa6\
 B?\xcce\xb3uM3\xff\x95k\xda\xbfe\xc3\
\xdc\x03G\x93=w$\x00\x8e\xad_\xbf^kD\xcb\
\x9e\x1b\x02o\x08\x81\x171\xc6\xd6\xcc\x04\x83\x95MA\
\x9b\x9c6\x0dI0\xa9:\xce\xaa\xb7/069.\
7\x97m\xbb\xc8\x93c\xc2\xb6U\x1cj\x1f\xd4\xae\xb9\
\x12.\x19\xd7oyh\x86\x11\xfc\xbe\xe3\xc1\xf2\xbdd\
\xbf\xc0o\xc5\xd9\x00s$\x9cc\xeap\x0d\x0dF\xd0\
\x80V\x9f\x00*c\xbbI8)\x1d\xc9\xbe\x8a\x22\xe9\
\x00\xa1\xca_\xa4N\x12\xe8\xa4\xb3\x83^\x1e\x9e\x87z\
\xbd\xae\xb2\xc8\xe3\xd4\x86=\x01\x8e\x9e\x9d\xbeHU$\
)V\xa9T04\xa0$\x9c\x9c\xab\xa4'\x1d \x01\
I\x92\x89~G\xb6c._\x80k\x1b2\xffo\xba\
ZG\xcd\x17\xf0\xcd\x0c\x8c\xde\x95hr&\x89\xcd1\
\xa9M\x12\xa7{\xf2\x19\x19\x04\xf7+c\x88\xca\xa3\x10\
^\x0d\xa6a\xc2\xb4\xed\xff\xb62\xd9\xafs/\xb8\xf9\
\x93\x1f\xb9lx\x8f\x0f|\x04\xfer\xc9\x03\xee\xf2\x97\
\xbf\xdcf]\x99U[\x82\xbe\xd7\xd4\x22\xebR\x00\xfd\
\x8c\xb1\xcc\x5c\xc0\x11x\x88\x9bH\xbc?\x8b\x16\xdc\x98\
\xdd\xac\xbeE\xaaU\xd3C\xadQC>\x93E\x8eH\
\xc3\xa6%7\xe6n\x8e\x89\x84\xd917\xaa\xd2\xceG\
\x83T\xfd\xbc \x82W\x18\x84Y\xecG\xb6\xd8\x8dZ\
\x93\xd8#3\x89\xaa\xc9\xc6V\xce\x13M25\x88\xd4\
L|\xc4=\x1dt~R\xd9\x8b@G\xe0#IG\
\xea0yHI\x95\xa4\xdf\x91\x84\xdd\x13\xe0\xa4\xcd\x1a\
\xdb\xa9\xf4}@\x1eU\xcfC\xadV\x95\x0e\x93|.\
'\x9f\xbb3\xb8.\xaf\x17\xd1X\xa4V\x1a\xca\x0e\xb3\
t\x09\xf0\x06\x05\xbd\xbd\x16\x9a0\xd0*,\x17\x9a\x93\
a\xd4\xfe\x98@Gj;\x81\xb7\x98\xb1\xa5\xc7\x92\x85\
M\x18\x95QI\xfbR*\xbc\xbb\xb9\x90/\xdc\xa6G\
\xc1ug>u\xe0\xa1\x0b/<:\xc2\x04K\x1ep\
\xaf~\xf5\x9bK\xa6\xa9\xbf\xa2&\xec?\xf4\xb9qA\
\x22\x09\xf6\x048*\x01N\x85v\x08p\x04\xbc\xb9`\
\x22\xd0MW+2VFje&\x9b\x935I\x88\
\xff8[\x92\xa9\x9fg\xb7<T\xfa[2\xae\x94B\
A\x84\x96\x9d\x83Q\xecG\xae\x7f%\xa6\x1bM\xf8\xc1\
\xee\x80\x9319CC\x97k\xc1\xa8\x8e!\x1a\xdb\xa2\
\xfa\xb5\xcd9\x92k'\xa0S\x9e\xcbPz\x1d\x95\xb3\
D%^\x93\x84\xd9\x13\xe0\x08\xd8.\x155\x22[V\
\xd3@5U\x88}B\x12\x8e\xc0\x91q\x1d\xf4u\xf7\
\xb4\xb3\x13\x12{.\xb1\xe9\x92\xe4X\xf2\xee\xd2\x0c\x04\
!\x8d\xe9\xa1\x191\xd4\xec.a\x15\xba\x19\xf5\x1c\xaf\
4=\x10\x97\x94\xc6#u\xd95U@\xdc\xaa\x8c \
\x98\x1e\xc5\xe4\xe4\x049\xaa\x1a\xf9\x5c\xfe^\xa6\x8b\xf7\
\x86Z\xf8\x9b\xeb?pE\xe5\x08\x14h\xbb\xaf\xe1R\
\x7f\xc8\x97\x9c\xff\x8e\x95\x5c\xd7?(\x80s\x84\x80\xe4\
Bv\xaaD$\x8c\xa4\xe7Q\xaa\x87T\xe0\x87\xea\xf0\
\xeb\xd2]O\xc5}hSt\x1e\xb4\xb9&\xa6&\xd1\
l\xb5\xd0U\xea\x96t&\xcac\xdb_\xc0\xc9T\x1b\
\xaa\xcc%\x04\xb4\xe2 \xec\xa1\x13\xf6\x018]2\xee\
\xad\xda8\xc4\xf8\x16)U\xe6\x92\x94\xe7JZ\xa9^\
\x06\xa1R!\xc9>\x8c\x8f=\x01\x8e\x9e\x9fT\xe9,\
1ULU\xa8\x88\x0e\xa2|MLM\xa1\xd9l\xc8\
\xdf\xaf\x18Z\xae\x92N\xe7\x86G\xe6fLt\xa8\xb8\
~\xc4Q\x0b\x19\x0c\x8a=\x96\xfaQnx2\x0cA\
6\xb3C\x05\x94l\x139JI\x9a\x1eF85\x82\
JyR\xd9\xd5\x96\xfd\xb0\xa6\xeb\x7fm\xc2\xbc\xedc\
\x1f|+e\x14\x1c\xf1\xc7\x92\x96p\xeb/\xb9\xba\xd8\
\xac\x86Ojx\xad\xbf\x85\x10g\x80iR\x95|<\
\xc0Q\xaaLb\xd0\xdb2\x14\xa0\xca\xd9%\x07\xed\xab\
zC\x85\x0d\xfc0@.\x93E!\x97\x9b-\x0d\xe7\
\xa1R&R\xc8\xf3[\x88r}`\xcb\xd6\xa9x\x98\
\xf4\x90*6I\xe7\x17\x95`\xa0\xdc2\xcb\xaf\xc3\xa8\
\x8fC4\xca@0\xbbb\xc1\x5c\x10\xa81\xc8\x91\xe2\
\xb7K4\xcc\x95pR\x8a\xd33\xc76,\x81\x89\x0e\
\x02\x04\xf5\xa0\xa3\x97\x10\x91\xa4w\xec\xda!A\xbbv\
\xd5\x1a\xf5\xfby\x02N\xf29\xc9\x01eX\x12pZ\
i\x00\x8d\x96/\xa5\xa7,\xcb.\x81\xa7#C\xa1\x0f\
\xde\x94<\xcb\xe9\xb1\x9d\xf0=\xa9\xfen7\xad\xccg\
M\xdb\xfc\xde?\xfc\xcd%w\x1d\xf1h[\xeaU\xbb\
^\xf9\xfa\xabO\x09y\xf8\x82V\xaby\xb9\x00;\x9e\
T\xc6\xf9\x00NI:\x15t\xa6\xb7p\xe2\x91\x94j\
b\xec\x98 U\x8b$\x1d9\x0a\x0a\xb9\xbc\xaa/\x99\
H\xbay\x00N\xa9c\x5cR\xab|\xb7\x0bA\xef1\
\xb0l\x97\xc4\xad,\x02+%n\xc7\x97\xa6\x93\xbak\
\xc0A\x087j@P\xa1\xa1\xb8\x04\xc3\xcc\xcb`\xee\
\xfbQ\xfdL\xd2\x90\xaeIvc\xc2\xebLTJj\
gEI\xa4$\xc9\x13\x87H\x12b gKR\xc6\
\xe1\xc1G6\xc9{=n\xcd\xb1\xf2w\xf3\x05\x1c\x8d\
\xafi:\x0cb\xbe\x94\x06\x80B\x1fH\xe2Iu\x9a\
\xe2x\x82+\xf2\xb5\x0c\x11h\xb0\xa3&\xbc\xc9aT\
&\xc7\xd1\xac\xd5\xc7\x9d|\xe1\x07\x86\xe5~\xf5\xfa\xbf\
\xbe\xf8\xdb)\xe0\x16\xf9\x0c\xbcp\xfd\x9f\xbd\x96\x09\xf1\
\x96(\xf2\x9f\x0e\x81\xee\xfd\x01\x1cm(\x92*\x14+\
\xb2\xe3\xb7~\x028r\x08P&w\xb9R\x95\x0c\x0f\
RC\xbbK%\x19\xf8\x95\xde\xcdy\x03NHu\xcf\
\xd3]x\xd9^\xe4\xbb\xfb\xa1Y.j\x9e\xb2\xb5f\
I9)y\x99dg\xe4u\x81h\xf41\xf0zy\
\x8e&\xbb;\xe0\x12G\x8a\xf2\x5cz2@\xde\xe94\
!u\x98\xa8`$\xc3e\x7f\x82\xb8\xa7\x00\xbdt\x08\
X\x96m\xc3\xb4,<\xf0\xd0\x032\xab\xe0\x98Uk\
\xe5Kf7\x02\xc0^T\xca\xe49\x08ta\xb6\x1b\
~\xb6\x07\xa1\xd0\xd0\x0c\x224\xfcPJW\xa9\xc2\xeb\
\x06J\xae\x81\x82!\xe0Du\x94wn#\xd0\xd5\x9d\
B\xf7\x03\x86i~\xf6\x1f?p\xf1\xa7\x17\xf9v;\
(\xb7\xb7\xa4U\xcas.\xb8\xfc\x0a&\xc4\x9fs\x11\
\xf53\xa69\xfb\x0b\xb8D\xcd\x22\xd6~\xe2@I\xde\
\xec\xb49=\xdfG\xa5ZE\xd3kJ\x979\xc5\xe8\
H\xd2\xed\x0f\xe0HMkACKw\x90\x19X\x0b\
\xb8\x05Y\xa2`o\x80\xcb\x98\x06\x0a\x16\x03\x1fy\x14\
\x82\x18\xf7\xb2c\xa9:v\xf3\x96\xc6\x19\xe5RE\xa4\
\x1a+T\xc9\xd9kI\x15\x91$\x1cy$\xe9eB\
\x19\x06J\x12F\xf1\x0b\x84\xf8\x8e\x96\x04\x82f(\xe9\
\xf7\xe8\x96\xcdh4\x1b2\x00\xae\x0a\xd2R\xcd\xa4\x99\
c\xf7\xb1g\xee\x87$99o\xac\xae>\x18]\x83\
\xa8E:|\xce\xa4\xe3\x84\x92sc\xee6J\x8e\x92\
rES`j\xc7c\x98\x1e\x1d\x0e-7[\xd64\
\xfd\xfa>{\xf8\xda\xa3\xa1\xc6\xe5\x92\x04\x1c\xf5^k\
\xb5\xf2\x99\x9a\xb0\xae\x16\x8c]% L\xa6Q\xe9\x91\
\xf9\xab\x94m\x97<u\xa0\x91\xea\x9c\xa2u\xcd\xddX\
S\xd3e\x94\xab\x15I\x16\xa6pA1\x97S\xe7\xc4\
N\x98\xd9\xbbrwP\x10\xd5\x8b\x12T[\x11\x87\xb5\
|\x1dx\xb6\x07uR)I\xad\x95\xa1\x0a%i\x93\
\xb1\x89\x83\x98\xa3\x22C\x93\xdb\x10U'\xe1{\x8d\xb6\
\xf3\xe4\xf1\x00\x97\xf4\x0b\xa0\xd0\x80d\xa3POc\xcb\
\x92_$\xc1\x94\xa71D\xd3\xf3d\x1c\x8cB\x09\x9d\
\xc7\x8e\xe1]R\xc2\x15\x0b\x05\x14\xf2\xf9v\xf1\xa2\xbd\
\x83}\xe6Y\x09\xc8\xe4t)\xf4\x0e \xd77\x84\xb2\
\xb0\x111\x13\xa4&\xd7\xfdH\x15\x1c\x12\x029K\x93\
/\x93\x92\xc90=\xbc\x15\xd3\xa3\xbb\xe4s\xffo\x22\
\xc2'r\xdd\xee\xfb]\xef\x84\xfa\x91^\xe9kI\x02\
\xee\x8do\xbc\xbc\xc0\xb9~\xca\xb8\x17\x5c\x1aD\xfc\x22\
\xf5\xa2W\xadw\xe7k\xc3%\xe7\xc9\x05\xa7\x02\xac\x92\
]\xb2;\xe0\x88e\xd1\xf0\x9a2\xa7\x8c\x0a\xec\xf4t\
u\xc7\x19\xd1\xca\xeb\xb9/\xc0\xd1\xdf\xc9\xa9A\x84f\
}\xf9:\xa00 \xcb\x13\xd0aj\x0cy[\xd1\xce\
\x88\x88L\xc0\xd3\x09\x84\x0c\xc8\xf0&\xfc\xf2\x18&w\
l\x91\xd2\xab3\xb3\xbbC\xee\xccyA\x08\xf8-r\
\xa0(\x0e\xa5\xe3\xd8\xb0\xe3\xac\x82\xc4\xb5_k4\xa4\
\xdd\x9a\x9bC\x09\x1b\x1d\x1fG\xb5^\x97\xde\xc3\xeeR\
\x17\x8a\xf9\xfc\xbc%\x9c\xca\xbbk\xc1\xcd\xe6\xe1\x14{\
\xd0\xca\xf6\x82\xd9T\xfc\x88\xfa$(O\x81|\xb9\xd0\
W\xe4\xc3\xf0\xa6\x11T\xc6\xe1U\xa6P\x93e\x1a\xc4\
\x17\xb29\xe7cf+\xb3\xf9\xc3\x1f\xfe\xe3\xeaA\xd1\
\xdd\x16\xe9E\x96$\xe0\x88\xc6\xc5\x8c\xe8\xbc\x88c}\
$\xf0\x22\xa5n\x1d\x18\xe0\x08x\xb4\x19\xc8\x93FR\
\x8e\xd4\xabNI\x92p#G'&T\x1d\xc6|\x1e\
Y7\xae\x8c<O\xc0I\x8aT\xcb\x87\xb5\xf2$\x98\
]\x83\xd0L[1\xf1)iS\x96\xb0\xd4 \xa8X\
\xac\xf4(\xaa\x17@\xd1\xd2\xc0\xea\x93\xa8\xedx\x14\x01\
y:\xa3\xf0qU\xcad\x7f\x11\x03D\xdap<\x92\
\x92,)&\x9b\xa8\x94\x14t\xd6)-(\x93\x9du\
=\x92\xe4UJ\xe5i\xf9\xe8\xeb\xe9AOW\xd7\xbc\
\x01\x97\x80Y\xb646]\x04\xa5!\x18\x19\x22W[\
\xf0\xa4MI\xad\xb3\x94\xa3J\x17!\xec\xa0\x09\xbd1\
\x01^\x9fD\xb5\xd6 /\xe7\xb7M7\xfb9\x9dk\
w\xfc\xc3\xb5\x7f\xa2R\xdf\x8f\xd0cI\x02\xee\xb9\xe7\
]z\xbc`\xfcr\x8di/`L;\xe5\x80\x01\x17\
o\xee\x84\xbeE6\x0d\xc5\xe6f\x85\x15b\xdbgl\
jJr\x0a\xc99@\x19\x00\x99\xb8s\xe9|$\x9c\
\xb4\x9d\xa2\x08\xf9\xd5'\xc1\xed\x1d\x82I4/\xf2\xe2\
\x91g\x91\xe2h\x11\x97\x9e=\xf9\x1cR\xc5\xd2\xd1\x93\
\xb5\xe1R\x9b\xab\x89-h\xd6\xeb\x12t\x8f\xafR\xaa\
;I\x9c(\xaa/\xf8l\x9a\x16IJ\x098M\x97\
\x8c\x91N\x15\x9a\xf8\xa4d\xafN\x96\xa7d\xe6@\x7f\
o\xdf\xbc\x01\x97\x9cH40\x8f<\x94\xc5\x15\xb0\xf2\
\xddp3YL7=\x09::(\xf6\xe7\x18J\xad\
t\xebc\x92U\xd3\xf4\x02p\x86\xdbM\xd3\xbe\xd9\x0f\
\xa3\xaf\x7f\xeaC\xefx\xf4\x08\xc5\x9aZ\x9f\xa5\xf8p\
\xe7\xbc\xe6\xb2S\x18g\xd7\x08\xc1\xcf\x12B\xac<\x10\
\xc0\xa9\xf2\xe3\x8aS)\x03\xcc\xb1\x8b\x9e\xdc\xe828\
\x1e\xbf\x91i\x82\xe8\xef\x0dI\xf2\xad\xa1\xd6\xa8\xa3\xb7\
\xbbGJ\x88v1\xd5d\x12;\x98&\x9d\xf3*\x03\
\xd4Q\x84\xfe\xb5'B+\xf6c<\xd0\xa5R)\x85\
\x1b\x15\xbe$\xc9\xaa\xeb\x8a\xbd\x1f\x09\x995^\xb2\x0d\
\x19\x1e0j\xa3\xa8\x97'\xd1j6\xe6\x0d8\x1a{\
O\xc5\x85H\xf5#[\x8b@Ie\xf7H\xfa%\xde\
\xc8 P\xa5\x18\xb6\xed\xda!y\x95\xcb\x06\x88\xfb=\
s<\x9e\xd3$9K\xbeX\xb8\x90\xc9\xa9\xc8\xf5H\
'\x8a\xb2\xe1\x22\xc9~I\xf2\xe4\xba\x5cSf\xb8c\
zD\xbe\x5c4D\x1b\x0d\x84?f\x1a\xff\xf4\xdf\xfd\
\xcd\x9f\xdd\xb7\x14\xf7\xe4|\xefyI\x02\xee\xc5\xaf~\
\xc7i\x5c\xd3>\x22\xb8x*\x17\xbcg\x7f\x01\xa7\x82\
\xc1\xe4\xc1#\xef\xa4&\x9b[\xa8\x82<q\x19\x84\xd8\
\x99\x91\xa8A4I\xa4\xa6\x11\xedk\xa2\x5cF!_\
@>\x9b\x93\xac\x8dYv\xdc\xde\x00\x17\xa7\xd6\xf4\xaf\
X\x0d\x91\xeb\xc5\xb6\x16%\xbd\x9a\xd2YC\x01b\x95\
\xcd\xa0R\x87hcr\xa6!g\xea0\x88e_\x19\
C\xb3<\x8e\xa0Q\xdb/\xc0\xed\x09,\x8a\xfe\xe5\xc9\
AH\xad\xa4dV\xda\xf0t\x90\xf4#\xc0=\xb6m\
\xb3\x04\xdb\xd0\xc0\xb2Y\xe3\xcd\x07pt\x1dz\x1e\x0a\
{\x84\xb9^\xa0g\x85\x0c\x8a\xd3\xdc\x91\x04\x97yr\
\xa6\x81\xae\x9c\x036\xb5\x0b\xa8\x8c\xc26\x184\x11\xed\
@\x18\xfcJ\xd7\xc5_\x7f\xe8o\xfe\xf4W\xf3\xdd\xbc\
K\xf1\xbc%\x09\xb8s^\xfd\xf6\xd35\xc1\xfe\x913\
\x9c*\x84\xc8\xed?\xe0\x94t\x93\xbcB]90$\
IW\x16\x03\x22\x03\x9f\xa4O\xc2\xd0P\xcc\x14\x02_\
\xa5V\x93\x80#\xd5\x88\x5c\xe7T\xe3Ce\x1d\xc4\xd3\
\xb8\x17\xc0%\xbd\xbb\xbb\xba\xfb\x10f\xba\xb0\x13y\x14\
\xa8L\x82\xa1c\xaa\xde\x94\xe3\xcaf\x1f\xb6\xa9*\x19\
\x13\xe3\xc40\xc0\xbd\x1a\xea\x13\xbb\x10N\x8f#j>\
q\xc0I{\x94\xea]Ju\x93\x92o\xedY\xb5.\
+\xb5*\x1e\xdb\xbaY\xaa\x94\x14\x1e\x98\xcd\xc0\xd9}\
\xab\xec\x09\x84\xf4\xac\x94\x22\xd4\xcc\xf4\x22\xe8Y#\x93\
P)\xf6WmQw Jb5\x91\xcfR\xe5\xe9\
I\x18\xb5q\xb8h\xd1\xe4W\xc3Hlb\x82\xbd\xeb\
c\x1f\xbc\xf4gK\x11H\xf3\xbd\xe7%\x09\xb8\xe7\xbd\
\xf2\x1dghL|\x06\xc0:\xc1H\x7f\xd9?\xa7\x89\
\x92\x5cD7\x9aa\x8f$\x12N\xd5\x1e\x99\xa9\xb8\xdc\
\xf6zR\xaa\x8a\xefK\xee!\xd9;\xa4\x8eu\x17\xbb\
\xa4\xc7/)\xd0\xdaI^\xee\x5c\x80\xa4\x9c\x9d\xac\xb6\
\x95\xedB\xab8\x84\x5c>/\x03\xcf\x94%\x9d\xa8\x7f\
\x8c\xe2Y\x91@+RY\xddZ\xe0\xc9\xeaW\xa22\
\x0a\xd1\xac>a\x09'\x9d\x1b\x14\xa3\xe3\x91\x8c\xefu\
\x16\x97\xa5\xfb%\x95y\xeb\x8em\xd2KIj3e\
\xc3\x93\x1d\xa8\xe6w~\x80\x93\xeaw\xa3\x8e\xa6]\x92\
\xe5\xdf\xf3\xd9\x0c\x04\xd3Pn\xb6\xda\x89\xa9\xd4\x93\xdc\
\xe6\x01,\xbf\x06\xb3:\x02\x83\xfb\xa1\xa6k\xdb8o\
\xfd)\x1a[\x7f\xfc\xd1\x8f~\xf4\x88\xadw\xb2\xe4\x00\
G\xad\xa4\x1e\x19\xd1\xcf\x0a\xb9\xb8\x811v<\x18\xa4\
N\xb4\xbf^J\xc9\x9c\x97\xddi\x94*\xb77{\xa5\
3\x1fN\xba\xbf\xc3\x10\xe3\x93\xe3\x92\xc3X\xcc\x17\x91\
q]\xe9\xd6W\xbbr\xcf\x1b3\xb96}\x9e\xb9y\
\x18\xfd\xab\xe1\xe4K0lW\xf2+\x93vm2\x9e\
%\x19\x1a\x114\x8a\x0f\x8a\x10.\xf7 \xa8\xf1G\xbd\
\xfc\x84\x01G\x03\xa9\xfe\x05\xaa\xa8\x10\x01^\xd3Tw\
\x1e\x0aK\x10\xb5\x8b\x00G^X\x0a\xf4Svw\xf2\
2\xd9\x1f\xc0Q\xcaO\xd3\xcc\xc2\xcb\xf6\xa3X\xea\x02\
\xd7\x0cL5<\xa5)\x10\x0d\x8c\x08\xcd\x96\x0e\x97\xb7\
 F\x1f\x85\x83\x80r\xecF\xa3(\xf8\xbf\xcdV\xeb\
\x07\xff\xef\xda+\xa9J\xf3\x11y,9\xc0]~\xf9\
5\x85M\xc3\xa3\xcfiz\xfcz\x06\xb6\x96\xa8C\x07\
\x028i\xc0\xc7\xa9*\x9d\xc9\xa8\xbbq\x08\xe7\xbc\xdd\
\xc9\x1e\x19\x1e\x1b\x91\x1eF\xd7\xc9\xa0X\xc8+\x8f\xa5\
D\xdb^$A|\x0d\xf2rr\xd3\x81\xd95\x00=\
\xdf\x0bneQ\xf1|E\xf2\x8d\xb3\xd0\x13\xe4*\xfe\
!u\xda\xd1\xc0\x87\x1f\x01\xaf\x8c\x1e\x04\xc0)g\x0a\
9H(8\xae8\x93\xd4|D\xa0P(H\x02\xf4\
\x96-\x9b\xe5\xbd\x10\xe8\xbaJ%)\xc1\xf7G\xc2\xd1\
\xb9t\xed\x06\xb3Q7\xf3(\xf5\x0d\x82\x1bv\x07\xe0\
T2p)c!\x8b\x00\xadm\x0f \xa3s\x14r\
\x99\x09?\x0a?\x1a\x86\xe1w\xff\xee\xfd\x97\xfe\xee\x88\
D\xdbR\xf4R\x9e\xfb\xdaw\x9d\xe4\x87\xe1K<?\
|\x0f\x03\x86\x922w\xfb+\xe1hC;\x14p\x9e\
\x93\xa2\xb3/\xc0\x118\xa6*\xd3\xb2\xb0*m^\xca\
$\xa0\xcdI\x5c\xc1\xa4i\xc7\xdc\xcd\x92HI\xc5q\
d\x08u\x0b\xac{%x\xae\x17>\x15\xf9\x89+j\
%\xf6\xa0Tc\xe5\xfdQ\xa1X\x0b\x18~\x18bz\
4n\x855K\x16\xef\x17\xc98\xf9$\x01\x82\x02\xd5\
\xa4R\x92\xf3\xc8\x0f8\x8a\xa5\xa2\xbc\xfe\xf6\x1d\xdb\xe5\
\xdf\x08h\x03\xbd\xbdm\x8a\xd7|%\x5cb\x0f7\xb8\
\x86:,\x14\x06W!\xb22m\xc0\xa9\xb0\x87\x02\x5c\
N\x8b\xe0\x8fl\x81\xcd=dLV\xe1`_\xe1\x9c\
\x7f\xe3C\x7f\xf5\xd6\x1f\xa4\x80[$3\xf0\xe2?\xbc\
\xf2%\x22\x0a.\xf0\xc3p=\x80\x9e'\x028rL\
$\x01\xef\xe4\xf1\xf6\x058\x02\x19\xf5\x11\xa8{M\xe9\
\x1c\xa0\xf0\x80\xe4XJ\xc2\xef\x1e\xb2\xc3\xe3\xb7Zr\
]r\xfdS\xfa\x0a\xef]\x0b\xd15$cb\x04\xb8\
\x88X\xf5\xb1\x03&\x01\x9cm\x19\xc896\xb4\x89\xad\
\xc0\xf4(\x22jm5\xab\x91\xc7\xee\xe3\xcd\x07\x18$\
\xe1(fF\xad\x8d\x09p\x94H\x9a\xcb\xe5dv\xc3\
\xf8\xc4\x98LH\xa5\xef\x97/\x1b\x92\x85\x83\xf6G\xc2\
\xd1\xf8\x92\x87\xca\x19\x9a\xc2\x80\xd93\x84\xc0t1\xdd\
\xf4A\xfe\xe0\x84\xb3J\xdd`3D\xd2\xaeL\xc0\x11\
\x1e\xb2Z\xd8\x00\xd8\xad\x8c\xb1\x1b\xaf}\xdf\xc5\x9f_\
$\xdb\xed\xa0\xdf\xc6\x92S)_\xb8\xfe]\x97\x08.\
\xde\x18\xfa\xfe\xe9\x80\xc8>\x11\xc0\x91}B\x9e\xc2\xce\
x\xda\xbe\x00G+@\x00\xa1\x00\xf2\xe8\xc4\x18\x5c7\
+kDR\xbd\xc6\xce\xd2\x04\xb3\xe5PG&\xb8\xac\
\x86\xe5\xc3/\x0eA\x94\x96\x89l&\xc3\xa8^?\x05\
\xbf\xe7\x02\x8e\xee\x8d\xea\x87\x90\xe3\x84\xd5&e?9\
\xc8\x86\x8f\xed\xd7\xc3\x01I\xb8\x19\x95R\x95\xd9#G\
\x11\xd9\xb4$\x81=\xaf\x89\xb1\x89qY\xebd\xcd\xca\
\xd5\xb2\x92\xd9\xfe\x02NJ9\xc3FhfP\x16\x96\
\xa8\x06 \xdb\x94\x19\x91\x07C\xa8\xa6\xa8\x09\x8f\xd4d\
@\x97k\xa0\xc7\xd5[Z\x14\xfc\x96E\xd1\x7f|\xf0\
//\xfe\xfb\x83\xbe\xd3\x17\xc9\x05\x97\x1e\xe0\xfe\xe0\x8a\
\xf7r\xce\xdf\x12F\xc1*\x06f\x1d(\xe0\x08X\x0a\
p\x94\x9e3S\xdbq>\x80#7f\xbd\xd1\xc0\xd8\
\xe4\x84\xac{B\xd5\xac\xf2\xc4\xe0\x04IS\x00\x00 \
\x00IDAT\xb0\x97\xddB\xe7d\x87\xcf\x91p\xb4\
\xa9)\xe5\xa7\xe1\xf6\x80\xe7{e\xf3\xfa@0Yp\
h.\xe0\x88j&_\x08\xbc\x05\xbdQ\x86\x98\xd8\x06\
\xc8\xbe\xe0O\x0cp\xe40\xa1{\xa08\x9c\x0c\xfe\xc7\
\x09\xb8IC\xc8\xe1\xd1\x11\x99\x80\xbbv\xf5\x9a\xfd\x06\
\x9c\xe4\xa6\x927\x96\xd2u\x04\x93\x92\x8d\xd2t\xa8\x9b\
\x90NU\xa5;J\x00J\xd0\x19\x06\x8a\xb9\x0c\x8a\xf9\
L\xe4\x22\x1a\xd5\xc1\xbf\xf4\x97\xef\xfe\xa3\xab\x17\x09>\
\x0e\xfam,5\xc0\xb1\x17\x9c\xff\xf6\xeb\xb8\xc0\xa5\x9c\
\xf3<Y\xfcO\x08p\xd4\xc0>\x06\x5c\x02\xb4\xf9\x02\
\x8el\xb82\xa9^\xa0\x18\x9a!\x89\xcdT\xb3\xbf3\
\xb7n\x06\x163\x12N\xaa\x8fQ\x84\x9a\x9eA\x94\xe9\
Bq`\x05\x02\xe8\x92\xfe\x14\xbb\x7ff\xb2\x11b\x9e\
gF\x07,\xbf\x0amr\xab\xac`,\xc3\x0c1+\
x\xb7\xfb\x9d\x87\xfb>I@M\xcaO$\xe5\x16\x92\
\x8c\x02\x02\x1cI\xf05\xabV\xb7\xb3\x06\xe6\xa3\xaaJ\
\xc9\xa5\x1b\xb0\xb29\xa9\xfaF\xad&\x1a\xf5\x1a\xc2\xa0\
\xf3%\xd1\xf9\xbeP*\xb1\x9b/ [(\x91\xf3D\
\xe8\x10_\xf4\xca\xfa%\x8cm\x0c\x8f\xc4z\x95K\x09\
pt\xaf\xfas\xce\xbd\xf4\xef\x19co\x17\x10\x94\x8f\
\xc3\x9e\x08\xe0\xc8\x80\x97=\xd0\xe2\x9c\xb0N\x0e\xe5\x9e\
\xc02#XTY\x82f\xd3\x93\x99\x04$\xb5d\xf9\
qw\xf7B\xb2R\x1d\x9b\xe3\xe9\x94\xb1\xaaH\xc0\xb7\
r0\x06\x8f\x03\xb322\xf8G$\xe7\xa4\x8e\x89\x94\
B\xe4\xbe\xf7}Yf\xae\xa0\x87\x18\xa0\x84\xf1\xc0G\
\xe8\xb7@e\xf8(4q \x80K\xca?\x10\xf0d\
N`\xec\x89L\xe2\x85\xbbFv\xc9Z\x95\xabV\xac\
\x92\x80\xdbS\xda\xd2\xde\xd4L\x0ag\x98NF1x\
x\x84\x96\xd7\x90\xb1\xbf\xe4\xfc\xd9\xef\x03\xb5\xfdL\xaa\
\x05\x9a\xc9\xc0\x16\x94G\x11\xdd\xc4C~U\xd6\xd0\xc7\
\xae\xba\xea\xc8\xeb?\xb0d\x00\xf7\xa67\xbd)\xdb\x88\
r\x03\xe3U\xfe\x01.\xf0G\xc9\x02>!\xc0\xc5j\
%\x81nO\x99\x02{\x02K\xbcs\xe2\xce6!\xa6\
*e\x19\x22p\x5c\x17Y\xaa\xdc\xec\xa8\xba\x97\x9d@\
\x98\x0b8i\xe3P\xda\x8e\xe1\xa2\x91\x1d\x04'\x0f'\
U\xe9\x92\xfd\xbe\x95\x8d&K\x94S\x80\x9a\xf2\xe8D\
\x88\x8c!PrM)Iu\xa6\xa1^)\x83G\xb4\
\x91g/\xe1|%Q\xc2\xf0\x97\x1b\xbe#\xe3\x9d~\
?26*\x89\xcc\x03}}\xd2>\xa5d\xd5\xf9^\
Wz\x8b\xe9E\xe6\xb8\xb02$\xe9\xb8zA\xd4g\
g\xdd(n\xa5\x0e;W\x00\xd35\xe5\x81\xf5\x9b\xd0\
\x04\xff~\xc1q>\xe4\x89\xe8\x81\x0dW]4z\xd0\
u\xba\x05\xbe\xe0\x92\x01\xdc\xeb^\xf7\xce!\xce\x8cg\
\x8c5Z\x97\x86\x11\x7f\xd9\xc1\x02\x1cm\x0er\x18$\
\x05\x85\xe6\xabR&\xd2`t|L\x96\x9as39\
\xe9\xd1\x93I\x9f\xd4\x11\xa7\xb30\xd1\x1e\x98\x1aT\x18\
\x96\x1c\x0b\xc3-\xc8\xee6\x22\xf0`\xb7\xaa\xd0\xb8\x92\
\x06t\xa8\xeab\x86\xe4\x5c\x92eHA\xf2\x9e\xc1\x15\
\xc8\x15K\xa8\x8c\x0d\xcb\x8d<\xf7\x98?0\x98\xb4\xe3\
\xe6\x02\x8e~\x1e\x9b\x98\x9046b\x89P\xad\xca\xec\
\x9cT\x9e\xb6\xf4\xdf\x83\xfaJ\x7f\x93\xb9q\x05R\x97\
\x87d\x1d\x97\xc0k\xa0:\xbaC\x16\x8fU\xaa\xb0\x8a\
\x07\xea\x96\x83\xee\x15k\xa4d\xaf\x97'\xe0\xd7*\xd0\
\x84\xf8Y\x7fo\xfe3A\x10\xfd\xf4\xaf\xae\xba\xe8\xb1\
\x05\xc6\xc7A\x1f~\xc9\x00\xee\x85\xe7_z\xb2\x10x\
}(p\xae\x10x\xea\xc1\x04\x9cL@\xddC\x05\xaf\
\xc7\x93pj\xd7\x00\xbbF\x87e\x88 \x9b-$\x0d\
\xe8\x91u\x9cYR\xaeS\xc2%\xea\x5c\xa9\x7f\x19t\
\xc7\xc5\xc8\xf0\xb0LP\xa5\xeaV:\xb8t\x9d\xb7\xf7\
q\x9c\xb1\x90\xd4\x14#\xfb\xafk`92\x85\x22\xca\
\xbb\xb6#\xf4\xa9V\xff\x81I8\x02\xe6\xde\x0075\
=-\x01G\xfcN*\xa0T*\x14\xe6-\xe1hZ\
d\x03\x10\xbaw\xdd\x80M\x8dR(\x09V7\xe07\
j\x88\xe4=C\x82\x8c\xe9&\xba\x96\xafFDEx\
\x89\xa0\xddjQ\xfd\xaf{\x0b\xb9\xec78\xf4\x9b\xae\
}\xdfE\xbf?\xe8;~\x81/\xb8d\x00\xf7\x9cW\
\xbf\xed\x19\x1a\xc7\xbb\x85\xc0\x19B\x885\x07\x0dp\xed\
\x04TU2\xaf\xb3\x82\xd7\xbe\x00G\xec\x92]\xa3#\
\x92_I\xb9_I\xef\x02Y\xcb\x92<\x80\xb1\x94\x9b\
K\x0f#u\xb1o\xe5\x1a8\xd9<&\xb6oF\x14\
P\x8d\x13\x95&\x94\xb4\x1c\xee\xdc\x17\x86e\x81z\xb0\
\x11\xa5\xda\x89{\x09T'F\xa53\xe2@l85\
wh\x03\x8ejtv^\x872\xbf\xa9'8\xc5\xea\
\x8a\xf9\x02z\xbb\xbb\xe7\x0d8\xbaN\xa2\xae\x92\xedF\
6\x9d\x9b/\xa2\xd0?\xa4\xd2\x8c\x1au\xc9\x0e\x97\xfd\
\xeat\x03\x85\x81\x15\xd2\xb9\xd2\x9c\x1c\x05\x0f|\x18\x1a\
\x1e\xced2\xb7\x09.n\xb8\xee\xfdo\xb9s\x81\xf1\
q\xd0\x87_2\x80{\xf1\x05\x97?\x8fk\xb86\x0a\
\xc2\x13#\x9e\xa4\xe4\xa8\xc2\xaej\x03=\xb1\x8coU\
Yj&M\xa6\xad6\xed\x89\xb8\xdbQ\xb5\x8b2\xc1\
\xeb\xcd\x86\xcc/#\x90I\xaf\xa7eJoeb\x1b\
u\x02N\xa6\xaa\x04>\xfaW\x1d\x83|\xb1\x0b\xb5\xb1\
a\x09\xb8\xa4\xcd\x94J\x1c\x9d\xbd,\xb9\xae\x1e8\xb9\
\x02t\xc3\x82W\x9d\x86W-K\xb0\xec\xa9\xec\xc2|\
UJz>\x8a\xc7Q\x1c\x9d\xee\xb3\xd3aD)<\
\xd4\xa3`b\xba,\x017\xd8?\xb0_\x80K^\x86\
\xf4/]\x8b\xd4\xcb\x81\xb5'bb|\x0c\xf5Z\x0d\
\x8cB'\x94\x91a\xdap\xba\x07\x116\xaa\xf0&\x86\
\xa1\xf9u\x98L\xec\xcae\x9c\xdf\x8a\x08\x1f\xfa\xdb\xbf\
\xba\xf8\xd6\x83\xbe\xe3\x17\xf8\x82K\x07p\xaf\xbe\xec\x85\
\x1c\xf8x\xc8\xf9j\xcey\xe1`K8\xd5\xecC\xd9\
r\xfbrxtV\xed\x9a\xacL\xcb\x98\x1c\xd5\xde\xa7\
JW\xb2\xce#u\x9a!\xd0\xc5\x05UgI8\xc9\
\xd8\x8f\xe0\xe4\xf2ps\x941\xe0\xc2r\xa8\xaa\x16\xc3\
\xf4\xd8.\x99h\x9a\x949Wv\x22G\xb1o\x19\x9c\
L\x0e\xa1\xd7D\xabQ\x93\x9e?U\xcd\xeb\xc0\x98&\
\xf1\x1bJ\xf6\x1f\xa7\xa0;\xe5\xac\xc9nB\x9a\x06n\
XR\xad\x8d\x82\x00\x13\x95iI\xce\xee\xa5\xae:\x0c\
\x88\x88w\xc9b\xa2v,&\x15P\x95\xd2Ky|\
\xa4J&\xbcRR\xb9\xc9\x9e#\xc7\xcb\x8a\xe5\xcb\x11\
\xd5\xa7a\xf2*\xba\xb2-\xe8\x1a\xd1\xdcl\xd4\xd9\x00\
&\xaa>\xa6\xa6\xa6\xe0zS\xb0xP6um\x8b\
`\xda\xff\xfd\xc8\x86#\x8f\xe2\xb5d\x00\xf7\xc2\x0b.\
{\xb1\x10\xe2\x1f\xa3\x88\xaf\xe0B\xc8\x92S\xb4\xd8\x07\
K\xc2%\x81\xf0=\x95X\xd8MjtH\xb8j\xa3\
.cVTb\x8e\xc0C^DI<\x96\x9dU\xa9\
\xa4\x9e\xcatN\xd4\xcb$\x0d\x88~oZ\x0e\xf2\xdd\
\xbdpIz\x99&j\x93c\xf0jU\xf8-*\xac\
\x93\xf4\xb1\xe3\xe8\x1eX\x0e\xdb\xcd\xa0^-\xc3o6\
\x11J\x15\x142\xed\x85\xb3\xd9\x81\xf6N\xe1H\x7f\x8f\
\x19\xd5Jem\x8bm\xb5\xec\xbe\xd0D\xc8\x05\xa32\
v\xf2zD33l\xd9\xe7\x80l\xcaJ\xa3!_\
@9W\xb1MB\xcd@\xa0\xcd)\x9f'k\xc0\xa8\
R\x0e\x048\x0axS\xb6|bZ\x92Z\x99\xb1L\
\xf4\x97\xb2(\x89)\xf4\x9ae\x0c\x16\x9b\x12p\x01\xb7\
0\xee\x0f`[\xd5\xc4\xaer\x80Lu\x18f\xd0 \
#o\x0aB\x5c\xbemS\xcf7\x8e\xb4^\xe0)\xe0\
b\x1bN\x82\x97br1\xf3\x22\xc9 \xd8\x93K\xbf\
S\xc2Q\x7f9\x02\xdcDyR\xb6\x8d\xa2\x86\xf7*\
\xbe\xa7X\x22t\x90\xc4#i7\xfb\x98)(K\x1e\
K\x87\xaa \xe7\x8b\xf0\x9b\x0dT'G\xe3.9@\
$\x18z\x06\xa8(O\x06\x93\xd5:\xc2f\x1d<h\
I\x88\x04\x9a\xc9\x02Mq\x1d\xdbG\xc7\x8aF\x9a%\
(5\x86\x8e\x88i\x8c\xabL\xa6$08\xfbC\xf2\
s\xea\x9e$\xdf\x11L&\xaa\xcar~1GTJ\
\xb2=\x94@\x97\xfd\xee\xe2\x9a%D\x06\xb7\xe94\xb2\
_Ik \xfe\xa4\x88\xc0x\x88\x93\xb3\x9b\xb1:3\
\x8e\xbcK\x9cJ\x81\x90\xfa\x84\xb3>l\xf7\x06\xb0\xbd\
\x9aG4\xfc\x18\xe5\xfd\x09\xa61\x1f\x22z\xdb\xd8\xe6\
\xda\x8d_\xfa\xd2U\x8d8\x11~\xce\xfc-\xcd\x1fS\
\xc0u\x02..\x7f\x9e\x94\xce\x9b\xd9\x9bs\xa6\xa9C\
\xc2Q5-\xf2\xe8\xed\x18\xd9%;\x92\xe6)\xaeD\
\xaa\x99t\x81G\x8a\x81bS\xb9\xba9\x80\x8b\x89\xca\
\xe4&oi\x06\x98\x93\xc3\x8a5\xc7\xca\xb8[yr\
L\x06\xbb\x15\x09XG\xb6\xd8\x85H\xb70R\xae\x22\
\x0cZ\x10q\xe3\x0e\x92nQ\x5c\x22A\xa9\x97m\x11\
\x16K@]\xaa\x89\x12<\xb2\x94DGy\xf5\xb8\xdf\
\x00I#\x83Qk\xa9\x99\xba\x9cT\xa6\x8f\xeae\x12\
\xb1\xb9\x8d\xc38\xfd(Qc\xdbR_\x0a\xb3dl\
Up\x82F\xa2\x9b!\xf5R\xaa\x95^\x03\x8d\xe9\x09\
\x9c\x9e\xbf\x1f\xc7f\xc7\x91\xb1\xa9W\x83\x06\x0e\x03\x81\
Q\xc4#\xc1J<\xd8\x5c\x06gj\x1bt_f\xb6\
\x87\x1ac\xef\x0b\xe1\xdf\xb4\xfd\xbe\xde-G\x92\x94[\
2\x80{\xc1\xab\xdf\xf1\x12\x08\xf1\xc9H\x88!\xce\x85\
\xd4q\x0e\xaaJ\x19\xab}\x14\x04\xef,\x95\xb7/\x09\
G*b\xb5^\xc5\xe6\xed[\x91\xcd\xe6Q\xc8\x17\xe5\
fky\x9e\xb4_\xa8D:\xf5\x5c\xdb\x1b\xe0\xe89\
\xa6\xb8\x01\xcf\xcec\xdd\xba\x93\xe1\x9a@\xab:\x86\x1c\
\x9aR\xad\xf3\xb9\x85\xc8\xce\xa0\x12h\xd8<\xde\x90E\
U\xdb\xb9wI\x0e^\x0c\xa4D\xbdVs\xd3\xd9\xa0\
$\xae\xbc\xb2\x87~\x06\x048\x93\x11\xe3\x84\x00Gm\
\xacT]L\xf9E\x01\xf9\xb8qc\xe7FI:\xb8\
&k\x90\xc0\x5c\x86\x03d\x89>U\x1f\x86\xc40E\
\x15\x1b\xb5\x0a\xca\xa3;qZ\xe6w8\xde\x1dC\xc1\
.\xc6/\x01\x030{\xb0I\xac\xc1\xc6`\x05\xba\x9a\
#\xb2[*\x84\x88\x98&>a\xc0\xb8ijgp\
\xd7\x0d7\x5c\xba\x17n\xd8\xd2\x93rK\x07p\xaf|\
\xfb\xcb9\xc3\xbfp!z\x85\x10\xd2r?\x98\x80K\
B\x02\xf3a\x89\xcc-uN.\xf4m;\xb7\xc9 \
o\xc6\xcdJu\xb0\xe5{\xd2m\xdf\xdf\xdb+\x0b\x0e\
\xb5\xb3\xc2\xdbBHBY\xfe4\xc1\xb2\xa8\xda%\xac\
\x1d\x1a\xc4\xda\xdc4V\x9b\x9b\x91\xb58\xf2\x96\x85\x82\
Q\xc0.a\xe3\xa1\xaa\x85_\xef0\xe1G*\x9f\x8c\
\xc0\x90\xd8\x86\x14/\xa3jc\xbb\xf5\xb1\x9b5\xd6\x8c\
6)\xf9\x9c\x9c\xb2\x1e\xa8\x9b\x8f\xea\xe8\x03A5]\
 \x89\xd4\xf4sB1K\xfe\x95\xce\x115\xe9J+\
\xed\xfc\xb7s\x17\xb5\x0d\xc5x\xf0\xf8\xe5S\x99\x9e\xc2\
\xf2\xe0\x01\xac6\xb6\xe1\xd8\xee&x\xe4\xc1\x8b\x5cx\
\xee\xd3\xb1\xd3X\x83\x9d\xe8F\xc1\x9b\x80\x13\xd4a\x8a\
 \x8a\x04\xfb\xf7\x90\xe3f6\xdd\xf8\xfe\xf5\xd7_\xb1\
{\x84\x7f\xe9a\xad\xad\xcd/\x89[?\xe7\xfc\xcb^\
!\x84\xf8\x1c\x17\x9c\x00\x17\x97U8xN\x93$/\
n\x7f\xe3p4y\xe40\xd99\xaa\xea\x97\xca\xa6\x16\
\x14\xd4\xd5T)\xbaR\x81z\x12\xb8\xca\x81\xd2yt\
\xe4\xbe\xd5\xdd\x1ex\x99^\x94,\x86\xe3\xdc\x11\x9c\x9a\
\xd9\x0c\xcb2\xa4*\x9aq2\x98\xe2:\x1e\xabg\xf1\
\xcb\x91^x\x91\x11\x97\xf4S*\x22}I\xc7L\x0c\
_\x22S+U\xb8\x03\x05\x09X\xe2\xf1e\xcf\xef\xb8\
\xd5U\xd2\xdc\x83\xbc\xa1\xf4=1\xfce\xca\x9dlC\
\xa5\xac'\xd9\x90jN\x1b\xb06\x96\xf7\x90\x0387\
\x83\x9e\xfa\x92S\x9d\x13\xb7\xbe\x05\xc5h\x04\xfdYr\
\x0aE`f\x01\xb9\x81\xd31\xc5\xba1\xda\xd2\x90\xf5\
\xa7e-N;jr\xc1\x83\xfff<\xfa:o\x04\
_\xf8\xf8\xc7\xffLy\x91\x8e\x80c\xc9H\xb8C\x0d\
8\x220\xcf\xcd\xfeV\x1bw\x0fe\x13\xe6t\xcf!\
\xc7\xc9\xf8\xd4$\xbcVS5\xa1\x97\xae\xf0\x1cJ\xc5\
.Yj\x9c\x80C\x95\xb8\xe6\x02.\xd9\xc4\xbc4\x84\
0\xdf\x0fQ\x1d\xc7\x1a};\x9e\x9c\xd9\x06\xcdp\xc0\
l\x13p\x0dp\xa1a\xc4/\xe1\xee\xcaZ4#\xb3\
\xddc.\xe0\x90u )\xb6\xa7\xd4\xb9\x19\xc9\xd4\xe9\
Y\x9d\xdb\x09\xa7\xb3\x14D\xfb\xf9:\x9c!\xca&\x9b\
\xbd5\x9e\x08\xe0(dBs\x12V\xc6\x11y\x8aS\
I1\xc5B\xa1\x88\x13\x8e?\x1e\xf5\x88ax\xb2\x02\
7\xacK\xc0\xb9~U\x18h\xdd\xab\xf1\xd67C\x8f\
\x7f\xe4\xa3\x1f\xbd\xea\x88)*\x94\x02nN\xa9\xf3\x03\
\x91p\x042j\xf8Q\x9e\x9eB\xbdY\x97\xe5\x16\xc8\
\x96+\x16\xbb\xa4\x87R\xe6\xdcY\xe6\x1e\x9a:*g\
\xc3\xb4\xd5\x85i#\x0f\xdd\x9b\xc61\xc6#xr\xf6\
~\x80\xa9\xba\x91\xb6\xeb\xa0\xdc\xea\xc1\xf6\xd6 \xee\x0b\
V\xa3\x05\x15j \xc9C\x9a\xa0d&\xce\xca\x02\x8f\
\xe5[\x07`\x16\x1apt{2%\xc8\xf7\xc0Ce\
\x8eQ\x18\x84r\x08\xd7\x0e\xf5\xa1\xda\x0a1<Y\x85\
\x11\xb5\x90\x09*(\x04e\x0aV\xee\x14\x91\xf8\x96\x11\
V\xaf\xfe\xf0\x87\xaf>b\xfa\x0d,\x1d\xc0\xbd\xea\xed\
\xe7r!>\xcf\x81n\x08!=\x02\x07\xd5\x86\x93i\
*\xaaA\xe3,\xcdo\x1e\x12\x8e:\xa5V\xeb\x0d\x8c\
O\x8e\xc9\xb4\x16\xd5\xa0\xbe \xa5\x9c\xea[\xa0\x92\x5c\
g\xf5-\xe8\xa8g9\xae\xe51\xc9\xb2px\x03\xfd\
|\x0b\x96c\x13,\x83\x0a\xc4\x9a0\xac\x1c&\xa2e\
\x18\xe5\x03\x18\x16\xdd\x88\xb4\xdd\xdb\x01's1#\x95\
fK\xa8\x85\x06\x5cb\xabJ),\xe9k\x14\x82\xd1\
\x91u,\xac\xea-\xca\xc2\xb1\xc3\xe5\x1a\x10\x85\x12p\
]\xde8\x9dW\x03\x17\xdfeM\xbcs\xeb\xd6\xff\x9e\
\xba\xf1\xc6\x1b;S\xdd\x97\xacr\xb9d\x00w\xf6y\
\x97\xbe\x92\x01_\x02Pl\xdb\x0f\x071\xf0-\xdd\xe3\
D\xed2\xf7\x8fiB\xf7\x22\xeb\x94x\x1eF\xc6G\
P\xabU\xd1\xd3\xd3'\x9d'\xb2\xb2\xf1<\x017\xa5\
\xe7P\xd49Xm\x02Ay'Jn\x0b\xban\xc2\
\x13ET3\x83\xf0,I\xae\x91!\x87\xbd\xd1\xb7\x16\
;\xe0\xd4\x03\xa8\xa6\x1et\xb8\x96!\x01Wo\x05\x18\
\x99nH\xd58\xd3\x9aFwsX-\xb1\x10?\x8c\
*\xf5\xb7\x95\xcb\xd3\xc3\x9f\xff\xfc\x06\xc5z^\xe2G\
\x0a\xb8X\xa5\x94\xe9\xfe\xb2\x81\xe1\xfe\x03\x8e\x0a\xabR\
N\xdc\xae\xd1]\xa8\xd4*\xe8\xeb\x19\x90ApJ\xad\
1\xc8yB)61\xf8f\xe2W\xca\xe1!\x04\xc3\
\x84\x96\xc74\x95\x94\xcb\xd8`\xa1\x87\xa0^\x15,\x98\
f\x94\x03\x1e\xe8ED\xa6\x0b\xae+\x1b\xf0H\x02\x1c\
9\xaaz\xf2\xaet\xf8PS\x13R-\x8d\xe64\xf2\
\xde\xb8\xac}\xc2x\xf4?\x5c\xf0\xf7\x06a\xb8\xe9\x9f\
\xae{\xe7\xc4\x12\xc7\x9aZ\xbf\xa5\xf2\x10\x87Z\xc2%\
\xd4.b\x87$\x95\xa5\x92\x09z<j\x17\x9dC\xee\
u\x92r;\x86w\xa2\x5c)\xb7\x01'\xb3\x07tU\
\xc6A\x86\x05:\xbd\x852\xbeE.x\x0d\x13z\x0e\
\x15\xab\x80\xee<5{\x04\x15\x19\x12~\xbd\xcc\xa8^\
$\x81\x8d\x82\xc4m7\xfc\x12\x95p\xf2\xfe\x93\x97\x9b\
\x16{B\x19\xe0\xda\xa6,\xf1\xee\x18:\xc6\xaaM\xf0\
f\x15\x19\xaf,{\x81\x1b<\xb83\x04>\x22\x98\xb8\
\xeb\x13\x1f\xb8t\xebR\xd9\xab\x8fw\x9f)\xe0\x9e \
\xd3$\x99\x5cr\x9do\xdb\xb9\x1d\x13S\x93\xe8\xed\xe9\
\x93\xd5\xbc$\x999\xb6\x0b\xe7\xda\x86\x92\x891\x0bp\
E\xf4\x16s\xb2W\x5c\xdd\x0f\xd1\xa2\xd2\x0dQ4+\
\x80\xbdT%\x5c\x92\x05N6\xac\x8awR\x89\x8a\x08\
~H\x99\x11@_!\x8b\xde\xbc\x8b\xed\x93U\xf8\xf5\
\x1a\x1c\xbf\x0a7\xac\xc2\x08\x83{\x9b\x9c\xfd\x0b7\xd8\
-\xff\xbc\xe1-\x1bS\xc0\x1d\xc6\x19x\xc1\x1f\x5c\xf6\
4\xc1\xc5eQ\xc4\x9f#\x848^\x99\x03\x07/\x0e\
\xa7\xae\x15o\x88\xb8X\xe9|%\x5c\xd2\xee\x97Z=\
\x8dOM\xa0\xbb\xd4+\x19\xf2\xff\xbf\xbd+\x8b\x95\xe4\
\xbc\xca\xa7\xfe\xda\xabz\xbd\xddw\x9b\x19\x8fg<\xe3\
\xc4\x89\x89Ipd  \x22B\xe0!\x08\xa4\x08\x0c\
H<\x80\x94(\x02\x05\x11x\xc8[\x04d\x11$ \
0\x08\x88x\x88@,\x092\x90\x0dA\x82\x12\xb1\x0a\
\xc5Ip6\xe4q\x123\x99\xf1\xc43w\xef{\xfb\
\xf6RU]]\x0b:\xff_\xa7\xfb\xef\x9a\xea;}\
\x9d\xb1o\xf7x\xae\xe6N\xf7\xed\xae\xea\xae\xed\xab\xef\
,\xdf9\x07\x1b\xad\x22\xe0D\xcaa2\x18S\x08\xb8\
Z\x99\x83\x10}\x1a\xacECy\xd8M\xe1\xf9\x17\x8a\
\xe1\xe4s9m\x9cr\xe6\x83\x8d\x12t\x14P\xe27\
-l\xad \x825\xc4\xc8tL\xe5\x94\x82c\xea\xd0\
\xac\xd8\xd0\xee\x07p\xd0\x0bx\x10e\xa5\xea\xc2r\xc5\
\x81\xeb\xad\x0e\xf88\xa15\xf6\xa1<h\x83\x1eyO\
\x0f\x13\xf5\xc31\x8b?\xf5\xc1w\xbf\xed\xab/\xe2\xe5\
\xf6\x82}\xd5\xc20\xdc\x9b\x1e}\xe7Z\x94\x86\xaf\x0d\
\xc3\xf0\xe7\xd34\xfd\xd1\x14\xd2\x9a\xa2(\xd8HH\xd8\
\xc6\xdfa=\x1c]\x1c\xa8\xd6\xa0\xfe&\xb3\x02\x8e'\
\x91\xd3\x04\xaeo\xde\xe0\x0cW\xaf5x\x84\x12\x1b\x0b\
\x1d\xcdp\x0c\xa2\x94\xc1>+A\xd7\xa8\xc0r\xad\xcc\
C\xfd\xdd`\xc8\xab\xc0\xb1\xcf\x87\xac\xe8 \x86\xc0\x1b\
\x03uk\xa6+\x83.\xea\xd1\x95\x92\xe9\x18\xb3\x833\
q\x01\x91>r\xb4n\xde\xbb(\xb8*F\x89t.\
\x8f\x94\xd5&\x19\xc8\xf0F\xc0\x01'&\x0dQ\x87e\
d4\xdcn\xae\xcd\x04\x00\xd7\xd2\xe1\xf4R\x19v\x0e\
=\x1e\x99\xc4@I\xb3\xecp\xc0m\x1c\xf4\xc0\xf3\x03\
P\xe2\x10\xaa\xc1\x1e\x98\xc3\xfe31\xb0\x8f1%\xfd\
\xf8c\xbf\xf5\xd6/\xbe`(x\x11?xa\x00\xf7\
\xf0\xc3o\xd3WVL;\xb6\x92\x9f\x8eSxs\x92\
&?\x94\x02\x88\xd0\xddm\x02\x1c\x8d\xfbE\xa5?\x8d\
\xb1\x9a%\xf1\xcd\x8bJ\xa3\x086\xb7\x85\x0f\x87\x0c\x87\
U\x03\xd8\xe3\x04\x03\x03\xc8pE\xd2.l\xa80\x00\
\x0d\xda\xcc\x05\xcf(s\xc0\xa1\xe4\xea\xd0\x0bxE4\
\xea\x12\x09p\xf89e\xdb\xe2\x91=,\x9f\xc1Z6\
b\xf9\xc2\xeb\x05\x81\xc1\xf3_8\xc0\x83KGF\x8b\
\xe1\xe7\x8az\xba\xac@\xe0\x96\x17\x9c\x00\xd0\xa8\xee\x8d\
\xa1(:\xd3^\x8eD\x00\xe3o \xf0#\xf0\x0c\x0d\
g8h|l\x15\x1eK\xdc\x0f\xd76a\xbf\xebC\
\xab\xe7A\x10\xc6Pw-h\x94,h\xf5\x03\xf0\x06\
C\x18\x0e#\xa8{[`G\xbd+*S\xfeEa\
\xf0\xb7\x1fx\xd7[\xee\x881V\x0b\x038\xba&~\
\xfc\xcd\xbf\xf6\x8a\x10\xa2\xd7\xc7\x0a\xfcb\x92\xa4/\x83\
4\xe1\xc3\xa8\x8f\xc3p\x22\x1f\xc65\xedB\xddN\xb2\
\xa5l\x04\xb1\xe8\xe2%\xc4R\xb3\x00N\xb4/\x1f\xc0\
\xf6\xee\xd6DZ\x00A\x86:G\x04\x5c\x91\xb4+\xe6\
\x80\xd3\xa1\xcd\x1c\xf0\x8d2\xac\xd4k\xbcQP\xbb\xe7\
q\xc0!b\x08p\xa8TY]\xaa\x82\xa91\xee\xdb\
\xb5\xba\x1e\x1f~(J\xcf\xc6\xa7\x91\x82\x13b=\xf1\
:\xc9\xbd\xc612\xeck)\xf5N\x19\xd3b\xbe\xfa\
&+rE\xd7\x12;\x91\x09\x84b\x9d\x1d\x01\x90\xa2\
\xa6|\x04\x187\xcb\xc5\x87\xa1Y\x89\xfb\x8e\xcc\xc6\xa7\
\xc9f\x9b\x88A)\x8c\xc6\x22\x8b\xe3\x08+/\x08\xc1\
54\xa8\xd9&D\xd8>0\x8c\xa0\x1b\x84P\xf5v\
\xc0\x89\xfaW\x0d\x96|\x06\x94\xe4#\x1fx\xd7[\xff\
\xeb\x96\xf7\x85\x05X`\xe1\x00\x87\xc7\xf4\x0d?\xfb\xce\
\x0b,\x8d\x7f)\x1e\x0e\x7f8M\xa2\x07\xf1F\x8a*\
Fy\xa6\xf5\xd8\x14\x13\x05\xa0\x22B(\x86,r\x93\
Q\xd5\x84\x1cj4\xfaw<\xd0\x9e;\xf6\x99\xaf4\
\x0b\xe0\x90\xdd\xba\x9e\x07{\xad\x1d>\xd2wyy\x95\
O\xd6\xa1\x91\xc6X\x8cZ$\xed\x9a\x04\x5c\x05\xd6\x1a\
u\x1eLhu\xba\x82\x81$\xc0\x95\x1c\x0b\xeeYi\
b\xcf\x0f\xf0\x83\x10\xae\xef\xed\xc3`\x18e&\x5c\x06\
:\x1e\x08$0\x8cKqH\xca5\x92le\xc0\xa1\
\xba7\x09o\x19\xc0%\x00\x8b\xbbY6\xdd\x87\xac\x09\
\x11q\x1c\x83[\x98\x8d\x18\x0c!\x01\xb5\xf8[\xd4\xdf\
a\x85C\x10\x8and\xb6\xae\xc2J\xd9\x860I\xa0\
7\x18B\xc7\x1b\x80\xa6\x00\x94\x90\x05m\x13\x82(\x81\
\xdd\xae\x07np\x00\xce\xb0\xff\xac\x03\xfe\xbf1H\xfe\
\xeaw~\xe3m\xff\xb9\x00x\xba\xe5&.$\xe0\xbe\
\xff\xd1_\xb7M\x80\xd3j\x9a\xfc\x0c\xa4\xf0sI4\
\xbc\x0f\x14\xc5\x9d\x15pb\x88\x87\xc6\xcbH\xb8/\x94\
]\xd8dR\xf2\xbbrV\xae3\x0b\xe0\x06\xc3!\xb4\
\xbb]8h\xb7`\x10\x0e`ey\x15,S\x0c\xad\
\xe7f\x95.\x18\x8e\x9bZtJ\x14\x05d\xc0\x05F\
\x19N5j\xdc4\xdd9\xecq\x06\x22\x93\x11\xd7\xc3\
\xd6{\xcdJI\x00WQ\xa0\xdd\x11\xfe\x0f\x96\xe4P\
\x9f~\xcc\xf9\xe1g\x0a\x0b2\x01\xbc\x9d`\x0d)M\
<\x15\xccNl\xa5rp\xc8Bc21'\xaf\x9a\
\xcc_\xcb\xccO\xce\x98\xbc\x10UPY\x84Z\xceL\
\xba%\x8eU\x96\xdc\x96\xa2\xbf|\x8cr\xb6?\x96\xae\
B\xb3d\xf2`\x89\x1f\xc6\xb0\xdf\x0f\xf8y0u\x15\
N\xd5K<r\xb9q\xd0E=%X\xc3\xcef%\
\xdc\xfb\xa2\x92\xa4\x7f\xf6\xfe\xf7\xbd\xe3\x8e\x98\xa8\xb3\x90\
\x80\xa3\x0b\xe2\x87\x7f\xea\x1d\xdf\xab\x80\xf2FH\x86\xaf\
\x07P^\x01\xa0\x9c\xc9\x8bl\xf1\x02\xc83\x1c\xf7\xa9\
4]\xcc\xd3\xe6\xf5[\xc2W\xca\x03\x8e_\xcc\x05B\
\xde|y\x0e\x8a\x97q\x14q\xa7w\xc8\xcd\xbdFs\
\x05,l\x0dG&\xea\x14i\xd7$\xe0*p\xbaY\
\xe3\xac\xb5\xdd\xc6\xe95c\xe14\x9aa\x98\x90\xc7\x8b\
\x12{\x8c s\x1e\xe4\x00G\xa0\x13\x8d\xf6\xf0\x1e\x22\
dT\xe2~\x92\xc9\xa9\xb2\xed!\xf3\x9b\xa9\x19\x0bN\
P\x9c@\x96|c\xa0 \x0b\xbd\x9a\xa2}\x98Y\x0c\
\xe2\xa6%\x06\x9c\x8c\xef%cS<\x1f\xccA\xc05\
\x5c\x9cK\x070\x18\xc6\xb0\xd7\xf5\xf9\xfco\xdc\xc7\xb3\
\xcd\x0ag\xc3\xeb\xad.\x18\x91\x07f\xd8\xdd+\x0d\xf6\
.\x01\xc4\x8f=\xf6\x9e_\xf9\xe4-\xe9c\x01\x16X\
h\xc0\xe1\xf1\xfd\x917\xbf\xbd\xa11\xf5\xd1$\x85\x9f\
H }\x03\x80\xa2OF/o\x06\x1cODk\xa2\
\x8d\x1dM5\xfdN\x00\xe7\xa3\xac\xab\xb5\x07~\x80\xdd\
\x00\x00\xea\xf5\x06\xaf\x12 \xc0\xd1P\x0e|\x1c\xe9\x1a\
\xf3\x0cgV\xe0\xd4r\x03\x82p\x08;\xfb\xed\x11\xd9\
\xe0v\xe1h'\xf4+\x87Q\x94\xda\x96\xa9\xa0\x0eq\
\xa7\xdd\xe5\xe6\xe7\xe8\x06\x93]lEJ\x14\xf1\x9d\xe3\
h\xe2\x040h\x88d\x16\xfc@\xdf\x8b~h[\xc5\
\xb1\x19\xeb3\x05SKz\xcdQzf\x1c\xbd$\xcb\
`\x1a\xe0\x90]q\xdc\xf2v\xc7\xe7\x8f2\xe0n\xb4\
\xb0!n\x08z\xe4\xb7m\x7f\xff*\x8b\xa3\xf7\xff\xe9\
{\xdf\xf2\xf7wB\xab\x85\x85\x07\xdc\xa3\x8f\xfe\xa6q\
\x08\xad\xd3\x10\xab\x8f\xa4,}\xa3\xa2\xb07\x02\xc09\
\xba\xe1\x161\x9c\xe87\x22\x861\xe2rCl\x87\xc0\
)el\x9e!\x18ge8\x9c4\xb3\xb5\xb7\x0d\x83\
A\xc8\xfb\xa2T\xabK\xbc\xc2\x9b\x00G\xe1|>]\
\x87Z\x22\x1c\x03p\x15\xc7\xe2\xe6_\xdf\x1f\x00\xfar\
\xf89\x8b\x0a8\x0c\xfa\xd4\x1d\x9c\xad\xcex\xd0'\x0f\
84=\xb7\x0e\xfb<h\xa4\x0dz\xfdZ\x7fk{\
\x18\x06\xef\xfd\xe0\xfb\xdf\xfe\x114H\xb2\xdf\xc9\xb0\xeb\
\x020\xdb\xe8&\xb7@\xdb*o*\x0f.\xd2M\x1d\
o\xdf\xaf{\xc3/\x9c\xb5\xca\xf6C\xaa\xaa\xbe\x891\
\xed\x11\xc6\xd8\xc58M\xb1\xc3\x8ez\x93I)\x01\x0e\
A\x86&%\x9e|\x1e@AMe\xe6\xc3\xcd\x0e8\
\x8f7\x84\x1d\xc6\x11/\xcd)WjB;\x99\x99p\
\xfc\x91)\xbc\x93\x17\x05c\xf8\xf7JQ\xca\xc0\xac\xc0\
\x99\x8c\xe1\xb6r\x0cW+\x09\x7f\xf0\xa0\xebA\xd5\xb5\
x\x0b\xbeE\x05\x1c\xa6\x09pF\x026k\xc2\x88,\
\x01\x0e\xd3\x05k5\x97[\x1d\x18\xb9\xec\x05CH\xfd\
^P\xeao\xb5C\xef\xf0=\x1f\xfa\xbd_\xfd\x9b\x0c\
lX5\x80\xbf\x04:\xf9q\xee/\xe7Ed8\x02\
\x1b\xaay)\xf6\x8d2\x0e\xcdu\x97\xf5\xf3/{\xf0\
\xcc\xea\x99\x8b?V\xae\xd4~y0\x8c\x1bq\x9a\xda\
G\x01\x8e\xcc&\xf4\x9d\xe2TL\xe8|\xbe\x80C?\
\x06\xab\xbc\x1d\xb7\xc4\x832\x048\xea`eb5B\
\x96\x08\xce\x03n`V\xe0\xecJ\x03\xfcp\x08\x1b\xad\
I\x93r\xa9\x82\x17\xa2\x02\xbb\xed.T\x5c\x1b\x1c\xd3\
\xb8\xe3\x00\x87@+9\x06\x94M\x03\x5c]\x85\xad\x8e\
\x07^\xaf\x17\xea\xc1a\xaf\xd7\xde~\xdfG\x7f\xff\xed\
\x1f\x96\x00\x87!Od;\x02\x9f\x0c\xc0\xb9\x06\xdd\xa2\
\x00\x0e\xd9,\xff\x8b \xc3\xd70\xf6L\xbfZ\xa3\xb1\
^Z?\xff\xca3K\x8d\xd5W\x1av\xed!M7\
\x1fb\xaa\xfa\xaaT\x01\x937\x93\xc2\xb4\x00\x13\x1d\x96\
y\x9e,K\x1c\xa1Y\x89L\x87\x18\xe6\xfdA\xd4L\
11C=\x1c\xb6X@\x86\xc3[\xadn\x18\x5cG\
Y\x048\x03+\x07x\x8eO\xb4I\x18\x82\x06]\xc5\
\x84.\xb3!1\x5c\x0e8\xf4\xe1n\xe4\x00\xd7\xa8\xb8\
\x9c!\x91\xd5*\x0e\x8e\xc42`\x0f}\xb8L\xfa%\
G?\xe7\xdd\x87\x9b\xc6p\xb8\x7f\x18\xccZ*Y\xb0\
Zu\xe0\xdb{\x1d\xe8w\x0e\x13'\xec\x0c\xdb{7\
\xde\xfb\xf8\x1f\xbc\x03\x19\x8e\x00\x86\x80\x93AG\xcf\x11\
l\xb4\xcc\x5c\x02o\x9e\x01G\xec\x85\x8f2\xa8\x08d\
\xf4\x88\xc0\x93\xdf\x1f=\xff\x9e\x1f\xf8\xc9\xef\xae.\xad\
>\xac\x19\xe6#\x0a\xd3\xb0_w]S\xb5\xaa\xaa\xaa\
\x1auG&\xc0\xf1h%\x97h\xc1\xa8!\x0f]\xc8\
y=c>JI\x80\xe3\xcd]usT\x9a\x93g\
8\x1dk\xe3\xb2\xf9\x05\x18)\x0c\x15\x0d\x0e\x98\x03}\
\xc5\xe43\xe2\xa6\x01\x0e\x19\x0e/H\xcep\x8e\x0d\x96\
\xa9C\xab\xdd[L\xc0\xe1\x80\x104)5\x0cX\xa5\
#\x93\x12\x8f1\x9e\x0b\xd4Y\xde\xbb\x5c\x81+\xdbm\
\xe8\x1d\x1eB9l\xc3\xc1\xces\xbf\xfd\x8f\x7f\xf9\xbe\
\x0f\xf7\xf6\xfb!\xc0\x00\xc1\x85\xa0\xa2G\xf99\x82\x0c\
K\xca\xf1\xbd\xb945\xe7\x19py\x10\x11\xc3\x11\xc0\
\xf0\xef<\xd8d\xc6\xd3\xcb\xe5\xba\xa5\xdb%W3\xf4\
\xd2\x99\x0b\xaf~\xb8\xba\xb4\xfe}\xb6\xe5<\xac\xa9*\
\x82\x8e\xfbB\xf2X)\xa1\x89\xc4\x1e\x8dB\x80K\xa9\
\xa7\xdb\x0b8\xac\xbb\xc3\x9a;\x06\xc3\x19\x01W/\x0b\
\xc0!\xab\xa1I\xb9H\x80\xe3\xc7\x90\x92\xe4\xbc).\
\x03\xc7\xd4\xc0\xd1U\x9e\xff$\x1fN\x88\x9e\x15hV\
\x1c8\xb72\x09\xb8\xc3\xbd\x1b\x8f}\xe1\xd3\x7f\xfd\xf8\
\xb5o\x7f\xb3\x17\xf6z\x08(\xd9\x94\xe4\xa3\xf6\xb2\xd7\
\xd0D!\xf6\xc3\xd7\xe5 \xcb\x5c0\xde<\x02\x8e\x1a\
P!\xe0\xb8o\x963\x1d\x8f\x02\xd9\xc8\xb4\x94\xd6\xe3\
\x9fq\xfa\xfc\x83\xa7k+g\xee\xb5-\xf7|\xb9\xb6\
|\xbeT\xaa\x9dsmkUSU\xd1\xc7;\xfb!\
\xb9\xd7H\xa9r\x0c\x93r\x16\x86\xc3\xe44\xcd\xd5\xc6\
>\xfd\xb30\xdc\x5c\x00.k_>NC\xcc\x96\x16\
(\x02\x9cmj`k8!5\x85\xbd\x1e\xa6\x05\xb2\
<\xa8\xa2\xf0\x82\xd4\xb3\xcd2\x5c\xdb\xe9@\xb7s\x18\
\xdb\x83\xc3A\xeb\xc6\xe5?\xf9\x8f\x8f\xfe\xf1\xc7\xbb\xfb\
;\xfeP\xcc\xd8\x92\x01'3]\xfeu\xf2\xf3\xe6\x06\
x\xf3\x0682\x1f\x89\xbd\xf2\x80\xc3~\x94E\xcc7\
\xe1\xc7I\xcc7f<1\xc8ZSA\xb5/\xbc\xea\
\x07\x1f8}\xee\x81\xd7T]\xe7~\xc30\x1a*\xd3\
0\x13k1\xc6t\x86}\xee\xa4\x9fY\x94&\xb3\x9a\
\x94\xe8\xc3q]!\x8fZ\xaa\x10\xb1\xe3\x03\xae\xec\xa2\
\x80\xd9\x80\xbd\xc3n\xa6\xa5\x9cL^\xdf\xca\x87\x93\xd9\
F<\xcf\xba\x92\xdd\x22\x0f7\x02\x0e\xb5=\x9f1\x0f\
7\x0dpx,\x10p\xa84\xe1\xcdm3\x16\xac\xbb\
&W\x9cl\xec\xf7\xa0\xd3\xe9\x06\x8a\x7f\xb0\xbfs\xf5\
\xa9\x0f}\xf6/\xde\xfd\xa9\x8c\xbd\xc8d,\x02\x1d\x01\
+\xcf\x80\xf9\xe0\xca\x89\xb1\xdd<\x01.\xef\xab\xc9L\
F\xcf\xa7\xb1[\xfe\xf5IVD\xb0\xc5\xb1\x00\xa5\xaa\
\xea\xe5\xf2\x92[\xaa4\xab\xbafT\x1b\xab\xf7\xac7\
O\x9d\xbb\xd7\xb6\xac\xfb,\xdd\x5c7L\xab<\xa1\xc0\
\xba\x8d\x0cgf\x1aM<\xdb\x08:\x018\xf7\x96>\
\x9c\xccp\xa87DS\x98\xcf\x19\x90.T:\x91\xb7\
\x02\x9c\x0c\x80\x93\x04\x1c\xdex0H\x85ZJy?\
*\x96\x0e\xcbe\x1b\x0e\xbc\x01\xb6\x90\xdf\xef\xb5\xf7\x9e\
\xd9\xfc\xe6\x97>\xf6\xc5\xc7\x7f\xf7s\x92\xb9(\xfbq\
y\x9fn\xaeA7/\x80#\xff\x0cA!\xb3\x1b\xfe\
\x8d\xdbX\x04\xb8< e\xdfn\x92\xf1\xd0\x86C\xc0\
\xe1cf\xa6\xaa\xe2Q\xaf.\x9f\xa9\xae\x9e\xba\xb8\xea\
\xda\xee\xbai\x99\x0d\xd3\xb2]\xcbv\x9b\xa6i\xd7u\
\xc3vu\xcd\xb04-k(2\x96hd\xfe\x9d8\
|}\xaf\xcfg\x0b\xa0_\x86E\xa7\xd4\xcf\xa40-\
0\x1a\x8c\xa1@\xc8\x0c\xd8e\x15\x08\x98\xc9\xa7\x84\x9e\
^^\x82`0\x84\xcd\x9b\xf2p\x0eg\x80\xfdN\x8f\
w\xbaB\x99W\xbb\xe7\xf3<\xd6q\x95&\xf3\x028\
\xf4\xd7\x10h=\x7f\x12p\x0eV\x0e\xb8&W\xd1x\
\x9e\xbf\xbb\xb3\xb3yi\xf3\x1b_\xf8\xa7/\xfd\xc3c\
X\x0f\x97\xf7\xcf\xf2l'G.\xf3\xfe\x9c\xccrY\
m\xd2\x8bOt\xf3\x02\xb8\xc2(cf>\xe6C\xff\
\x04\x1a\xd9\xbc,25\x09`\x046\x0eH\x15\xd0\xb4\
\x8c\xb58\xc6\x16\xc6\xf8\xa3bb\x5cK\x92X\xc7Y\
\x1eL\xd3\x8c\xfb\xee\x7f\xcd\xfd\xcbkg\xef+\xd7\x96\
WJN\xb9nZV\x99\xe7\xc4I\x9a\xcbT%U\
\xb0E\xb1\x10-\xf6\xbd\xber}{S\xd34]\xc1\
*\x81\xe9\x80\x13Su(P\xe3+\x06l\xaaK\x10\
\xa9\x06\x177\xaf,\xd5\xb0\x9f\x09\xec\x1cL\xe6\xe10\
P\x82\x17\xe8A\xb7\x0fX1\x8dE\xadmO\x88~\
\x17\x12p\x06\xe6(\x8b\x01\xc7\xf5\xa2\xd8\xe3De8\
\xb6koc\xe3\xfa\xa5\xebO\x7f\xfe\x9f\x9f\xfc\xe8\x1f\
!\xe0\x08`\xc4b\x08\xb0\xa2 J\xde\xdc\x94\x81z\
\xa29\xbbE\x01\x1c\x02\xaa(\xfcO>^1`\x05\
\xa3\xcd\x0c8\x80\x84g\xabk\xb5\xe5\xaa[\xaa\x95u\
\xd31\xdcj\xb3\xe6\x94\xaauSU*\xbanX\xba\
a\xea\xba]\xb6\x924\xd5\x87~\x9fEQ\xd0\x19\x0c\
\x86\xba\x17\xc1}\xb6\xed\xe8\x8eS:\x1ap<\xc7'\
\x88\xdbg\x06l\xb2:\x80\x89\x91G\x0b\xaa\x8e\x09\xfe\
 \xe4L&GH\x11ph\x82\xb5\xfb>\xd8\x86\xca\
U\x1a\x8b\x0a8L\xe0cJ\x00\xa3\x95\x98\x82\xc93\
\x1c\xa6M,C\x85\xaae\x80\x12\xfa\x07\xed\x8dg\xff\
\xef\xea\xd3O~\xe2_\xff\xee\x0f\x9f\x98\x92\x0a\xa0(\
\xe5,\xc1\x93\x13g\xb9E\x01\x1c\xaaJ\xf2\x01\x94\xbc\
\xe9y3\xe8\x8e\x0f8\x1e0A\x96c\x8c\x0f\xd5\x06\
\xd3\xad\xba\x96S\xad8\x86^2\x0c\xd34-[\xd3\
\xac\x8a\x03ij\x84\x83\x1e\x0b\x07^\x8f\xa9\xa6\xeb\xd6\
\xd7\x1etJ\xd5\x9am\x97\xcci\x0c'\x12\xdfb\xb4\
1\x92\xa5\xaf\x98\xb0\xc9j\xa09%pm\x0b\xf0}\
o\x10\xc2a_\xb4\xd2\xa7\x80M\xc5\x11B\xe8\xae?\
\x00\xf4\x03\xf1\xa2\xed\xfa!\xcf\x1b.\x1a\xc3a\xa1\x01\
W\xdb\xa8\x8c\xebW\xfb\xc1p\x5c\xad\x81\xb98EI\
\x10\x8b\xcd\x92\xe9\xa9a\xef\xfa\xd63\xff\xfb\xe5\xcbO\
=\xf1\xb9\xcf\x7f\xe6\xf1\xafO\x01\x1c\xb1\xd7Q\x80#\
\xa0\xc9\xea\x94\x131+\x17\x1dp\xf94\xc0$\xe8n\
\x03\xe0 I\xf4$\x89\xe4\xc1\x00\x0ac\xccN\xd3\xf1\
\xec\xdd\xc6\xca\xa9\xda\xd9\x8b\x0f=`\x97\x96\xee\xd1\xad\
R\xc3\xb6]\x05\x9b\x06MK|\xf3\x0e^\x12\xe0\x9c\
r\x85\xe7\xd70\xe2\x8d:B\xacx\x96\x01W\xb2\x0c\
!^\x0ec,\xd6L\xb1\x00\xa7\x1f\x0e\x15d\x88E\
\x05\x1c\x06E1\xf1\xed\x0f#\xfe\x98\x05p0\x11:\
L\x93\xd8_.\xa9[io\xefk\x9f\xfd\xf8\x9f\x7f\
z\xfb\xca\xa5\xdd\xce\xd65\xa4}<0\xb2\x96rV\
\x932ov\x9e\x98\xf8y^\x00G\xfa\xc8i\xe1\xfd\
ij\x92\xa2<]1\xd3\xf1(\xa5\xaaa\x9cR\xa4\
\x07\x00\xfd\xb8,H\xa3*\x8c\xa5z\x82\x13\x023\xb3\
\x92\xa1\xee\x1f{\x8dC\xa2B\x02j\x92D\x14\xf9\xe4\
\x8e\x1f\xa6\x10\xd2T\xe1\xe3GM\xcb1*\xb5fy\
\xf9\xf4\xc5\xf3\xf5\xe6\xa9{\xdd\xeaR]\xd7M\x9dW\
\x1cduv\xd8{\x80\x94&\x088\xac[C\x86\xdb\
R\xabP\xab\xd7\xa1^ry\xe4\xb1\x1f\x0cxM\xdc\
4\xc0\x89\x13\x96\x02\x16\xbd\x8a\x02\x87\xe3\xa5\x05N:\
hB\x0c7\x09\xb8$\x86$\xf5\x06^\xfbJ\xd0\xd9\
\xbf\xeawv\xaf\x1aq\xff hm\xee<\xfd\xe4\xbf\
\xdf\xe8\xb6\xb6\xfd(@\x95\xc9(hR\xa4\xa5$ \
\xca~^^\x91\x223\xdd\x8b\x1f1\x99\xb3F\xb0y\
\xd0\x11\x98\xa6J\xb7\xa6$\xc6\x8f\x00\x1cO\x0b\x8c\x82\
'Y\xe0\x84KJ\xd0\xd2\xc3\xb9sI\x02hJ\xf2\
ZT`8\xd0\xad~\x1bu\x00\x00\x08\xe8IDA\
T:+&\x83\x84W\x1e\xf0\xb3\x84\xdd[\xb9\x02L\
\xcc\xfbM\xc50mu\xfd\x9e\x8bk\x8d\xb5\xb3\xa7\xdc\
Js\xc9q\xca\x15\xd3vK\xa6aZ\xaa\xa6\xab8\
\x89T\x96v\xc5\x8a\x06\x9eb\xc2\xaeZ\x85f\xb3\x01\
\x8dJ\x19\xae\xef\x1d@\xcf\x0fF\x0d~\xc8\xa4\xc4\xc8\
$\xb2\xa5\x1fFY\x9c&\xe5l8\x01\x9e\xec\xf2\x99\
\xf7\xb4\x00\x02\x0d\x93\xffx\x14\xe38\x0e\x03\xdf;\x0c\
\x03\xbf\x15\xfa\xdd\xed\xde\xfe\xc63\xed\x1b\x97\xbf\xb5\xf1\
\xf5'\xae\xf6[\x1b\xde\xa0s\x80s\xe1\xf29\xb5|\
\x00\x84\x14%\x04.YgYdf\xf2i]'\x82\
\xb69\x03\x1c\xdd\xd4\xe5\xa8\xe4Q\xa0+\x14/O\xd3\
Uf\x91\x0a\x11@\xc9\x98ND,\x85\xab\x94\x81\x0f\
A\xc4}7t\xe5\x92d\x88\xcfym\x8d\x86\xc9\xf1\
,)\x9e$\x91\x09IB)\x0b\x5c\x04\xdb\xf59L\
SUU\xd1\x18SUv\xea\xde\x97\x9fY?\xfb\xb2\
\x8b\x8d\xe6\xfa\xbaa9\x0e\x8e\xfc\xe5\x80\xc3\xe4\xb7\xa6\
\xc1P1\xa0\xcf,\xde\x22omu\x15\x9a\xb5\x0a\x5c\
\xd9\xd8\x82\x1e\x9f)/~\x08p\xa6)|8\xac\x11\
C\xe9\x19\xea>y\x93!I6\xb5(y8\xda\xb7\
$I\xc2(\xf4\xf7\xbb\xbb7\xbe\xb2s\xe5\xab_\xfd\
\xd6\x7f\x7f\xe2\xeb\xc3(\xf4\x93\xa0?\x88C?\x8c\xc4\
\x0eN\x93p\xe5\x03%\xf8\xb1E\x12\xaf\xa2\x04\xf8I\
amtNOt\x03\x0a\xbe\xbc\x88\xe9d_M\x06\
d\x1e\x9c\x942\xa0\xe5\x8bR\x0ab\x19\xf2\xef\x04k\
\xa1\xbc$cRd\xb4\x84\xc51\x0e}D&c\xbc\
?,\x00\xb2]V\x83\xc7pn|6\xad^P\x9e\
\x9a$`\xc97\xb0\xea\xd2r\xb9\xd6X\xab\x97\xca\xb5\
Z\xa5\xda\xac\x970\xda\xe9\x94\xca\xa6e\x97,\xd3\xb6\
\x87\xccP<\x19p\xf5\x0a|\xeb\xb9M\xcep#Y\
Y\xa6J!)\x98\x98V\x9a\xf0\x06\xb1\xa2\xb2a\xb1\
LJ\xaeU\x8d\xc2N\xd0\xef\x5c\xf1\xda;W\xba{\
7\xaeu\xf7nl\xb7\xae]\xda\xdez\xfa\xf3{\xb9\
\xb0\x7f\xbe\x1a \x0f@\xf9o\x0a\x86\x1cej\x9e(\
\xb3\xc97\xd1y\x03\x1cm\x0f%\xc1\xa7\xe5\xe8\x8a\xc0\
\x84\xaf\x15\xe7\xe4\xf2\xa5<\x94\x0c\x17\xea\x13\x8c\x1b\xe2\
?\xceZ\xc2\xb7\xe3\xfe\x9d\x82o\xa5)\xe6\xe92\xb6\
\x13QL\x931t\x03\xb9y\xa9$\xb8n\x12qS\
t\xfc\x8bXE{T1\x1b+\xa7\xeb\xa7\xee\xb9\x7f\
\xb5R_Yr\xddj\xcd\xc1\x829\xab\xec\x86F\xd5\
>4j\xe6\xda\xda\xaa\x82\x0cw\xf9\xb9M\xe8K\x80\
\xe3m\xe7TlO7\xd6-r\xb0\xc5\xb10;\xe5\
\x99\xdd\xf3kR&i\x9a\xa0\xc3\x19\xc4Q\xd8\x0d\xbd\
\xee\xf5\x83\x1b\x97\xbf\xb2y\xe9\x89K\x97\x9f\xf8\xe45\
PU\xb1C\x93\xe56\xf9\xf0}\xbe\x1c\xe7(\xe9\x96\
lb\xcaZ\xca\x133#e\x80\xcdK\xd0\xa4\x08\xf4\
#+)_\xf3&\x09\x93\xe5\x1a\xb9\x22v\xa3\xfc\x9d\
\xacd\xc9\x03X\x94\x05\x90\x0a%\x8e\xc5\x00m\x91$\
\xcf\xcc\xc6\x94\xc5\xf1\x90LX\x851\x9d\xfcJ\xb4d\
\xb4D6/1\x8b\xce4\xe1te\x96\xa1\xa6i\x86\
\xa6\x19\x8e\xae\x1b\x9a\xa6\xea\x8c\xe9\xbaz\xee\xe5\x8f\xdc\
_9\xf3\xc0\xc5\xb0qn\xfd\xd4\xfa\xba\xbeT-\xdf\
\x0c8>\xb3N\x1b\xcd\xdbF\xe0\xe1\xb5I\x80\x93\x1b\
&\xcd\xa9I\x99&i\x12&\xe1\xa0\x15\xfa\x9dg\xdb\
\x9bW\x9e\xdc\xbe\xfc\xb5o\xec\x7f\xfbR\xab\xbf\xb3\xd1\
\xf3:\xbbh?\xcb\xa1z\xde\xd7)\x17\xfe\xcf\x17\x9a\
\x16\xf9t\xd3\xe4\x5c\x04\xb2\xb9\x00\x1b\xb9\x09\xf3\xcap\
\x13\xaeL\xc6\x1cr\x0d\x9c\x5c\x17WT\x1bGl'\
W\x1f\xc8\xa0\xcc\xafO\x7f\x0bMg\x06\xba\x11c\x09\
e\x8aH q\x13\x94\x03*g~\xe2&\xa3\x17\xa8\
\x1a\xc0[[e?\x09\x82r\x22\xb5\x00\xf7}\xd7\xeb\
\xce7\xce\xbf\xfa\xa2q\xe6\xc1\x0bkkk\xa5\xaa\xeb\
\x18\xcf\xed\xee+^\x18\xab\x0aS\xb1\x11\x92\x98u\xa0\
\xe1\x88a\xd1s\x05\xff&\xc0Q'\xae\xf9\x8aR\x02\
F\x1b\x07q4\xd8\x8fB\xbf5\xf4\xfb\xadh\xe0\xed\
\x84^o\xd7\xef\xb6Z\xadkO=\xbb\xf5\xcc\x97\xb7\
\xfb\x07[\xd8Z\xba\x08H\x08\x8c\x22\xf6\x92\x99*\xff\
>\x01\x94@G\xa6\xe3\x89\xe4\xd9n\x05\xa6yf\xb8\
i\xdb^\xe4\xc3M\xf3\xd5\xc8,\xe5H\xc8\x98\x92L\
\xce\xfc:\xc4\x82\x9c\xef\xf8\xaf\xe82$\xcc\xc4\xb1\xf8\
\x99\x00\xcc\xb2\xa0\x0b^#h\x86\x8e\x82-\xaa\xaak\
\x98\x93&\x86C\xf34I\x92LJ&\x5c\xaf\xca\xea\
\xbd\xcd\xfa=\xaf<\xb5t\xf1\xb5\x17V\x96Wj\x15\
\xd7\xb1\xb7;>\x0b\x13f\x80\xaa\xd9\xbc Se\x0a\
\xca\xc5\xc4\xbah\xdd2\x16'\xa9\x1ae\x9f\x9du\xbe\
eL\x11-]\xf9\x07\xabL\xc9\xd7\xef\xc9]\xbb&\
\xfc\xbecW\x0b@\xca\x05\x22)D\x8a\xa2D)\xef\
\xc5\x87m)\xd3XQX\xa4@:H\xe3aw\xd0\
k?\xdbmm\x5c\xdd\xbb\xf6\xd4\x95\x9do\xfe\xcf\xb5\
\xd6\xb5o\xa0V-\x9f|\xce\xb3\xd9Q\xa0\x92k\xdb\
d\x7f\x8d\xf2i\x18\xb2\x9d\x0b\x1f\xedN\x04\x9clj\
\x92\xcfTd&\x92\x12\x85L\xbbi,(\x07Xd\
\x13u\x04,I\xd3)\xbd\x86\x16g\x96&@0\x0b\
@\x8a\xed!\xed\x16\x9f\xd4\xcd\xcb}h=\xbc.x\
DT7\x1d\xddp\xab\xa6\xb5\xb4n\xbbnY3t\
\x9d\x05\x83\xa1\x12+LC\x86\xc3UP\x94\x01Jj\
\xaf\x9c\xbe\xd0,W\x1auM\xd3K\x91Q.\x0fu\
\xcb\xe1\xc0a\x9a\xcdT\xddQ\xf9\xd8V\xde^\x9ag\
\x0f\xc5\xf3\xf1\xcf\xed\x00\x1c2\xaa\x01qhC\xe8y\
Q\xb2\x15DQ+\x0e\xbc^\x18\xf4\xf6\x83\xde!2\
\xda~\xe4u\x0f\x07^\xa7\x1b\xfa\x87^\xd09\xe8{\
\xfb7\xfa\x9d]\xcc\xa1u1\x87&\x03\x0a7\x8e\x82\
\x1eyV\xcb\xd7\xb0\xe5Kk\xf2\x80\xc3\xcf:\xb1D\
\xf6\xad\x00\x96\x7f\x7f\x11\x19\xaeh\x1f(\xb2)\x83D\
\x98\x86\xe2\x97\x9e\xe7\xd9Q6+\xf3\xc0\xcb\x83Y\x0a\
\x88H\x0c\xc8/\x9d\x88>\x7f\xbc\x8e\xaa\xd2\xb1\xc5\xe8\
\xca\xe8&\x11\x8f\xc1)\xef\x07\xad\xc7\x99\x18\xa9L\xbc\
\xc9\xb4\x94\x81y\xe6\xc2C\xb5Z\xe3tY7L3\
\xb2\xebn\xac;\xbch\x96\xa9\x86\xa1h\xa6\xa9\x1a\x06\
\xa6%\xf8:\x0a\xd3Td9~\x15&\x09S\x18S\
u\xc3\xd1\x15\x9e\xb9P\xb0\xa7%W\x0e\x8b\x85q\xb1\
\x14\x83\x1a\x22\xc7\xc0k\xdc\xf8\xff<y\xcc\xdfN\xd2\
8I\xa2Xa,6\xd2(\xb4 \xf4\xfb\x83\xb0\xe5\
\x05~g\xe0u}\xffp\xef\xb0\x7f\xb0\xd3\xe9\x1fl\
u\x82\x83\x8d~oo\x0bui2\x88\x8a\x8a@\xf1\
}\x19pE\xec&\xfbe\xf4\x1c7\x92\x9e/\x0c\xc8\
\xf2'\xfa\xb8 ]\x94\xe5\xf3\xe9\x05\x19\x5c2@\xf3\
\xa6%\x99~\xf2\xfa2K\xca,(\x22\x95c@\x13\
p$F\x13i\x07\xbe\x940Q'\xd8\x87\xbf\x8e\x81\
\x1aJ\xaa\x17\x1d]\xc1\x98\xb8\x5c\x9c\xf9\x90\xf4\xbdG\
\x9e\x0b\x0c\xbbZ\xe5\x15\xa3v\xfeU%\xcd\xb2TE\
Q\x99]\xae\xda\xd8\xd1\x85V\x1c\x0e\xc3a\xd0m\x0b\
\xf1&(<\xb8\x90\x0c\xfa^8\xf0|P\x94t\xd0\
\xde\x0a\xdb[\xd7|\x88\x22Rz\xe4\x99*\x0f(\xf2\
\x9d\x8a\x02\x19\xfc>\x90\x8bH\x92i)\xfb`E\xe6\
\xe7\xa2\x5cwGn\xe7\x9d\xc0pG\xed\xa0\xccJ\xb4\
\xaf2`8QHLH\xcf\xf3\x80\xcc\x9b\xa52\x18\
e\xc0\xd1\xf3<\xe0\xe8\xbb\x09|7\x83n\xcc\x82\xb2\
/I\xfbF\xebS\xb4m\xd6\xf3\xa6h\xa6\xcb\x9cz\
S\x03\xcd\xc4\xc4b\xaa\xda\xb6\xaa\xa6#\xf6\xc5|^\
2\x1c\x06$[\xe1\xac\x11\x87~\xa4\xc4\x03l\xeb\x9c\
\x04A\x10\x0f;\xfb2\x00\x88\xbdh[\xc8\xbf\x22\xe0\
\xc8\x7f\x17\x81)\x0fD~+\xc9\xf9`\xf9\x9e\x93w\
\x04\xd8\xe8\xe2\xb8cvf\xc6\x1d\x91AH\x80\xcb\x9b\
\xa2\xf2\xdf\x04\x00\x19\x842PeV\xcb\x03\x8e\xd6\xc9\
3\x9f\x0c8\xd9\x9c\x94\xd7\x97wgV\x80\xe5\x0f\x81\
\x1c\x0e\xcf\x07\x15\xe4\x8b\x9aX\x89\x00B\xeb\xd1:\xb4\
,-G5e\x9c\x10%\xb0\xc8`\x92?#o\x06\
\xcalF\xac7\x97Q\xc5\x19\xaf\xa9\x99\x17{\xbe'\
r\xe6/X\xd0\x05e\xffMf0\x1982S\xca\
\xec\x99gR\x19\x9c\xf9\xc3q\xb4)9^Z\x92\x91\
\x1d\xeb\x88\xca\xbeO\xd1\x8a\xc4,\xf4^\x9e\xbd\x08\x0c\
\xb8\x9c\x0c\x0c\x19\xbc\xb4\x8e\xfc\x1a\xb5\xa9\xcb\x03\xf2X\
\x1b\x7f'.|\x17p\xd3\xcfj\x11\xf3\x8c\x82\x1f\x92\
\x8cK^N>\x9e\xb2iX\xe4\xdb\xe5\x81L\x7f\x17\
\x9d\x93\xe7{\x9ed\x86\x93\x83\x0c2\x93Mc3:\
2y\xd0\xca\xcc(\x035\xcf\xa6\xd3\xde\xbb\x13q4\
\xf3>=\xdf\x139\xf3\x17\xbc\x04\x17\x94A\x99\xf7\xd5\
d\xdf\x8e\x00F\xcb\xe4M\xdd\xdb}\xe8\xf2\xac\x947\
\xe1\xa6\xe5\xb1\xf2\xeb\xdd\xee\xedzI}\xde]\xc0\xbd\
\xb0\xa7\xfb\xb8\xc7\xf7\xb8\xcb\x1fw\xebe\x16\x9au\xdd\
\xe7\xb3\xce\xac\x9f\xfd\x92[\xee\x85>\xc1/\xb9\x03z\
w\x87\xef\x1e\x81\xa3\x8e\xc0]\xc0\xdd\xbd>\xee\x1e\x81\
\x17\xf1\x08\xfc?\xeb<W\x02\x8c\x07[\xc9\x00\x00\x00\
\x00IEND\xaeB`\x82\
\x00\x00\x1d\x89\
\x89\
PNG\x0d\x0a\x1a\x0a\x00\x00\x00\x0dIHDR\x00\
\x00\x00p\x00\x00\x00p\x08\x06\x00\x00\x00\xc6\xe0\xf4K\
\x00\x00\x00\x01sRGB\x00\xae\xce\x1c\xe9\x00\x00\x05\
\xf6tEXtmxfile\x00%3Cm\
xfile%20host%3D%\
22Electron%22%20\
agent%3D%22Mozil\
la%2F5.0%20(Wind\
ows%20NT%2010.0%\
3B%20Win64%3B%20\
x64)%20AppleWebK\
it%2F537.36%20(K\
HTML%2C%20like%2\
0Gecko)%20draw.i\
o%2F26.0.4%20Chr\
ome%2F128.0.6613\
.186%20Electron%\
2F32.2.5%20Safar\
i%2F537.36%22%20\
version%3D%2226.\
0.4%22%20scale%3\
D%221%22%20borde\
r%3D%220%22%3E%0\
A%20%20%3Cdiagra\
m%20name%3D%22Pa\
ge-1%22%20id%3D%\
22Gvaq7RvUKVkfES\
sMZTWc%22%3E%0A%\
20%20%20%20%3Cmx\
GraphModel%20dx%\
3D%221434%22%20d\
y%3D%22956%22%20\
grid%3D%221%22%2\
0gridSize%3D%221\
0%22%20guides%3D\
%221%22%20toolti\
ps%3D%221%22%20c\
onnect%3D%221%22\
%20arrows%3D%221\
%22%20fold%3D%22\
1%22%20page%3D%2\
21%22%20pageScal\
e%3D%221%22%20pa\
geWidth%3D%22116\
9%22%20pageHeigh\
t%3D%22827%22%20\
background%3D%22\
%23ffffff%22%20m\
ath%3D%220%22%20\
shadow%3D%220%22\
%3E%0A%20%20%20%\
20%20%20%3Croot%\
3E%0A%20%20%20%2\
0%20%20%20%20%3C\
mxCell%20id%3D%2\
20%22%20%2F%3E%0\
A%20%20%20%20%20\
%20%20%20%3CmxCe\
ll%20id%3D%221%2\
2%20parent%3D%22\
0%22%20%2F%3E%0A\
%20%20%20%20%20%\
20%20%20%3CmxCel\
l%20id%3D%222%22\
%20value%3D%22%2\
2%20style%3D%22h\
tml%3D1%3Bshadow\
%3D0%3Bdashed%3D\
0%3Balign%3Dcent\
er%3BverticalAli\
gn%3Dmiddle%3Bsh\
ape%3Dmxgraph.ar\
rows2.uTurnArrow\
%3Bdy%3D11%3Barr\
owHead%3D43%3Bdx\
2%3D25%3Brotatio\
n%3D-180%3B%22%2\
0vertex%3D%221%2\
2%20parent%3D%22\
1%22%3E%0A%20%20\
%20%20%20%20%20%\
20%20%20%3CmxGeo\
metry%20x%3D%221\
30%22%20y%3D%224\
80%22%20width%3D\
%22100%22%20heig\
ht%3D%22100%22%2\
0as%3D%22geometr\
y%22%20%2F%3E%0A\
%20%20%20%20%20%\
20%20%20%3C%2Fmx\
Cell%3E%0A%20%20\
%20%20%20%20%3C%\
2Froot%3E%0A%20%\
20%20%20%3C%2Fmx\
GraphModel%3E%0A\
%20%20%3C%2Fdiag\
ram%3E%0A%3C%2Fm\
xfile%3E%0A\x97\x8d\xcd\x81\x00\
\x00\x17AIDATx^\xed\x9d\x07t\x14e\xbb\
\xc7\xff\xb33\xdbw\xd3(^i\x22H\x0dH\x10D\
\x81\x90P>\x08% \x87\x04$\x84\xde\x12@\x0c!\
\x82\x0a$(\x02\x97\x96\x80\x22r\x11i\x1e\x10B\x90\
 \x17\x10D\x10\x95\xaa|J\x11A\xca\x11/\xa2\xa0\
(ER\xb6\xdf\xf3\xbc\x93\x09k\xcc&\xbb\xcbnv\
\x93o\xe7\x9c\x1c\x08\xcc\xcc\xce\xbe\xbfy\xea\xfb\xbc\xcf\
\xcbEFF\xda\x0e\x1f>\x8c\xaaxDGG\xe3\x8b\
/\xbe\x80 \x08\xd0h4\x08\x0d\xad\x87:u\x82Q\
\xbbvm<\xfe\xf8\xe3h\xd2\xa45Z\xb6\x0cG\xab\
V\xcd\xd8\xd7\xe78\x1b8\x8e+\xfa\xfb\xdf\xff\xf4\xd7\
\xf1\xa1\xa7\xb4\xd9l6\x7f}\xbe\x87~.\xfan\x06\
\x83\x01\xf7\xef\xdf\xc7\x9f\x7f\xfe\x89\x1b7n\xe0\xda\xb5\
k\xb8|\xf9\x0a\xce\x9f\xff\x1e\xdf}\xf7\x1d.]\xba\
\x84\x8e\x1dc\xd0\xa9g$\xbaw\xe8\x8av\xedZC\
&\xe3\x18L\x82*\xc2\x15\x7f\xf7\xb7\xa3\xca\x03tf\
\xc0\xef\xdc\xb9\x83/\xbf<\x8c\xcf>;\x88\xbd{\xf7\
\xc2d2\xa1g\xcf8\xc4\x0f\x1d\x88g#Z\x15\xc3\
\x94\xc9D\x90\x12Pg\xee\xed\xeds\x02\x00K\x19a\
\x92\xca\x9c\x9c\x1cl\xd9\xb2\x05z}ML\x9c8\x0a\
\x83\x13\x87\x81\x07\xc7`J \xfdA*\x03\x00\xcb\x11\
\x91\xdd\xbbwc\xf5\xea\xd5\xf8\xf6\xdbo1iR*\
\x92\x93\xc7B\xa1P\x82\xe7e\x90\xc9d\xc5v\xd3W\
\xea5\x00\xd0I\x1d\xf7\xcd7\xdf 3s)\xbe\xf8\
\xe2\x10\xd2\xd2^\xc5\xf8\xf1\xa3\xc1\x09\x02\x93J\x82)\
9@\x15\x0d2\x00\xd0I\x80\xd2i'N\x9c\xc0\xdc\
\xb9\xff\x8d\xeb\xd7\xff\x0f\xb3f\xcdE\xcf\x9e]\x19H\
\x81\x13U\xab(\x95\x15\xe7\xec\x04\x00\xba\x08P:=\
'g\x1bf\xce\x9c\x816\xd1=\xb0\xe4\xb5\x0c\x84\x85\
\x05\x83\xe3d\x10\x04\xfeo6\xd2\xcd\xdb;}Y\x00\
\xa0\xd3C\xf5\xcf\x13)DIMM\xc5\xf6\xed\xdb\x91\
\x95\xf5.bb\xa2\xa0P\x08\xe08\x1e<_1\xd2\
\x18\x00\xf8\x10\x00\xa5Ksss1q\xe2D\x8c\x19\
\xf3\x22\xd2\xd2&C\xa9\x14 \x93\xf1\x15\x22\x8d\x01\x80\
\x1e\x00H\xb7\xf8\xe5\x97_0t\xe8H<\xf2H-\
\xbc\xb9\xfcMhT\x0a\xc8\xe4\x02\xe42\x19x^J\
\x0ax\xde6\x06\x00z\x08\xa0t\x9b\xe4\xe4d\x9c9\
s\x11\xab\xd7\xaeA\x9dGk@\xa5R0\x95*\x08\
\xde\x81\x18\x00\xe8a\x80t\xbb\xd9\xb3g#7\xf7c\
\xac[\xb7\x0e\x0d\x1a<\x06\x95J\x0e\x9e\x17\xbcb\x17\
\x03\x00\xbd\x00\x90n\xb9p\xe1\x22\xac\xda\xb0\x1e[\xd6\
g\xa3a\xc3\xfaP\xabE\x88\xf6^\xaa'>:\x00\
\xd0\x13\xa3\xe8\xe0\x1e\x04q\xfd\xfa\xcd\xd8\xb2%\x1b\xb5\
\xeb>\x02\xb5R\xc9fF<\x091\x00\xd0\x8b\x00%\
u\xbaw\xefQdgo\x84.H\x0d\xb5RQ\x04\
\x91\x02\xff\x87\x0f\xfa\x03\x00\xbd\x0c\x90n\x9f\x944\x01\
\xb7n\x99\x90\x955\x0fZ\xbd\x9ay\xa8\x82 \xf7\x88\
c\x13\x00X\x01\x00\xe9#\xbat\xf9\x17\xda\xb5\xeb\x8c\
I\x93\xc6C\xabUC\xa3Q\x14\xd9\xc4\x87\xf3N\x03\
\x00+\x08 \xc5\x89\xad[w\xc0\xfc\xf9K\x10\x13\xd3\
\x19Z\xad\x8aA\xa4\x80\x9f\xe2DR\xa7\xee\x1c\x01\x80\
\xee\x8c\x9a\x9b\xd7l\xdf\x9e\x8b\xd4\xd4W\xb0\xfd\xa3]\
x\xb4f\x18\xb4Z%\xe4*%\x14\xbc\x08\xd1\x9d$\
x\x00\xa0\x9b0\xdc\xbd,%%\x15\xbf\xfei\xc4\xdc\
\xd93\xa1\x0fRC\xafQ1\xa7F.\x97\xe6\x17]\
\xcb\xd6\x04\x00\xbaK\xc2\xcd\xeb(\x01\xde\xb4iSL\
\x99\xf6\x06b\xbaGA\xaf\xd3@\xab~\xe0\xd4\xb8\xaa\
J\xb9\x8e\x1d\xbb\xd9\x8e\x1c9\xe0\xe6\xe3\xf8\xf7e\xed\
\xdbw\xc2\xf1\xe3\x87\x11\x12\x12\x82\x90\x90\x1ah\xd8\xb0\
\x1eZ\xb5j\x85v\xed\xda\xa1K\x97.\xa8Q\xa3\x86\
O\xbe@v\xf6V\xcc\x99\xb3\x14[\xb7nFP\x90\
\x16:\xdd\x03\xa7\xc6UU\xca\x19\x0cf\x9b\xd1h\xc4\
\xdd\xbby\xb8s\xe7>\xee\xdd\xcfG~\xbe\x11&\xab\
\x05U\xa1XM\xaaJ\xbb}\xe7.~\xbf\xf9;\xae\
^\xbd\x88K\xe7O\xe1\xe4\xc9#\x0c\xe4\x90!C0\
r\xe4\xc8\x0a\x07\xd9\xa7O_DDt\xc6\xd0\x11\xcf\
#4H\xc3\x9c\x1a\xb9\x5c\xee\xb2*\xe5\x8cF\x02h\
\xc2\xbd\xbc\x02\xdc\xbb\x97\x8f\xfb\x7f\x15\x80\x80\x9a\xcdV\
XmV*\xa8\xab\xf0/\xe7\xb9\x0f,*\x09,\xfa\
\x0e6\xd8`\xb3qTG\x09\xab\xc5\x8a\xa3\x87\xbf\xc4\
\xc1\x83\xfbq\xf1\xe2\xbf\xf1\xd2K/\xb1\xb9\xbd\x8a:\
\x8e\x1e=\x86\xf8\xf88\xec\xdcu\x08a\xd5\x82\x10\xa4\
'U*fj\x5c\xf1J9\x93\xc9b\xb3X\xcc\xc8\
\xcb3 ?\xdf\x80\xbcB\x03\xcc\x06\x13\xccV+\xaa\
B\xb5\xa8\xfd\xebG\xdf\xc7J\xdf\xcb\x0aX\xacV\xf6\
\x92\xd2/\x17~\xb8\x84\xec\x0f\xd6\xe0\xc6\x8d\x9f\xb0`\
\xc1\x02\xf4\xea\xd5\xabB8&$$\xa2V\xadp\x8c\
\x193\x14\xc1\xc1\x1a\xe8t*(\xd4*\xe6\x95\xda\x97\
0\x96\xf50\x9c\xc5b\xb1\x99LVX,\x16\x14\x16\
\x1aa0\x9ba5\x89\xea\xb3\xaa\x15\xfc\xd2\xf7\xa1\x1f\
\x0bl\xb0\x98-0[l\xb0\x9a\xcc0Z,0\x1a\
\xcd8t\xe0 \xb2\xb2\x16b\xcc\x98!\x98?\x7f\xbe\
\xd7!R\xa1T\xdf\xbe\x03\xb1s\xd7>\x06\x90\xd9C\
\x0dI\xa1\x98\xa5q\xc6\xa1\xe1\xacV\xab\xcdj\x05\xcc\
f\x0b\xbd\x9f\xa2\xea\xa4\x7f\x10K\xb6\xbd\xfe%*\xf2\
\x03D\x80\x1c\xfb~\xa4_\xcc\x16\x0b,F\x0bL\x16\
\x0b\x0cF3\xd3<\xbf\xfdq\x1b\x0b\xe6\xbd\x01\xb5\xda\
\x8a\xec\xecl(\x95J\xaf>b\xdf\xbe}\xd1\xe6\xd9\
\x18\x0c\xec\x1f\x8b\xe0`\x1dsh\x94\x1a16tF\
\x0a9\xaa\xab\x97\xdeL\xe2f\xb5\x8a\xd0\xaa\x1a<\x89\
\x02\xb3\x7f\x1c \xb3\xd1\x8bj\x83\xc5\x22\xbe\xb4F\xb3\
\x19f\xa3\x09\x05\x06\x13\x0c\x05F\xcc_\x92\x89kW\
Nc\xe7\xce\x9d\xcc\x8b\xf5\xd6Au\xa7\xe9\xe9\x0b\xb0\
j\xf5\x1a\x84\x84h\x99\x14\xea\x8b\x1c\x1agl!\x03\
h\x0f\xac\xaa\x82\xb3\x07 I\x22\x83I\x10\xc9\xda[\
,0\x99\xcc0\x98,0\x16\x9a\x98/\xb0,s\x19\
\xce\x9d;\x81\xfd\xfb\xf7{U\x12\x1b4h\x86\x8c9\
\x8b\xd06\xa2\x05BB\xf4\xd0\xebU\xec\xf3\x9c\x09\xee\
\x8b\x01z\xeb\x0d\xf3\xc7\xfb\xda\xbf\xa4\xf6j\x95\xa4\xd1\
j%{hA\x81\xd1\xc8|\x82\xd7\xd2\xe7\xe2\xee\xdd\
k\xd8\xb1c\x87\xd7\xbe\xca\xacY\xe9\xb8v-\x1f\x93\
S\x92\x99\x142U\xaa!\x804\x09\x5cv\x8a\xed?\
\x12`I\x12\x92\x09a\x0e\x8e\x050\x93z5YP\
h4\xa2 \xcf\x80\x89\x13\x93\xd1\xb2e\x13\xaf96\
\xb4\x16\xa3w\xef\x01\xc8\xde\xb6\x03\xc1:\x1d\x83\xa8\xd7\
\xab\xa1P(\x8a\xa5\xd0\xd1\xdb\x13\x00h72\xf6\xbe\
\x00I#\x85W\x85\x85&\xdc\xb8q\x0b=ztb\
k$\xbc\x15b<\x11\x1e\x81\x19\xd3_GDD8\
BC\xf5\x08\xd2j\xa0\xd6\xa9\xa0\x14\xa8D\xf1\xc1\xaa\
\xa8\x92 \x03\x00Ky\xb5E\xdbH\x00\xc9\xa93\xa3\
\xa0\xc0\x84\x0f?\xfc\x10K\x97.\xc5\xb9s\xa7\xbc\xa2\
J'M~\x116Y\x18\x86\x0fM`\x12\xc8\x1c\x1a\
\xad\xbaX\x8d:\x0a)\x02\x00\x1d\xe0\x90\xa4\xd1l&\
\x98f\x96^\x1c=z4\xa2\xa3;x%c\xb3c\
\xc7GX\xb8p52\x97.B\xb0^\x83\x90\x10\x1d\
\x82\x824\xe5\xaa\xd1\x00\xc02\xe4\xc9\x1e\xa2\xd9l\xc2\
\x89\x7f\x9f\xc6\xf0!\xf1l\x85\xaf\xa7\x0fZdZ\xb3\
fC\xec?\xf8\x19\x0b%B\x09\xa0N\x03\x95\xb6l\
5\x1a\x00X\x0e\x09I\x9d\x92$R\x98\x11\x1f?\x08\
\x83\x07\x0f\xf0J\x02\xbcI\x93\x16xy\xe6\x02\xb4\x08\
o\x8c\xd0\x22o4HG\xf3\x85\x8e\xbd\xd1\x00@'\
DI\xf4Nm,\xe5\xb6-\xfbCl\xdc\xb8\x16\x9f\
|\xf2\x89\x13W\xbav\x0a\xbd\x1cO>\xd9\x19=z\
ta6\x90\x9c\x19\xaa\x9fQ(\x1c\xa7\xd6\x02\x00\x9d\
\x1cc\xd1\xa9!)4\xa1v\xedGq\xf1\xe2E\x8f\
\xcf'fdd\xe0\xfau3F\x8fMd\xf6/\x8c\
\xd9Am\x99v0\x00\xd0I\x80\x92*\xa5\xc4\x7f\x5c\
\xdc \x8c\x18\x91\x80A\x83\x069y\xb5s\xa7m\xd8\
\xf0>6n;\x80Y/\xa7\x89v0H\x87\xe0`\
-\xb3\x83\x8a\xa2\xc2\xa7\x92u3\x01\x80\xce\x8d-;\
K\x92\xc2\x85\x0b\x17\xe3\xce\x9d[X\xb2d\x89\x0bW\
\x97\x7f*\xf5\xb4\x99:u\x1e\x16g.\x82^O}\
mt\x08a3\xf6\xaa\xa2\xb5\x15\xff\xcc\xca\x04\x00\x96\
?\xae\xc5g\x88R\x08\xec\xdc\xbf\x0f\xab\x96-c-\
I<y\x90Z\xee\xd5\xeby\xbc\xfb\xde:\xe8\xf4j\
\x16J\x88\xde\xa8cG&\x00\xd0E\x02$\x85\xe7\xce\
]\xc6\x80\x01}X\x83 O\x1e\xb7n\xddBxx\
86n\xde\xcb\x9c\x17\xd1\x91\xd1!X'\x06\xf4\x82\
\xf0\xcfR\xfc\x00@\x17\x09\x90\x14\xfe\xf1\xc7=4n\
\xfc8\xeb\xfc\xe4\xc9\xa3\xb0\xb0\x10z}-\xec\xde{\
\x00z\x9d\x12\xc1z\x1d\x03H\xea\xd4\x91'\x1a\x00\xe8\
\x22\x01\x02H\x8e\x0c\xad\xf9\x93&\xbe]\xbc\x85\xc3\xd3\
\xe9\xde<\xcfc\xcf\xfe\xafY\xbd(\xd9?R\xa3\xe4\
\xc8Pb\xbb\xb4Y\xfa\x00@\x17G_\xf2F\xa9\xf8\
\xc8\x1bs\xa7\xe4e~\xbc\xffkh\xd5*\x06/\xac\
h\x92\x97\xe6\x07\x03\x00]\x84\xe5\xe8\xf4\x82\x82\x02\xe8\
\xf5z\x98\xcdf\x0f\xddQ\xbc\x0d\xdd\x8f@\xed\xdew\
\x02\x1a\x95\x92I^\xb5\xd0 V/\xe3hj) \
\x81n \xf8\xf9\xe7\x9f\xd1\xbe}{\x8f\xe7D\xef\xdd\
\xbb\x87\x1a5\x1a`\xc7\xee}\xd0\xaa\x14\x01\x80n\xb0\
q\xea\x92c\xc7\x8e!%%\x05_}\xf5\x95S\xe7\
;{\x12%\xc9;t\xe8\x8aw\xd7m\x09\x00tv\
\xd0\xdc9o\xfd\xfa\xf5\xacNf\xd3\xa6M\xee\x5c\xee\
\xf0\x1aj\xa8\x97\x90\x90\x84eo\xbf\x13P\xa1\x1e\x1d\
\xd9\x127\x9b4i\x12\x1a4h\x80\xb4\xb44\x8f~\
\xcc\xae]\xbb0?k\x0d2f\xccd\x00E'F\
\xcfl`\xc0\x89\xf1\xd0P\x93\xe7\x19\x1e\xde\x06\xeb\xd6\
\xad\xc43\xcf<\xe3\xa1\xbb\x8a\xb7Y\xbat\x19\x8e\x1e\
\xfd\x01c\x92\xc7B\xa7\x16\x9d\x18\x11` \x8c\xf0\xd8\
@\x7f\xff\xfd\xf7\xe8\xde\xbd\x0f\xae_\xff\xd1c\xf7\x94\
n4~|24\x9a\xda\xe8\x15\xdb\x07z\x9d\x8a\xcd\
\xcc\xb3\xfa\x186#Q\xfa\x94R\xc0\x0bu\x11Cz\
z:\xf2\xf2\xf2\x90\x95\x95\xe5\xe2\x95\xe5\x9f\xde\xa9S\
g\xf4\xef?\x0a-#\x9e\x84^\xafD\x88^\x8f\xb0\
0\xb1Z[\x04\x18H\xa5\x95?\x8ae\x9cA\xea\xb3\
N\x9d:\xd8\xb3g\x0f[g\xe8\xe9#,,\x0c\xab\
V}\x88\xd0j\xa1\xd0\xea\xd4\x08\x0d\x15\x8b\x9b\x82u\
\x9a\xa2\xd6$\x01\x80\x0f5\xe6T\x95v\xe4\xc8\x11l\
\xdb\xb6\xed\xa1\xeeS\xda\xc5g\xcf\x9e\xc5s\xcf\x0d\xc3\
\xdb\xab\xde\x83J.@G\xea\xb3hV^Z\xf0R\
Z\x91o\x95V\xa1\xf9\xf9\xf9l\xbf\x08:Hz\xdc\
i\x22 \x0d6\x15\x1d5j\xd4\x88I\xdf\xd3O?\
\xedq\x80+V\xac\xc0\xa7\x9f\x9e\xc6\xf8II\xac\x19\
\x10\xad\x17\x0c\x09%\xe9\xd3\x96Y\x1fZe\x01\x9e:\
u\x0aqqqx\xef\xbd\xf7@\x1b\x80H\x87\xbb\x9d\
\xe6\xc7\x8d\x1b\xc7\xd2g\xde\xb0}\xf4l\xbdz\xc5\xa2\
\xcd31\x88\x8cl_\x1c\x03\x86\x06S\x22[\x07\xa5\
R\x0e\x85\x82V+\xfd\xb3\x15I\x95\x04H+~\x06\
\x0e\x1c\x88\xbau\xebb\xc5\x8a\xb5\xe8\xd4It\xf7\x09\
\x9e\xb4m\x803k\xef$\xe8\xd4u\x90\xc0\x9d>}\
\xda\xa95{\xae\x8a'\xd5\xd9\xa8\xd55\xb1%'\x17\
z}P\x09\x0fT\xcc\x83:Z/X\xe5\x00\xaeZ\
\xb5\x0a3f\xcc\xc0\x86\x0d\x1b\x90\x99\x99\xc9Z?\xb6\
m\xfb,\x1bS\xd1\x86\xc8 \x97\x97]\xaen\x0f\x80\
l^dd$\x8e\x1e=\xca\xf2\x9f\xde8h\x8f\x8a\
\xacw6!\xe3\xd5\x99\x90\x0brh\xb4*6\x0fH\
N\x8cT\x9d]\x9a\x07\xca^\xca\xaa\xb4\xef\x0e\xc1\xa2\
\xcd:\xe8\xa7u\xeb\xd6\xe8\xdc\xb93\xa6O\xcf\xc0S\
O\xb7\x06\x07\x0e\x0aA`m\x1fe2\xea\x18X\xfe\
\x0aXZt\x12\x13\x13\x83E\x8b\x16!11\xd1\x1b\
\xec\xd8={\xc7>\x87\x96\x11\x9d\x10\x1d\xdd\x99\xd9?\
=\xf3@I}j\xa0\xd7\xaa\x1d\xd6\xc3T)\x80c\
\xc7\x8e\xc5O?\xfd\xc4\xf2\x935k\xd6d\x03C\xb6\
\xef\x85\x17f\xe0\xa9\xb6O\x82\xe7dPi\x15\xd0\xa9\
\xc5\xc6:dS\xca\xb2\x87\x94\x97\x1c0`\x00\xa6O\
\x9f\x8e\x09\x13&x\x0d\x1e\xb5\xe0\xaaW/\x1c\xdbr\
\xff\x17*\x8d\x1aZ\x95\x92\x95\x14\xda\xdb?Z'H\
\x13\xbd\xa5\x1d\x95^\x02o\xdf\xbe\x8da\xc3\x86\xa1z\
\xf5\xea\xa0$\xb3\xfd\x11\x15\x15\x85\xa4\xa4ih\xd9\xaa\
\x05\x04\xb9\x80`\x9d\x0a:\x9d\x16\x0a\xb5\xc2a\x99\x1e\
]O9IZ\x071o\xde<\x90\xf3\xe2\xcd\xe3\x8d\
7\xde\xc0\xe9\xd3\xd71f\xdch\x08r9\xb4\x1a\x15\
\x9b\xc4\xa5<\xa8N\xe7\xb8\x94\xa2\xd8)\xab\xcc*\x94\
T\xdc\xd0\xa1C\xd1\xbbw\xefR\xd7\xeeEEuA\
\xe2\xc8\x17\xd1\xaaesh5J\x04\xe9\xd4,-%\
\xd6Y\x96\xbe\x06\x9d\x9a\x1b\x90\xed$\x1b\x1a\x1b\x1b\xeb\
Mv\xec\xde5k>\x86\xd7\xe7f\xa1~\x83\xfaP\
)\xe4L}\x8a\xab\x93\xc4E\x9ee\x95\xd5Wj\x15\
\xbao\xdf>\xb6>a\xd6\xacY\xa0\xd9\x81\xd2\x0eJ\
M%\x0c\x9b\x88V-\xc3\x99c f5D\x80%\
\xd7\xddQM&UF\x07\x05\x05\xe1\xad\xb7\xdeB\xfd\
\xfa\xf5\xbd\x0eo\xe5\xca\x95\xd8\xbe\xfdsL}i*\
d\xbc\x00\xad\x86&q\xc5ZPz\xd1(|(o\
\x99u\xa5T\xa1k\xd7\xaeERR\x12\xdba\xac\x7f\
\xff\xfe\x0e\x07:22\x1a\x83\x86LD\xc4\x93\xcdY\
qlH\xa8\x1e!\xfa\xbfK m~\xb9|\xf9r\
\x9c<y\x123g\xce\x04\xd9\xd2\x8a:\x1a6l\x8e\
\xc9S\xd2\xd1\xb8i#\xf6BQ\xfa\x8cf\x1e\xec\xd7\
\x06\x96\xe7lU:\x80s\xe6\xcc\xc1\xc6\x8d\x1b\x99\xb3\
R^F\x84\x00\xc6?\x9f\x84\x88\x88\x96\xa2g\x17F\
5\x96Z\x5c\xb9r\x09\xfb\xf7\x7f\xcc\xd6\xbdS}\x0b\
A\x9b2eJEqc\x9f\xb3h\xd1b\x1c8\xf0\
\x0dRRS!\x93\xf3\xd0\x90\xf7\x19D\xeb\x02)t\
\x10\xb3/\xce\xb4\xa1\xacT\x00I\xea\xa8z\x99\xe0\xd5\
\xaaU\xab\xdc\x01'\x80\xfaju\x10\xa6\x0b\xc6\xdd\xbb\
\xb7\xf1\xeb\xafWq\xe6\xccI\xb4h\xd1\x82\x85\x18\xfd\
\xfa\xf5cM\xef*\xfa \xc7\xabq\xe3\xc6\x983\xef\
\x7f\xf0\xd8\xe3\x8f1\xe9S\x93\xf3\x12\xaca*\x94\xd6\
\xc7\xdb\xf7M+\xeb\xf9*\x05\xc0\xbf\xfe\xfa\x8by\x9a\
Z\xad\xd6\xe52\x06\xf2\xf2t:\x1d\x0b-h\xdf\xdc\
\xe6\xcd\x9b{\xb5\xef\x8b3/\xc3\x981\xe3\x90o\xd2\
bx\xe2\x10f\xfb4j\x05+\xa5'\xf5I3\x0f\
\xd4\x08\xb6<\xe7\xa5\xd2x\xa1\x17.\x5c`At\xb7\
n\xddX@]\xd9\x0fr\xbeF\x8f\x9e\x88\x15+\xd7\
C\xa1V\xb3\x99\x07\xb5\x86\xbcc5\xc2JH\x9f3\
y[\xbf\x96\xc0\x03\x07\x0e`\xc4\x88\x11\x986m\x1a\
\xab\x02\xab\xec\x07\xd5}\x92\xfa~>1\x05\xcf\xb6k\
S\xecyR\xe9<I\x9f^K\x0d\xefhwP\xb1\
c\xa13\xb3'~\x0b\xf0\xfd\xf7\xdf\xc7\xa8Q\xa3X\
\xbf\xb2\xf8\xf8\xf8\xca\xce\x8e=\xff\x88\x11\xa3\x90\x9f\xaf\
\xc2\xa81\xa3 \x13dP*\x14\xacO(e^(\
l\x10\xf3\x9eb\xfbeg\xa4\xcfo\xe3@\x0a\xa6)\
)M9Mo%\x90+\xfa\x8dX\xbe\xfcm\xbc\xb3\
v\x0b\x96\xcc\xcf\x04'\xf0PP\xdc\xa7S\xb0~0\
R\xd7^\xa9\xc9\x9d\xb3\xd2\xe7\x97\x00)(?s\xe6\
\x0csV\xea\xd5\xabW\xd1\xe3\xec\x95\xcf#S\xd0\xb3\
\xe7@\xbc\xbdr-\xea\xd5\xadU\xac:)\xee\xa3\x89\
[R\xa1\xae\xb6\x99\xf4;'\x86\xe21J\x8bQ\xa2\
\xf9\x83\x0f>p\x98\xbc\xf5\xca\x08{\xf1\xa6\xe7\xcf\x9f\
G\x97.\xbd\x90\xfc\xc2+x\xe6\xe9\xa7\xc0\xf12\xa8\
\x94Jh(\xb5Gq\x1fu\xeau\xb3\xdd\xb2\xdfH\
\xe0\xe5\xcb\x97\x91\x90\x90\x80N\x9d:ym\xc6\xdb\x8b\
\x8c\x1c\xde\xfa\xfa\xf5\xeb\x88\x8a\xea\xcej]\xfe\xd5\xa3\
\x1bS\x9dJ\x81\x87\x8aV\x1e\xe9Iu\x8a\xf0\xdcQ\
\x9d~#\x81\x9f\x7f\xfe9sVHuz\xba\xd2\xd9\
\x17\xd0\xa4\xcf\xbcq\xe3\x06bb\xfa\xa0C\x87\xde\x88\
\xed\x17[\x04O`\xbb\xb5\xd0,\x03\x05\xeb\x94\xde\xa3\
ed\xe2\xb6t\xe5\xcfO\x96\xf6}|\xea\x85\x92\xaa\
\xa4\x18o\xf3\xe6\xcd\x18<x\xb0/\xc7\xdb\xa3\x9f\xfd\
\xe3\x8f?\xa2_\xbf8t\xec\xd8\x1b}\x9f\xeb[\xec\
\xb4\x10<5\xa9N\xb2y:5\x83G^\xa7\x04\xcf\
\x99\xb0\xa1\xe4\x83\xfa\x0c\xe0\xe2\xc5\x8bY\xd6\x9f \x92\
\xea\xac*\xc7\xd7_\x7f\x8d\x81\x03\x87\x2266\x11\xbd\
\xfa\xc40xr\x9eg\xd9\x16\x82G9Y-I`\
Q?PW\xca;\xfcJ\x02\x09 \xd5YR\x9cW\
U\x00R\xbdhB\xc2x\xa4\xbd\x92\x81\xa8\x8e\x1d\x00\
^\xc6\xe0\xa9Ub\x9d\x8b\x8eB\x06\x1dmz\xa5\x84\
\xa0\xa4Ie\xf7\xf7L\xf2\xb9\x0d\xa4\xf5\xe5\x9b6\xe5\
b\xf8\xf0\xf8*\xa1B\xd3\xd33\xb0v\xed&L\x9d\
:\x1b\xcd\xc2\x9b2x\x14\xebQ\x0d\x0eI\x9e\x04O\
\xadV\x14oxEU\x82\xaeT\xc7\xf9\x95\x04\x12@\
j\x16p\xe4\xc8Q$&>\xcf6\xde\xa8\x8cN\x0c\
y\xd0\x13&\xbc\x00\x9bM\x8b\xb1c' 84\x88\
\x85\x0ar\x06OT\x9bZ\xcau\xeaT\xecw\xda\xad\
L\xda\x9a\xfca\xe1\xf94\x8c\x90\x00R\x07\xc0s?\
\x5c\xc1\xa4\xa4$DE\xb5\xabTa\x04M\x04O\x99\
\x92\x8e\xe4\xe4T\xf4\x8e\xed\x09\x19/c\xf0hz\x88\
\xca#4\xe4ejU\xac\xb2\x8c\xbaZ\xd8\xc3s6\
UV\x9eo\xe03'Fj[E\x09\xde\xbc\x82B\
\xfcy\xeb\x1eRS\xa7\x82*\xe1)\x85\xe6\xa8\x0a\xab\
\xbc/T\x11\xff\x7f\xe8\xd0!\xbc\xfaj:\xac\xcaP\
\x8c\x1c2\x0a\x8f\xd5\xab]l\xef\xa8\xda\x8d\x16c\xea\
\xd4\x0ahh\xbbU\x8d\x92M\xd6\x92\xcd\x93$\xcfS\
\xf0|*\x81R\xdb*\x92@\x11\xa2\x01yy\x85\xc8\
\x983\x07W\xce\x9fEv\xb6\xff\xa5\xd2\xa8\x5c\x7f\xfe\
\xfc\x058~\xfc\x1b$\x0c\x9f\x80\xe8\xc8\x8e\xe0d\x1c\
\x93:rH\xa8\x86E\xa5R\xb2\xed\xe44\x1a\x15T\
\x04O\xa5\x00\xaf\x903x\x9e\xb0y~\x13F\xd0\x83\
\xb0\x1dT\xac\x80\x89Z9\x1aM\x0cb~A!\xde\
~s\x15rs7\xb0|\xa8?$\xb3\xa9:\x9b\xd4\
\xe5\xa1C\xc7\x11\x177JT\x97E\xe0x\x19\x0f\xa5\
B(*\x09T@\xad\xa6\xe0\x5c\xc1@\x92\xcd#;\
'm;\xee\x09\x9b\xe7W\x00\xed!\xd2\xd6?\xf4C\
\xad\xfe\xf3\xef\x17b\xfb\xf6]\x98:u,\xb6n\xdd\
\xea\x93\xe9$j{E\x09\x865k\xd6\xe3\xe6\xcd?\
\xd0\xbbw\x02\xba\xf5\xe8\x0a\xb9\xc0S\x8d>+\x14V\
(\x04(\x95\x04P\xc9*\xaa\xd5Z\x05T\xe4\xb8(\
\xe4L\x1a\xa9\x02\x9c\xe7E\xc9s'Hw\xc6\x1c\xf8\
\xcc\x06\xda?\x9c$\x89R\xab\x7f\xea\x12_P`\xc0\
\x81/O`Z\xca(V-V\x11\x13\xbaT\xab\xb2\
k\xd7n\xe4\xe4\xe4b\xcf\x9e\x83\xe8\xda\xb5'\x22;\
wA\xdb\xa7\x22\x98\xaa$\x12\x04N.\x17\xa5\x8eV\
\xcd\xaaImjD\x80\x04M\xa9$\x95)@\xe0\xb8\
\xe2IYo\xc1\xf3\xa9\x0d,\xf9v\xd9\xb7\xfa\x97\xf6\
k \x88\xe7.\x5cF\xda\x94\xc9\xe8\xd9\xb3\xb3\xc7K\
*h\xa6\x80V\x1c\x1d;v\x1c\x87\x0f\x1f\xc3\x993\
\x97\x10\x1d\xdd\x1dO\xb5k\x8b\xb6m\xda\xb0\xe5d\x04\
\x8d\xe3\x00\x81\xe3!0p<\x9b1\xa1\xf8\x8e`\xa9\
\x95J(Tr\xa8\x18P\x01\x1cG\xc1\xf9\x03\xa9\xf3\
&<\xbf\x02H\x0fS\xb2\xd5\x7fa!\xed\xd9``\
;\x8aMO\x9b\x86\xb00%Sk\xae\x1c3g\xce\
\x82\xc1`\xc0\xdd\xbbwq\xeb\xd6\x1d\xdc\xbc\xf9;(\
\xd1|\xf5\xea\x0f\xa8[\xb7\x05\x9a5k\x81\x86\x0d\x1b\
\xa1q\xb3&h\xf4\xc4\x13\xcc\x9bd\xcb\xd0\xc0\x81'\
\x89\x13d\x90\x0b26\x87GR\xc7@\xa9H\xf2\x94\
\x90+\xe9wiw\x15\x11\x9c4\x19\xebmp>\xcf\
\xc48\x82 Ad\xfd\xa9)\xd8/\xa4M)M(\
\xc8/\xc4\xac\xd9\xb3q\xfd\xea\x05\x16f8[VX\
\xadZ#\xd4\xa9S\x97I\x8b6X\x8fP\xbd\x1e\xc1\
5\xaa\xa3F\xf5\xea,\x91\xcc\xdeb\xd8@\xc8\xc81\
\xe1e\x1cd<\xcf\xa0q2\x1e\x0a9\xcf$\x8b\xa7\
i R\x97\x0a\x01rJ\x83I\x0bd\x04Q]J\
v\xce\x93!\x823/\xaa_\xd8\xc0\xd2\xd4\xa9\x14f\
P\xa7x\xf2P\xf3\x0b\x8d\xc8/0\xe0\xad\xa5\xcb\xb1\
s\xe7vl\xd9\xb2\xc1\xa9\xc2\xde\x01\x03\xc6\xa2I\xb3\
\xc6\xc5A6\xd90\x82\xc41\xd5H\x85C6\xc8\xb8\
\x22x\xf4\xa7\x9c\x87\xc0s\x0c./\x88RG\xf9L\
\xb2o\xbc\x5c\xc6\xc0\x91W\xc9\xd1V\xa9$\xa5Lb\
\xc5\xe5\xdb\x15%u\xf6\xe3\xe5\x97\x00\xa5\x07\x94\x9c\x1b\
\xc9C-0\xd0fT\x85\xc8\xc9\xf9\x08/\xbf<\x81\
5\x1b(\xaf\xb4>.n\x1c\x9a\x867asn\xcc\
k\xa4\xa5\xca\xe4E\x16\xc5e\x04\x92\xa9J\xe6t\xc8\
 \xa3=\xdd\x15<\xe42\x9e\xc1$\x09\x14dd\xf7\
\xe8\x876t%5)\xed\xf9\xee;p~\xabBK\
J\xa3=D\xfa{A\x81\x91\xd9\xc5}\x9f}\x89W\
\xa6\x8e\xc7k\xaf\xbd\xe6pq\x0b+\xad\x8f\x1f\x8f\xa6\
-\x9b2/Q\xa5R\xb0i\x1d9\x05\xd6\x02\x81\x94\
Af\xa3\xa8\x80V*q\xcc\xfe\x09\xf4\xc3b7q\
M\x1e\xd94\x82F1\x9c\xb4<\x9b\xa9]\x1fI\x9c\
\xdf\xc5\x81\xce\xe8\xf9\x92\x1e\xaa\x04\xf1\xec\xd9\x1f\x90\x92\
2\x11qq}J]^F\x00\x07\x0eLB8-\
/\xd3)\xa0\xd7\xa8Yz\x8b\x16Q\xf2r\x9e9*\
\x22\x18qV\x80\xa0\x100+\xa9R\x9b\xf8o,`\
/\xa1\x22}\xa1*\x1d\x8d\x93_\xabP\xfb\x87v\xe4\
\xa1\xfer\xf3\x16R^\x9a\x82\xfa\xff\x15\xc6\x16\xbd\xd8\
\x1f\x04p\xc0\xa0$qu\x92T<KED*\xea\
\xfa \x87\x8d\x00\xd9\x1eH\x13\x85\x0b\x92d\x114I\
\xd2\xec\xfft\xe6\x85\xab\xc8s*\x0d@\xfb0\x83<\
T\xdai\x93v\xd8\x94<\xd4\x19\xafd\xe0\xb7\xdf~\
Dv\xf6\x07\xc5K\xac\x09`\xdc\xa0d\xb6'\xdf\x83\
u\xe7Z\xb6_;\xd9D{\x95X\x12\x92?IY\
Y/D\xa5\x02X\x12bq\x0e\xb5\xd0\x80\xfc|\xda\
\xf3\xf6M\xec\xd9\xb3\x1399\x1bY\x93\x03\xfb\xe5e\
%\x1b\xe7H+t\xbd\x91\x9f\x0cH\xa0\x13#\xf0\xf7\
D\xb8\x19\xe4\xa1\xe6\xdf/\xc0\xc6\x8d\x9b\x91\x999\x07\
T\x9a\xbf`\xc1b\x87\x0b<\xcb\xdb\x19\xd3\x89G\xf0\
\x8bS*\x9d\x04\xda\x8f\xda?=T\x03\xf3R\xf7|\
\xfa9^M\x1b\x8f\xd0\xd0\x9a\x98:\xfdu\xa7\x96X\
\xfb\x05\x0d7\x1e\xa2R\x03\x94T*MIQ\xacH\
vQ\xf2PO\x9d:\x8f\xb4\xb4\xc9H\x9d>\xdb\xa5\
&\x07n\x8c\xa1O/\xa9\xf4\x00\xed\xed\xa2\xb4]\xaa\
\x94C\xfd\xe3\xf6]p6\x0e\x16\x9b\xcd\xa56#>\
%\xe2\xe2\x87W\x09\x80\x8e<\xd4|\x83\x09\xc6\x02#\
\xccV+\xcb\x9e\xd0\x5c\x9d\xb3\x8d~\x5c\x1cG\x9f\x9d\
^e\x00\x96\xe6\xa1ZMf\x18\x0c&\x98\xac\x16\xb7\
Zm\xf9\x8c\x8a\x0b\x1f\x5c\xa5\x00\xdaC\x94\xec\x22`\
\x05\xa9V:\xdciv\xe7\xc2X\xfa\xe4\xd4*\x07P\
\x1aE)\xfdF \xad\xd6\x07Y\x15w\xdaM\xfa\x84\
\x8c\x93\x1fZe\x01\xdaK\xa3\xfdX\xf8K\x12\xdaI\
>\xe5\x9eV\xa5\x01\xda\x7f\xfb\x87m\xb9\x5c\xeeH\xfa\
\xe8\x84\xff\x18\x80>\x1a_\xaf\x7fl\x00\xa0\xd7\x87\xd8\
\xbb\x1f\x10\x00\xe8\xdd\xf1\xf5\xfa\xdd\x03\x00\xbd>\xc4\xde\
\xfd\x80\xff\x07\x01\xd2\xcf8O2?n\x00\x00\x00\x00\
IEND\xaeB`\x82\
\x00\x00\x1a>\
\x89\
PNG\x0d\x0a\x1a\x0a\x00\x00\x00\x0dIHDR\x00\
\x00\x00K\x00\x00\x00d\x08\x06\x00\x00\x00\xce\xb4\xcd\x09\
\x00\x00\x00\x01sRGB\x00\xae\xce\x1c\xe9\x00\x00\x05\
\xe7tEXtmxfile\x00%3Cm\
xfile%20host%3D%\
22Electron%22%20\
agent%3D%22Mozil\
la%2F5.0%20(Wind\
ows%20NT%2010.0%\
3B%20Win64%3B%20\
x64)%20AppleWebK\
it%2F537.36%20(K\
HTML%2C%20like%2\
0Gecko)%20draw.i\
o%2F26.0.4%20Chr\
ome%2F128.0.6613\
.186%20Electron%\
2F32.2.5%20Safar\
i%2F537.36%22%20\
version%3D%2226.\
0.4%22%20scale%3\
D%221%22%20borde\
r%3D%220%22%3E%0\
A%20%20%3Cdiagra\
m%20name%3D%22Pa\
ge-1%22%20id%3D%\
22ij-Kh1wTannebz\
Im1tEp%22%3E%0A%\
20%20%20%20%3Cmx\
GraphModel%20dx%\
3D%221434%22%20d\
y%3D%22956%22%20\
grid%3D%221%22%2\
0gridSize%3D%221\
0%22%20guides%3D\
%221%22%20toolti\
ps%3D%221%22%20c\
onnect%3D%221%22\
%20arrows%3D%221\
%22%20fold%3D%22\
1%22%20page%3D%2\
21%22%20pageScal\
e%3D%221%22%20pa\
geWidth%3D%22116\
9%22%20pageHeigh\
t%3D%22827%22%20\
math%3D%220%22%2\
0shadow%3D%220%2\
2%3E%0A%20%20%20\
%20%20%20%3Croot\
%3E%0A%20%20%20%\
20%20%20%20%20%3\
CmxCell%20id%3D%\
220%22%20%2F%3E%\
0A%20%20%20%20%2\
0%20%20%20%3CmxC\
ell%20id%3D%221%\
22%20parent%3D%2\
20%22%20%2F%3E%0\
A%20%20%20%20%20\
%20%20%20%3CmxCe\
ll%20id%3D%222%2\
2%20value%3D%22%\
22%20style%3D%22\
verticalLabelPos\
ition%3Dbottom%3\
Bsketch%3D0%3Bas\
pect%3Dfixed%3Bh\
tml%3D1%3Bvertic\
alAlign%3Dtop%3B\
strokeColor%3Dno\
ne%3Balign%3Dcen\
ter%3BoutlineCon\
nect%3D0%3Bshape\
%3Dmxgraph.citri\
x.calendar%3B%22\
%20vertex%3D%221\
%22%20parent%3D%\
221%22%3E%0A%20%\
20%20%20%20%20%2\
0%20%20%20%3CmxG\
eometry%20x%3D%2\
2160%22%20y%3D%2\
2190%22%20width%\
3D%2275%22%20hei\
ght%3D%22100%22%\
20as%3D%22geomet\
ry%22%20%2F%3E%0\
A%20%20%20%20%20\
%20%20%20%3C%2Fm\
xCell%3E%0A%20%2\
0%20%20%20%20%3C\
%2Froot%3E%0A%20\
%20%20%20%3C%2Fm\
xGraphModel%3E%0\
A%20%20%3C%2Fdia\
gram%3E%0A%3C%2F\
mxfile%3E%0AS\xd6\xda\x9e\
\x00\x00\x14\x05IDATx^\xed\x9dip[\xd7\
u\xc7\xff\xd8\x08\x82\xc4\xca\x0d$E\x8a\x04HQ\x12\
IY\xb2\x16j#)Y\x8a(\xc5v\xd2(uZ\
;\x9d\xa6\xedxZw\x12\xb7\xe3\xb6\x1f2\x93n3\
\xfd\xd8N\x9b\xccdi'u:Y<I\x9b\xc4q\
c;\x8ec[\xaee\xab\xd6.+\x91e\x91\x14E\
\x8a;@\xac\x0f\xfb\xce\xf6\xdc\x87\x07=\x80 6\x82\
\x82d\xfb\x8e94\xc9\xf7.\xce\xfd\xbd\xb3\xdf\x0bH\
\x82\xc2G___\xdf1\x93y\xcb\x17\x83\x01\xef\xd9\
S\xa7^\xfbW\x00\xe7\x01,\x17>\xc5\xfd}\xa5$\
\x8f\xf8[\xfa\xfb\xfbG\xda;\xbb\xfe\xac\xa9\xa9mC\
{g\xb7\xaa\xd3\xdc\x03\xfb\x92\x053\xb7\xc7\xa3W\xaf\
\x9c\xb3\xbc{\xe6\xf4c\x00.\xdc\xdf\x18\x0a\x93~U\
X\xc7\x1f\xf9\xecC~\x0f\xf7\xe2\xf0\xd1G\xd4&s\
\x0ftzCjF\xb9,\x8e\xf1\xf1\x0f\xf0\xdf/\xfc\
\x18\xe7\xde~\xf3S\x00^.\xec\xe5\xee\xef\xabV\x85\
\xf5\xc7\x7f\xfaW\xbf\x1f\x8e\x84\xbf\xff\xe8g\x9e@\xb5\
R\x06\x8be\x16\xa3\xa370\xbf0\x97Z\xf1\xc2\xdc\
4\xde9\xf5\xab\x8fa\x89a\xc5\x22>\xfc\xfc\xa5\xe7\
\xd1e2_m\xdd`\x8c\xfc\xf4\x85\x17\x07\x8c\x8d\x8d\
\xf8\x18VRo\xfe\xe8\xc9?\xff\x83h\x22\xfe\xddO\
\x9f\xfc<\x04X\xff\xf5\xbdoK\xfe\xe9\xab\xdfz\xe6\
\x17\xaf\xbf\xfe\xd5\x8fa\x012\x00;vo\xddzR\
\xa9T=50r\xb2a\xff\xe0\x11D\xfcN\xbc\xf4\
\xeaK\xf8\x18\x16 \x05\xf0\xe0\x81\xbe\xbe\xcf\xe9\xaa\xab\
\x9f\xe8\xad\xabk1%\xe2\x8a\xce\xcd}\x08\x9cx\x9c\
\xe9\x99\xe7\xfae\xbc>\xfa>\xbe\xb2\xad\xe7\xfa\xfb\x12\
\xc5\xfc\xbf\x9fzk\xe4#\xa9Y\x0fo\xde4k6\
6\xb7lQ(d\x9b\xf4z\xd4(\x14\x0cP\xc4\xd8\
\x06\xc7\xd1\xcf\xa6\xc1z:\xcc\xb1\x9f\xc3\xcb@`K\
\x1f~p\xed\x1a\xdex\xe5\xc5\x7fs\x85\xc2\xdf\x02p\
\x1d@\xe2\xfe\x8ew\xb9\xa5\x97\x0cl\xeeYx\xbc\xad\
\xa9E\xdd\xd0\x88\x86\x966h\xa52(\xe6\x17\x10k\
nO\xc1\xf2\xdf\x1e\xc5\xab\x97\xcf\xe3o6\xb5#\xea\
\xf5\x22\xe6\xf3!\xecp\xc0\x16\x0cb\x8a\xe30\x03I\
l\x9c\xe3\x96T5\xeaw~\xf6\xbf\xef|3\x09\xce\
\xf9a\x03'9\xb0u\xcb\xfcc\xad\x0d\xadi\x0b\x93\
H\xd02p\x08\xb2}\x9fd\xbf\x0eL\x8f\xe1\x97\x97\
\xce\xe1\xef\xfa\xba\xd2.KD\x22\x0c^\xc4\xe9\x84\xd7\
\xe5\xc2$\xc7\xe1v(\x9c\xb8\x19\x0czB\x89\xc4\x95\
+cc\xcf.\xf8\xfd\x94\xe5O~\x18\xc0e\x87\x05\
@\xd9fF\xe3o?\xc5\xd6\xe8\x9a\x19\xc3\x9b\x17\xcf\
\xe1+C{ w\xb9\x81\xe5\x95\xd6&\x80\x13\xb4n\
\xc6\xebeZ7\x19\x8b\xf9l\xe1\xc8\xdc\xec\xdc\xdcs\
Wm\xb6_\x02x\x9f\xac\xfc~\x84W\x10,\xc7\xe4\
u\xbc\xf5\xde%<\xd1\xa6\x87D&\x83\xbe\xb9\x15\xea\
j\x15\x94\xc10$~_\xd6u\x13<2U\x82\xb7\
d\xb31\xad\x9b\x8eD\x137<\x1eG\xadZ}\xfe\
\x8d\x8b\x17\xbf\xce\xc5bW\x01,\xdd/\xe0\x8a\x86\x95\
\xb9\xb0\x9a\xbazhu\x06\xa8\x00\xc8\x9d\xaeU\xc1\x09\
\xe6\x1a m\xe38Ly<\x98\x88\xc6\xbcq\x99l\
jlr\xf2\xdb\xd7l\xb6\xd7\x01\x8c\xdf\xcb\xe0\xd6\x0c\
K\xbc8\x99\xa2\x0a:c\x0bj\x95J(\x03\x01H\
\x02\xc1\x15k\x17\x9b+\x01\x9cs:yx\x91hd\
!\x18\x9c\xd7\xea\xeb.\xfc\xf0\xed\xb7\xfe%i\xae\x81\
{\x09^Yae.\x8c\x22\xacF\xabGu<\x01\
\xb9\xdb\x9d\xd7\x5c\x1d\x0e\x07\xf3sS~\xff\xf2\xa8\xcf\
\xefR\xa9TWoLM={\xddn?\x0d`a\
\x1d\xc1\x91a\x90#\x0e\xe7z\x8dUai{\x1e\x80\
\xee\xc8I,+k \xf6Y\xa5\x0a,WVC\xd7\
dDm\x95\x12U\xbe\x00$\xa1\xdcZ\x17\xb4\xdb\xf9\
\x00A_\xe1H $\x95\xceZ\x16\x17\x9f;3?\
\xff3\x00\x1f\x94*\x87\xe8\xbe\x0d\x00\xfa\x8e\x1c{\xf8\
\xe9x,~@\x82\xe5H$\x1a\xfa\x8fw\xcf\xbc\xfd\
\x03\x00c\xd9\xe6_\x15\x96\xa6\xb1\x09\x8d]\xddHh\
\x1b\xe0\x8e\xc6\xa1\xf4:P+\xa7d\xbf<C\xd3h\
\x84F\xa3\x852\x16\x87\x9c\xe3\x93]\xf1\xc84\xd7E\
\xb7\x9b\x87\x17\x08\xc6\xe7#\x11\xa7F\xa39\xff\xee\x07\
\x1f|}\xca\xe9\xa4\xd4d\xe5\x04\xd9\xc5l\xdb\xbe}\
\xfb\xc9N\xf3\xe6\xa7%\x12\xb9n\xd3\xe6^cS\xcb\
F\xb4o4!\x1c\x0a\xe2\xe6\xf8\x07\xb8x\xeet\x98\
\xf38\xbes\xee\xcc\xdb_\xca\x9cbUX\x04\x8a\x80\
\xe5\x1a}'\x1e\x81\xe3\xf6\x14\x1c\xb7'\x11\x0d\x85J\
\xa6\xa8\xa8\xa9\x81\xae\xc1\x88Z\x85\x02\x0a\xaf\x0f\x92\xf0\
Jk\x10GW\xb7\xd3\xc9\x9b+\xc7\xe1V$\xea\x97\
\xcad\xd7\x16-\x96\xe7\xce,,P_m:\x87 \
\x8f\xfe\xce\xe7\x9f|\xe9\xa1O<\x8a\xfa\x86;k\xa3\
\xfe\x9c\xddne-\xa8\xd1\xd1\xeb\xb0/\xcc\xfc\xfc\xc2\
\xf9\xb3\x9f)\x18\xd6\xc6\x07wA\xaeT\xe6\x04\xd0\xb1\
k\x00\xf5&\x13\xea;M\xe0\x16\x16\x188\xfb\xedI\
p\x0b\xf3%\x83\xa3\x1b\xb5\xc6f\xa8\xd5ZTG\xa3\
\x90q\x9e\x9cZG\xe9\xc9m\x8f\x87\x07\x17\x08D\xbc\
\xcbX\xf0\xba\x5c\xcf_\xb0\xd9~\xc4\x05\x02\x94\x9a\xc4\
E\x13<\xfa\xe5\xbf\xfd\xc7\x97v\xed9\xc8~u\xee\
\xec\xa9T\x7fn\xcb\xe6\x1e,,,b~~\xaex\
X\xe6}\x07\x0a^\xb0D*E}\x07\x0f\xad\xc1d\
BU\x8d\x9aA\xe3\xb5n\x0aa\x9f\xb7\xe0\xb92/\
T\xaa5\xd0\xd57@%#\xad\xf3B\x12I\xcfg\
3\x93a{\xb2\x04\x9b\xf2x\x97\xa7\x22aN\xa7\xd6\
\xbc79=\xfd\xec\xd9\xc5\xc5_\x01\xd8/\x86\xf5\xfc\
\xf3\xdf\xc3\xce\xed\xdbO\x7f\xf9/\xbft\xf8\xf0\xc3'\
\x97wn\x7f\x00\xa3\xa3\xa3\xc5\xc1\x22\x8d\x22\xcd*u\
\xa8\xf4z4t\x98P\xc7\xe0\x99\x11p:aO\x9a\
\xabs&\x97\x95\xe4\x7fE\x1d%\xc4\xb5j(\xc3Q\
\xc8\xbc\xe9Z\x97\x09.\x1c\x8f\xf3i\x09\xd3\xba`h\
\xda\xe3\xb1\xec\xfd\xdc\x1fv\x0e\x0e\x8f\xb0\x17\x22XG\
\x86\x07\xff\xe2\xa9'\xbf\xf0\xb5\x92a\x09\xce=\xbf\xe8\
\x85]ah\xef@C\xa7\x89\x99lm]\x03\xafq\
\xd3\x93pLM!\xe0\xce\x9e\xc8\x162s\xb5V\x07\
m]=j\xa8\xf8\xe7\xbc@,\x9a\xba-\x13\x1c\xfd\
a\xd6\xeb\x85\xfc\xa9\xbfN]C\xb0\x8e>\xb8\xe3\xef\
\xff\xe4\x99/\xfeCA\xb0\x06\x07\x87.}\xf7\x1b\xdf\
\xd85w\xf9\x02f/]\x80m\xfc\x06\x8b\x82\xf9\x9c\
;\xbd\xe2\xce\xc7~\x17>\x9b\x0d\xf6\xa9I8gn\
\x17\xb2>T\xa9\xd5L\xeb\xc8d\x09^4\x10b\xe0\
\x98\xe6MMa9!v1\x05M\x99\xbaH\xdf\xda\
\x06\xb5\xaa\x06\xcap\x04R\xef\x1d\xd3\x17\x83\xbb}\xfc\
\xf7\xd2`\x9d\x8c\xfa\xd1\xdd\xb6!|jY\xa6\x5cL\
\x00\xe3\x93\x93\xb0\xcc\xdc\xfa\xc5\x95\xcb\x97\x1e]\xe1\xe0\
\x09\xd6\x8b/\xbf\x92\xb29\x9fm\x09\xae[\xe3\xf0,\
\xcc\xc1q\xebfNi\xf5mmh0u1S\xab\
1\xd4\xc1>9\x09\xfb\xd4-\x06/\xb2J\xcd\x989\
\xa1\xae\xb55\xe9\xef\xcc0\xb4\xb5\xb3\xc8z\xf9'\xff\
Y\x1c\xa5,W\xab\xf4\x06h\x0duPA\x0a\x85\xa8\
\xf8\xbf\xbeep\x05\xac\x0d\x89X\xeaw\x97\xfc\x01\xbc\
6;\xeb\x95I\xa4\x17.\x8e\xde\xf8\x8e5\x18\xbc\x04\
\x80\x81\x90d\xc2\xa2_\xcae2H$\x12\xc4\xc3a\
\xd8n\x8d\xc311\x06\xdb\xc48\xfby\xb5Q\xad\xd1\
\xa2\xc1lF}g\x17\x1a\xcdfx\x97\x96\x184\x82\
\xc7-\x16\x96|\x93\xaf$\x8d\xb3\x8e\x8d\xae\x19\x96x\
\x02\x89T\x06}K\x0b\xd4\xd55\xb8\xd5\xb05\x0d\xd6\
\x13uj4\xfb<\xac\xd5$\x1ed\xb2\x14eos\
\x1e\xcc\x00\xe3*\xbd\xe1\x5cNX\x99\x12\xdb\x09\xdc\xad\
\x9b\xb0O\x8c#\xc4e/_\x84{\xc8\xc4\x1a:\xbb\
\xd0`\xee\x82\xbcJ\x99\xd48^\xeb\xe2\x19\x11\xad\xac\
d\xf2L\x16\xd9\xfb[i\xb0\xbe\xd0\xd9\x8a\xceZ\x15\
\xc4\xbd\xb9Lp\x1e\x8d\x1ac\xc1\xc0*\x9a%\x97A\
\x82\xdc\x9b\xd5\xdc\xc2,\xec7\xc7A\x00}VKN\
\x11k\xea\xeb\xd1\xc8\xc0\x99\x19\xbcS_\xfbg\xc4\xc2\
\xa5'\xb1k\x81\x9b\x09\xebX\x8b\x1e=\x1d\x1bQ\xab\
\xac\x86l\xc9\x06\x85T\xca\xc0\xb9'\xa7\x10l\xa8\x83\
\x8bs\xc29=\xc5^2\xbbf\x15\x00K,p\xc0\
icf\xea\xb8y\x13\xae\x19~\xe2\xd5\x86T\xa1@\
\x22z'j\xade\xe1\xa5\xdc\x9b\x09\xebh\xa3\x1aM\
Jy\xdaT\x06c3\x16~s\x15\xee\xb9\xd9\xb4\xdf\
\xaf\x805qs\x1c\x1d\x9d\x9d\xa8Q\xd5\x94\x22\x0bs\
\xec\xa4mL\xeb&\xc6\xd7\x14\xddJ\x12\xa0H3\xcc\
\x06K!\x931W1\x7f\xf5\xca\xea\xb08\xce\x8d\xd9\
\x99i\xc8\xa4R\xe6\xe0\xf5z\x03\xf4\x06=4\x1a]\
Ir'\xe21\x06L\x80\x17\x0d\xf8K\x9a\xa7\x9c7\
\x15\xa2Y\x04\x8b\xd6\xef\x98\x9c`\xa9\x910Vh\x96\
DB\xd1P\x0e\xbf\xdf\x07\xce\xed\x86\xcb\xedB$\x1c\
f\x07C\x0cz=tz=\xa4R\xda\x8b-~\xb8\
\xa6\xa7`\x9f\x18c\xf0\x02\x0eG\xf1\x13\x94\xe1\x8eB\
`\xe9[Z\x11\xb0-!\x16\x0e\xa7i\xd7\xaa\xb0\xc4\
r\x85\xc3!\x06\xce\xedv\x81\xe38\xe8\x93\xd0H\xf3\
\xaa\xaar\x17\xdb\xab\xad\xcfk]\x80}\x82\x8f\xac\x94\
\xd3\xdd\xad\x11o\xdb\x82eM=\xeb\xd3\xfd\xf4\xe5\x9f\
\xe0\xd3\xcd\xda\x15\xad'\x01\x16\xc94}\xfel~\xcd\
ZM\xf8x\x22\xceCs\xb9\xd8w\x95J\xc5\xb4\x8e\
\xc0\xd5\xd4\xd4\x96\xb4\xe6\x10\xe7\xe2\x03\x04}MN\x94\
4G9o\x12\xc3\xb2\xde\xb8\x8e\x90\x87\xafA\xb3F\
C\x85<=:\xe4\x12\x84\xf3\xb8\xc1\xb9\x09\x9c\x9b%\
\x1b\x028\xad\xb64?\x17\x0b\x07y?\xc7\xb4n\xac\
\x229\x99\x18\x167?\x97\x8a\x8aeI\x1d\x04\x98\x81\
\x80\x8fA#\x8d\x0b\x05C\xc9\x00AZW\xba\x9f\xe3\
\x83\xc3\x18\x1c\xb7\xc6SO\xb8\x9cZ\x94m.1,\
\xd2*\xd2\xaeU5K^d\x9e\x95\xed\x05#\x910\
\x83&\xc0c\x91U\xafg\x00K\xf5s\xdc\xfcL2\
\x9f\x1b\x87\xcff]7f\xc5\xc1J\x86\xcerI\x93\
`~\x8e\xd78\xb7\xcb\x85jU5\xafut\x10\xa5\
F]\xd2\xcb\xf8\xed\xb6Tdu\xaf\xb1G\x96)@\
Eae\x0a\xe3\xf1p|\x90p\xbb\xd8Qg>\xba\
\x1a\xa0\xd3\xeaK\x02\x17\xf6yXp\xb0M\xdcd\xe6\
\xba\x9cX\xdba\x9e\xa2`\xc9dRH%\xe5\xdb\xc9\
\xc9E \x10\xf0\xa7\xc0\x05\x83A\xa6q:\x03\x1f]\
e%\xe4s\xf1X\x94\x81\xe3\x83\xc48\xa2\xc1\xe2\xf7\
i\xc5\xb0\xc4\xb9VV\x07O\x19\xbcTzw`\x89\
A\x0a~\x8e\xcf\xe9\xdc\xd0\xe9t<<\xbd\x1eJe\
uIZ\xe7\xbc}+\x05.\xe8*\xec\x14T\xc1\xb0\
\xae\x5c\xbe\x88\xf6\xf6\x8d0\x1a\x8d\x90\xc9\x0aO!J\
ZI\x8e\x9b\xc8\xcf\xf1\x15\x04\x9f\x9aT)\x950$\
\xc1\xd5\xd6\x96\xe6\xe7<\x16J\x84\xc7\x18<o\x8e\x1e\
[A\xb0\xc2\xa1\x10\xacV\x0b|^\x0f\xa2\xd1\x084\
Zm\xea\xc9V+i\x87\xbbr\xc3\xeb\xe5\xe0v\xf1\
Abyy\x99i\x1b\xd3:]i~.\xe8v\xa6\
4\xce9u+ma+`9|\x90tl\xce\x9e\
\x94R}H>\x8b\xe3\xf8\xd0OOV\xa1\xa8bE\
59bu\xad\xa6r\xd4\xe8p]0\xc0'\xc2.\
\x17\x82\xc1@\x0a\x1c\xf3s%X\x03\xf95\x96\xcfM\
\x8cc\xe9\xc6u0X\x91\x04$Mm\x88\x19\x9a1\
\xef\xc8\x91\xc1\xb3\x04,YP\x0bTH\xdb\x04\x93\x88\
\xc7\xe3\xa9\x9cI\xfc\xce\x8bJ\x10\x8cD#\xc9\x0a\x82\
\xa2\xab[d\x0d\x06T\x97\xe0\xe7\x96\x97\x13x\xf7\xd4\
;X\xd6\xd6\xb1\xe5\x84\xc2QXm\xfc\x0eTV\x07\
/,\x9a\x80QD\xa2v\x85x\xd0\xd3\x14\x0ak\xea\
N\x08%\x0e\xa5\x00r9\x7f\x80\xb7\x12\x83\x16*$\
\xc2w\xac\x81\x8f\xac\xc5\xf8\xb93\x17\xae\xa5\xc4/\x18\
\x96\x18\x1a\x99e\xb6\x08\x19\x8dESE5\x09\xaa\xd6\
\x90\x9f\xe3\xfdIuu\xa5\xfd\x9c'\x05/\xc1\xac\x81\
O\x84\xf3Y\xc3\xd9\xd3g\x11W\xf1A\xc4\xe7\x0f\xc1\
\xe1\xcac\x86\xd94\x83\x14\x8c\xb4\x8c\xbe\xb2\xe5a\xcb\
XN\x99\x049c\x85B\x9e\xd2:\xb5\xba\xb2~N\
\xb0\x06\xea\xcf\x05\xfc\xfe\x94\x9fkhh\x5c\xb1\xd4\xb2\
\xc0\x12\xcf*\x80#h\x99f\x9a\xf2s>z\xb2|\
\x04\x8bEc\xd0\xb3d\x93\x7f\xb2\xf96D\xd6\xd3\x8c\
\xa3\xb1\x08\x8b\xac\xd4\x19\xee\xee\xee\xc9\x09\x8b\xf3\xf8\xe1\
\xf6\xf0\x1d\xde\x9c>\xabP\x81\x85\xe8)h]\xb6\xfb\
B\xa1@\x12\x9c\x1b>\xaf7e\x12\x04\xb0\x92~.\
\x9b\xacb\xcd*;\xacL\x8d\x03\xc8Lys\xcd\xa6\
u\xb1X\xf4NaM~\xaeV\xcdk\x9dN\x8f\xea\
\x127J\x0a}\xb0\x85\x5c'\x865\xbf\xe8@,\xce\
\x1f)(\x8bf\xe5\x12@\xec\xe7\xc8\xf4\xb2\xc1\x13\x8a\
j\xf2'\xd4\xff\xa7\xda\x90\xfa\xfdtF\xab\x12C\x0c\
kz\xee\xce\xc9\xf3\x15\xb0\x02\x81\x00jjJ\xdb\x06\
+da\xf9\x82\x84\xcf\xefM&\x9cnVE\x90\xc6\
\x09\xa9\xc9\xdd\xf2s\x02,q$\x5c\xa1Y\xb41\xf1\
\xd6\xff\x9cb9\x89\xd1\xd8\xcc\xbe\xb4\xba\xd2\xda\xc3\x85\
\x80c\x02\x08\x11\x96\x9a\xd2\xec\xbf;\xda\x17\x0a\x07\x93\
\x1d\x097\xbc\x1eO\xb2\xf4\xe2\xb7\xe7\x14\xf2\xaaB_\
\xa2\xe8\xeb\x04XV\x9b\x1b\xa1\xf0\x9d\xc3sY\xcd\xd0\
n\xb3\xb1\x1a\xd1j]df\xc3\x83kA}CC\
\xd1/\x5c\xea\x0d\x02D\x1e\xa8\x04\xf1x\x0c\x9c\x9b\xe3\
\xb5\x8es\xb3\xcd\x11\xa1\xb0V\x95\xd9\xcf\x11,\xbfT\
\x99\xca\xdcS\xf9f\xb6S4\xe2\x05R\xa6.\x80\xa3\
~\x93\xa0q\xc6\xe6\x96US\x86R\x01\x15r\x1f_\
LH\xe0\xb0\xdb\x198\xa7\xd3\x01E\x95\x02\x94/\xd5\
\xd5\xd5\xb3\x13\xd0k\x1d\x04k\xc1\x17K\xd3\xaa\xa2\x1d\
<%s<8\x0b\x1c\x0e\xbb\x08\x5cs\xc9}\xf5\xb5\
.\x8c\xee\xa7\x82\x9adZ\xb2Z@\xb5bS\x93\x11\
\xcd\xcd-hl2\xb2\xddu\xc1\xbcW\xbc\x96\xa8\x8a\
\x13\xfb\xc37^y\x03\xd6\xd0\xca\x831%G\xc3H\
$\xc2\x84c\xf0,\x16\xd4\xd5\xd5\xa1\x89\xcc\xb5\xb9\xb9\
\xa8:\xac\x1c\xb0\xc4s\x08\x0f\x94d\xb3\xd9m\xa9\x07\
J\xb2UW\x17\xd6@|\xe1\x87/ \xaa\xe6\x0bi\
\xf1(\x19\x96x\x12\xea/\xb1'k\xe1\xe1\x91P\x02\
8\xaa\xc7*5\xa2\xd1h\xea\x81.Y\xad\xac#A\
n\x84d\xd3jW7\xd7u\x85\x95\x09\x83L\x94\xb4\
\x8d\x9en\x22\x91`\xdaF\x026\xe6y\x13\xc2zC\
\xb5-Ya\xb5Z\x99\x5c\xd4\x14 \x99z\xfb\xfaW\
\xbc\xec]\x85%~u\xda\xc9\x11\xc0\xf9|>\x06N\
x\xba2Yi\x07L\xca\x01\x95jV\x82\xd6\xb3y\
\xcb\xbd\x03K,\x09U\xfe\x04\x8eL\xd5\xb6\xb4\x94\x06\
\xaeP\x7fR\x0eP\xf9\xe6\xa8\x98f\xad&X,\x16\
\x83\xd5\xb2\x98\x8a\xae\xd4K\x17\xd2\x12\xb5\xa6\xb2\xed\x9c\
{\x0eV&Dr\xc0\x94\x04\x93\xd6Q\xbf_\x00g\
\xa8[\x19\x95\xf2i\xc6Z\xff^0,\x8be\x91\x09\
\xbaZ\x8fj\xad\x82\x14r\xbf\xcb\xe9L\x81\xa3\x88F\
\xd5\x03\xef\xe7\x8c\x85\xdc\xbe\xe6k\x0a\x82\xe5\xf7\xf9p\
\xed7WYV\xccB\x7f2\xcc*\xf3\xbc;l\xcd\
\xd2\xe5\x98\x80z_B\x22L\xcd:\xa1\xf4\xa2@!\
/\xe2hT12\x16\x04K\x98PH8y\xd3\xb0\
\xb0\x16\xac\x00NSA\x7f\x12\x0a\x85\xd2\x12\xe1\xc6\xa6\
\xa6d\x90ha\x87\xea\xca5\x8a\x82\xb5\xd2\x9fP\x04\
\xe3\xf3\x13\x99\x5c\x9e|\xbaF\xd4\xd5\xdf\xbd\xc2:S\
&\xda\x8e\x13J\x1c\x8a\xb0j\xb5\x1aM\xc9\xb4\xa4\xd4\
\x83t\xc2k\xac\x09\x96XPq\x1d\x16\x0a\x05\xd3\xcc\
\xb5\x12\xe7#\x04\xd9l\xb6%^\xeb,|\xc2)$\
\xc2\xf5%<\xd0\xb2\xc1\x12\x83\xf3\xfb\xfd)\xb3p\xd8\
mi\xe0*\x997Q\xe7UH\x84\xc9t\xc5\x89p\
!\x81k]`\x89\xc1\xa5\xd7a\x16\x90)\x08A\x82\
j\xb2J\x0d\xda\x04\x16\x12a\x8a\xb2\x028\xf2\xc1\x8a\
\xaa\xec\x0d\xc4u\x87\x95\x09\x83\xaf\xc3\xa8>\xb4\xa6\xea\
0\x12\xf0n6\x103e\xa2#M\x028\x92\x8dL\
t\xdf~\xfe\xfd\xd2\xe2q\xd7a\xa5\xf99\xb7\x8bA\
#\x01\x83\x81@R\xe3\x8c,PH+T\x1f\xd2V\
?\x81knI\xff\x80'\x92\xbb\xa2\xb0\xc4\xe0\xe8\xa4\
\x9f\x00\x8e\xd5\x87\xc9d\x93\xcc\xa3\xd2\xdb\xfde\x8f\x86\
\xe5\xf4=\xac>Lv8)\x92\xd1\x16\x7f\xb9\xc2\xff\
Z\xe4\xbcg4+\xd7\x22R\xe1\xdfja\xbb<B\
\xf8\xcfv\x1ea-0\xf2\xdd{_\xc0\x12/\x82J\
\x1b!@P\x19&\x80#\xb3]\xef>\xd8}\x07K\
\x0c\x8e\xf5\xc1\x92\x91\x95\xbe\x0b\xa5\x17\x9d{-\xf76\
XN\x07?0\xb0\xf7\xd7\xaf\xbe\xf6\xc6\x03\xf9T\xf3\
^\xf9;\xed\x1f\x0a\xa5\x17\x81\xe37\x84\x8d,\xc2\x96\
z\xbe\xb4\xe0\xd4a\xd7\xae\xdd\xcf\xf6\xf5\xf7\xed\x1c\x19\
9\xf1`o_\x1f:;M\xf7\x0a\x97\x82\xe4\x106\
\x84\x97\x96,\xec`\xae\xa0uk\xe9\xf7\xafj\x86I\
\x89\xbaw\xef\xde}D\xa7\xd3\x9d0\xd4\xd5w\x1f\x1b\
\x19\xd9\xd6\xdb\xdb\x07\xfa*\xa4<(hUw\xe1\x22\
\x0f\xc7\xa5\xa2\xab\xd7\xe7M\xdb\x06+\xa6\x9d\x93\x0f\x96\
x)\xcd\xff\xff1-\xdbL&\xd3\xf0\xc6N\xd3\xc8\
\xa1\xe1a\xfd\x81\x83\x83=\x04\x8e*\xfb\xfbe\xd0\xee\
9\xa5#\xfc\xde\xa6\x15\xac\x9d\x93\xec\xcf\xe5;\xf8R\
\x0c,1\x0fj\x86\xf7\xf7\xf4\xf4\x1c\xd6juG\x87\
\x0f\x1f\xee\x1c<8\xd8E\xe0\xeeV\xd7\xb2\x1c\x0f\x87\
\xda9\x024\xfa\xae\xaa\xa9I\x81\xa3\x93\x88\x05\xfb\xac\
\x22\x84\xa1\xfd\xecm\xfd\xfd\xfd\x0f\xe9t\x86c\xe6.\
s\xeb\xc8\xc8q\xe6\xe7L&s\x11\xd3T\xfeR\xea\
\x90\x90\xb6y\xbd\x1e\xec\xcd\xf2\xd1W\xa5jV\xae\x95\
\x99\xf7\xec\xd9sT\xa7\xd3\x9f\xd0\xea\xf4=###\
\xfd\x04\x8e\xb4\xae\x92}\xadr<\x8a\xf5\x80%\x96\x8b\
v\x12x?\xb7\xb1\xe3\xc4\xf0\xa1C:\xc1\xcfU\xb2\
\x0d\x9d\x09\x8e\xca\xabB\x1c\xfdz\xc3\x12\xcbE\xef*\
\xdfF~N\xa7\xd3\x1d\x1d\x1a>d:\x98\xf4s\x94\
\x85Wb\x04\x83a,%\xdf%Qg\xd0@\xa3\xc9\
\xfd\xc6\xf7\xbb\x09+\x93\x07\xf3s\x06\x83adc\x87\
i\xc3\xf1\xe3\xc7w\x90\xa9\x9a\xbb\xd2?\xd4z= \
\x92&9]^x\xbdw>|\x834K\xa3\xa9A\
\x9d\xa1\x84\x83!\xeb!d\x8e9M\x03\x03\x03Gu\
:\xdd'5Zm\xcf\xb1c\xc7S~\xae\xdc\xf5\x9e\
\xd3\xe5\x81+\xf9\xce\x88l\xf2\x10\xb4\xa6F\x03T\xaa\
\x95\x9fKQI\xcdZ\x8d\x1d}\xf6e\xbf\xd9l>\
\xd4\xd6\xde\xfe\xf0\xd0\xf0!\xed\xc1d>\x97\xeb8P\
\xbe\x87+\x98\x1ciU!\x83LR\xa3\xaeI\x83v\
/\xc2\x12\xaf\x85\x8eGo\xdb\xbcy\xf3a\xadV{\
\xf4\xe0\xd0\xb0Y\xf0s---\x85\xac\x19\x04\x87\xfc\
\x12\xc1*e\x90\xa6\x09\xfe\xec^\x87\x95\xb9\xbe\xbe\xed\
\xdb\xb7\x1f\xd1j\xf5#\x1b;\xda\xdbFFN0?\
\xd7\xd5\xdd\x9d\x95C>\x93[\x0d\x9e\x10\x19\x15\x0a\xfe\
\xe8\x13\xfd\xac\xaa\xae\xc2\xdb\xaf\x9d\x86_\xb12\x08\xe4\
\xfb\xe7\xafJyH\xe5\xbe\xa7\x93\xfc\x5c<\xbe\xbco\
cG\xfb\xfe\xa1\xa1a\xe3\xce\x9d\xbb\x1b(\xa7\x8bF\
\xe3L\x9b\xc4&'\x06@\xffO\x9fQAC!\x97\
\xa5\xd2\x06\x82\x93+\x85\xb8\xdf4k5\xe0\xb4\x05\xbe\
\x8d\xfc\x9c\xc9\xdc\xfd\xf8\x9e\x81\x01\xfd\xc0\xc0^\xe3\xd6\
-\xbd06\xe7\xfeh\xe3b\x9e\xe0\x87\x05\x96x\xcd\
t\xb8\x81\xf99\x9dN\x7ft\xff\x81\x03\xdd\x07\x07\x87\
\xccd\xae\xad\xad+wl>\xea\xb02\xd7\xdfK~\
N\xaf\xd7\x8f\xb4\xb6\xb5m\x1c\x199\xb1\x9d\xc0m\xda\
\xb4\xa9\x18N\xec\xda\x0f\xa3f\xe5\x82\xd0\xb1w\xef\xde\
\xa3\x89Db_k[\xfb\x81\xe1\xa1\xa1\xa4\x9f\xebe\
\x07\xe5\xf2\x8d\x8f\x1a,1\x8fz\xc1\xcf\xb5\xb6n\xf8\
\xd4\xe0\xf0\xb0v\xf0\xe0\xd0\xa6\xde\xbe^\xf6^\xa0l\
\xe3\xa3\x0cK\xcc\x83\xde5\xd0\xbfu\xeb\xd6\x87\xb4Z\
\xed'\xf6\xee\xdb\xdf}\xf0\xe0\x90\x99\xc0m\xd8\xd0\x96\
\xba\xee\xc7/\xd2\xbf\x02\xc1\x0f\xfa\x87/\xa7'n`\
\xfa\xc6\xaf\x03\xf7C\xea\x90\xcfj\xd6\xf2\xf7\xad;v\
\xec\xa0v\xfaHKk[\xc7\xc8\xf1\xe3\xdb{{{\
\xf1\xce\x851LO\xdd\xc4\xec\x8d\xf7b\xe1\x80w\xfa\
\xd5\xb7\xde|\x06\xc0\xa5\xff\x03\xdbP\xaa\xf6\x96&F\
\xa8\x00\x00\x00\x00IEND\xaeB`\x82\
\x00\x00\x0d\xb2\
\x89\
PNG\x0d\x0a\x1a\x0a\x00\x00\x00\x0dIHDR\x00\
\x00\x002\x00\x00\x002\x08\x06\x00\x00\x00\x1e?\x88\xb1\
\x00\x00\x00\x01sRGB\x00\xae\xce\x1c\xe9\x00\x00\x05\
\xb5tEXtmxfile\x00%3Cm\
xfile%20host%3D%\
22Electron%22%20\
agent%3D%22Mozil\
la%2F5.0%20(Wind\
ows%20NT%2010.0%\
3B%20Win64%3B%20\
x64)%20AppleWebK\
it%2F537.36%20(K\
HTML%2C%20like%2\
0Gecko)%20draw.i\
o%2F26.0.4%20Chr\
ome%2F128.0.6613\
.186%20Electron%\
2F32.2.5%20Safar\
i%2F537.36%22%20\
version%3D%2226.\
0.4%22%20scale%3\
D%221%22%20borde\
r%3D%220%22%3E%0\
A%20%20%3Cdiagra\
m%20name%3D%22Pa\
ge-1%22%20id%3D%\
22kS-mCMQb-c29ov\
tgdrO_%22%3E%0A%\
20%20%20%20%3Cmx\
GraphModel%20dx%\
3D%221434%22%20d\
y%3D%22956%22%20\
grid%3D%221%22%2\
0gridSize%3D%221\
0%22%20guides%3D\
%221%22%20toolti\
ps%3D%221%22%20c\
onnect%3D%221%22\
%20arrows%3D%221\
%22%20fold%3D%22\
1%22%20page%3D%2\
21%22%20pageScal\
e%3D%221%22%20pa\
geWidth%3D%22116\
9%22%20pageHeigh\
t%3D%22827%22%20\
math%3D%220%22%2\
0shadow%3D%220%2\
2%3E%0A%20%20%20\
%20%20%20%3Croot\
%3E%0A%20%20%20%\
20%20%20%20%20%3\
CmxCell%20id%3D%\
220%22%20%2F%3E%\
0A%20%20%20%20%2\
0%20%20%20%3CmxC\
ell%20id%3D%221%\
22%20parent%3D%2\
20%22%20%2F%3E%0\
A%20%20%20%20%20\
%20%20%20%3CmxCe\
ll%20id%3D%222%2\
2%20value%3D%22%\
22%20style%3D%22\
image%3Bsketch%3\
D0%3Baspect%3Dfi\
xed%3Bhtml%3D1%3\
Bpoints%3D%5B%5D\
%3Balign%3Dcente\
r%3BfontSize%3D1\
2%3Bimage%3Dimg%\
2Flib%2Fmscae%2F\
Clock.svg%3B%22%\
20vertex%3D%221%\
22%20parent%3D%2\
21%22%3E%0A%20%2\
0%20%20%20%20%20\
%20%20%20%3CmxGe\
ometry%20x%3D%22\
470%22%20y%3D%22\
240%22%20width%3\
D%2250%22%20heig\
ht%3D%2250%22%20\
as%3D%22geometry\
%22%20%2F%3E%0A%\
20%20%20%20%20%2\
0%20%20%3C%2FmxC\
ell%3E%0A%20%20%\
20%20%20%20%3C%2\
Froot%3E%0A%20%2\
0%20%20%3C%2FmxG\
raphModel%3E%0A%\
20%20%3C%2Fdiagr\
am%3E%0A%3C%2Fmx\
file%3E%0A9\xf7b\xa3\x00\x00\
\x07\xabIDAThC\xc5Z}L\x13g\x18\x7f\
\xaf-P\x0a\xae\x14;\xdd\x86\x0c\xc1\x8f\x91\xe0&E\
\xdc\xb0b\xa0\x10'\xf1;!1\xe2\xb68\x86\x13\xdd\
\xcc2\x13\x82K\xd8\x1f.\x1b\xcb\x96\x91\xf8\xc7\xdc\xcc\
\x18S\xb7?0\x9b\xc395\x9b\xd1\x89\xd41\x81\xb9\
\xd1\xaa\x9b\x03qP&\xd8\xa2H\xa1_\x14Z\xee\x96\
\xe7\xf4\xea\xdd\xf5\xbez\xd4\xedMHS\xfa\xbe\xcf\xf3\
\xfc\xee\xf9~\xde\xc3P\x94V\xcd7\xe7\xf3\x03\x982\
7\xa0Tm\x0c`\xca\x14\xafR3\x97\x22\xedW\xc4\
\xaa\xd4\xf8d\x10\xbe'L\xf9l\xf0\xa9\xc6\x03\xe6\xba\
\xd2\xfcmQb\x8f\xb0\xe9\x10\x02\xe1}\xaa\xb8\xf7|\
\x0a\xf5b\x97*!I\x0e-\x00\x98\x14t\xff\xa2\x09\
N\xbc]\xbb\xc9\xd4*\x87\x06\x9c\x91\x05\x84\x02\xe0\x88\
\x9dY \x971\xfb\x1c\x00\x02mi\x03\xber9\x80\
\x22\x06\xb2\xfb\xd8\xc5\x96h\x02\xe0\x02\xa4\xf6\x8e~v\
\xa0l\xc5\xaeH\x1e\x92d \xd5G/\xbcy'N\
\xf7\x11\xd8\xbb\x10\x83xb2\xa8\xc7\x02wg\xaa\x95\
\xc4\xcc8\xa5\x1b\xf6\xa6\xea\x12\xb1\x9bN\x0f19\x85\
{\xfa\xbd\xc14W\x10\xa9F\x95\x09\x8fp\xd1\x89\xc7\
'\x83\x7f\xd9\xdd\xc0\xc3\x86!\xe2\xcb\x8b\x95\xcb\xf7J\
\x01$\x09\x88\x98\x16\xd4\xf8\xe4\xd4r\x1d\xd6[\x91\x9f\
\x15\x83\x10\x0a9\xb9\x90\x00\xfd\xc3c\xc8\xfc\xb7\xdd~\
\xf9\xb6\x17\xb7+f\xa4P{5\xee\xe1\x9ek.l\
\x01\xf5\x1dC\xc4;R\xc0\x88\x02\xa9<\xde\xe9\xe4s\
\xe4\xa7\x94\xee\xee\x17s\xd2\xb5\xf3f%?&$\xb4\
\xd3\xe9D:\x9d\x8ew\xcbu\xfb]\xcb\x91\xcb6M\
\x7f v~\x97\xdd\xa3do\xc4\x08\xe2\xf0\xc5\x1d\xcb\
\xcb\x85x\x08\x02\xe1\x03\x01\x1a\xd8\x9c1\xa3\xef\xf9\xac\
\xb4\xf9B\xc4\x9b\x9a\x9aPgg'\xb9\xa5\xaa\xaaJ\
\x10\x0c\xec\xb19\xc7\xdb_9~\x05\xf9\x03x^\xa4\
`x\x81\xf0\x81\xc8\x8a\xf5\xf6\xd7\xac4\xa4\x89\xd9-\
h\xa1\xae\xae.\xb4-''\x07\x95\x96\x96\x8a\x1dC\
v\xf7\x04\xda\xdfa3\x9f\xef\x1d\x09\x8b\x88B\x9a\xe1\
\x04\xb2\xeb\xbb\x8e\x9e\xbb1IaO\xfb\xe5\xb9q7\
\xc4\xb4@I\xda\xd7\xd7\x87\x1a\x1a\x1aB\x82\xa7\xa7\xa7\
\xa3m\xdb\xa4\xe7\xbf\x8f\xdbl\xdf\x1f\xb9j\xdf\x10\xa6\
\x19\x1e\x9f\x09\x03\x02\xd1\xe9f\xfc\xec}l\x02\x91\x80\
\x80\xb3\xd3\x05\x024x\xc0\xd8\x08\x1c+o\xdf\xb9\xac\
\x85.c\x18\x90\xf2\x13W\x03\xec\x10K\x07!\xe6\xb8\
\xd1\xd2\x08E\x87\x0fL[\xa51\x9d\x17\x08W\x98e\
\xfb\x048pRR\x12*..\x16\xb4w\xb9\x1a\x81\
s\x10 \xe8\xfeT\xf3Sw\x98\xcf\xb0\xfd%\xa4\x11\
.\x93J\x9a\xf2\xba>]o`$.`\xd2\xdc\xdc\
\x8c\x0c\x06\x83 \x189@\xa83\xe0K\xe0S\xd4\x82\
\x00\xf0\xc2\xb7\xd6vV4c\x98X\x08\x08\x97\x83\xf3\
\xf9\x05\x05\xa6\xa2\xa2\x827\xa4F\x0a\x84\x8arl\x10\
\x14\x98\x811\xff\xc0\xa6\xaf-s\x18\xe6D\xcb/!\
 e\xa7\xba\x09\xfa\xa6'1\xef\xc8\x07\xab\x0d\xc9\xa2\
\xf1\x92gC\xa4@\x80\x8c\x98\xffm=v\xa5\xb5g\
\xd8\x9bOci\xa3|\x85\x04R\xd5\xd4\xda0\x18\xf7\
h\x05]\xa6w\x97\xea\x1db\x19[\x08\xa4\x1c b\
\x0f\x0d\x12\xe6\x96\xa3VF\xb2$0\xac\xbc}\xfb\xb2\
\xc3$\x10v\xf2\x9b\x1dt\xdb\xf6mX\x22\xa9f\xe2\
c\xfe0\x80\x00\xaf\xa2C\x1da\xbe\x02Z!\x81\xb0\
\xcdjE\xe2\x84eg\xc1\xd3\x06\xb1'\xf4_k\x04\
\xf8\x9d\xb91|zosO\x09\x9dw[\xa5\x11\xc3\
\xb8\xcc\xaaq\xcd\xc2\xe9` \xcf>,\x8d@\x04+\
=r\xaf~\xa3\x16\x81c\xa60 \xd0O|\xb1v\
\x91`\xcf!\x05\xe5\xc3\x02\xc2e^P\xeac\xec\xb0\
\x9b\x8a\xbcC\x1f\xae1\xcc\x96\x22\xec\xffaZ\xc0s\
c\xe3\xef]\xb7=\x93\x99!\xfe\x18j\xc1\xd8%I\
4\xfc\x83nZ\x1e\x8f\x07\xc5\xc4\xc4\xa0\xcc\xcc\xcc\x88\
\x8aF\xa1\x87\xf4\xbe\xb9\xd7z\xaa{(\x9b\x1e\x86\xc3\
\x80\x14k\x03=\x15\xf9Y\xa1\x0eM\xaef\xce\x9e=\
\x8b\xaa\xab\xab\xd1\xc8\xc8\x08I\x2277\x17Ay\x13\
\x8du\xa8s\xb0\xf5\xf3\xdf\xfea\xe4\x13A \xe7\xce\
\x9dC\xa3\xa3\xa3$o)\xf5\x15]\xc8U\xabV\xa1\
\xae\xae.\x86\xdceeeh\xcf\x9e=\xa2\x0d\x16u\
\x88\x0e\x1cJ\x16\xe8i`E\x0c\x04J\x11\xc8\xb6\xb0\
\xa0U\xa5\x08\x89=U\xbb\xdd\x8e\xf2\xf2\xc2\x9a<\x94\
\x92\x92\x82L&\x13YG\x01-\xf8\x14j\x81\xe1A\
R\x8b\xce?b b\x02\xf3\xfd>>>N\xfa\x04\
{edd \xa3\xd1\xc8\xf8\xb7TP\xf4C\x92\x80\
d\xab\xfd\x8e\xea\xe2g\x04\x87\x09R\x00\xd6\xd6\xd6\xa2\
\xfa\xfaz\xc6\xd6\x92\x92\x12\xa4\xd7\xeby\x8f\x03(h\
\x0f\xc0\x8c\x854\xc5\xd1\xa3\xd80vy\x92\x8c\xfb|\
\xfb\xd7ek\xa4\x08+\xb6\xa7\xb1\xb1\x11\x99\xcdfR\
\xb0\xc2\xc2B488H\xfa\x1ce\xae|\xe7\x8b\x8a\
\x8a\x04[\x84\x1d'\xfe\xb4^q\xb8BQ\x0bz\x13\
\x8c\xddL\xc1\x84\xe4\xe0\xbaEa#\x191\xa1#\xf9\
\x1dl\x1f\x12&\xfc\xf1-\xa1\xa9\x8b\xe9`\x87c\x22\
\x88\x87\xac\x86L\x88\x5c\x0dU\xe3\x9a\x8501\x9fV\
\xd1(\x05\x18\x00\xe9\xed\xedE\x16\x8b\x85\xa1%0+\
\x00\xc2\xb7\x8c\xf5m\x8c\x9f\xa0\x02\xc6` \xdd\xaby\
\xe2g\xfa/[\xe6\xa8~]\xbb8\xe3Y)\xc2D\
k\x0f\x05\x0aL\x8f\x8ah\x5c\xb4\xb9zx\x02\xc7\xee\
U\xbfl?\xd1M\xf9<\x9f\xac\xcfN\x8c\x96\x90\xd1\
\xa4\xb3\xfa\xabK\xd6Q\x7f\xf0AV\xc7PK\xdbv\
\xa3\x89\xb7\xb1zu^\xfc\x88)3Uv\x87\x18M\
\xe1)Z\x1d7\xc7\x1c\xbb\x7f\xbc\xc6\x88\xa8\x8c\xc6\x8a\
\xcb\xbc\xc4Z]\xb1\xb6T\x0e\x10H\xc0BI\x97\x1d\
\xad\x80\x07\xf4\x22\xf0\xc9;|\x80\x8b\x97\x97\x16h]\
\x5cZ\xa1Jt)\xf3\x5c\xa9\x80\xc4\xa63\x5c\xda\xa0\
\x8f\x84B@\xb8\xb4r\xbf7\x19\xa0G0\xbe\x91\x8d\
T\x81\x85\xf6\x09\x81\x09\xf3\x0d\x84\x108y\xfb\xcee\
\xe4\x9d$c\xd2\xc85\xa0c\x9b\x18\xe4\x00(5\xe8\
s\xa7h\x80\xa0h\x00\x18\x08\xbft\xfa\x11\x0d\xe8\x80\
\x10h\xe5\x96Z\x7f\x9e>2\x05\x13\xcb\xd4\xe0\xc3\xd1\
([\xe4\x00\xbe`sZ\xdf:\xd3E\xef=\x80L\
h\x0cD\xd1\x944\xc4\x9e\x0e\x18\xaa\x14\x97r\xa5\xc0\
\x06\xca\x03\x02L\xca$:\xc4\x06b\x5c&&\x17\x8c\
\x5c | \xf8\xeeH8\xefG\xf8\xae\x9f\x01\xcc<\
u`\xb0f\xa5\x01\xa6\x92\x92J\x189@\xb8|\x82\
\xd4\xd6\xfd\xe4\xc7e\xa2\xbc7VBw\xe9PXf\
?\x82\x05\xde(\xc8R\x8b\xd9=D9\xc89R\x9a\
2\x98$\xbev\xf2\x0f5#s?p\x022\x83\xf3\
\xf1\x13\xbcC\x14{1\x00&.\xdb\x97\xa6\x11\xd3\x19\
\xad\x92\x9e\xeb\x1co\xdf\xd7\xd67ti`,\xec\x86\
JL\x13\xbc\xce\xceF,\x06fl\xe8\x8e\xc3\x87T\
h}\xe6,\xbf15Y\xfd\x5c\xaaVRS\x06\x83\
\xb6\xd3=\xc3\xad?\x5c\xbf\xed\x19t\xf9\x19\x93C\xba\
\x0cQ\xbb\x9e\xa6\x88\x02\xa0\xe1X\xedI\xfaU\xb5n\
rl\xc8r'\xc8\x98\x81\xc5\xa9\x14\x0e\xbd&\xd6\xba\
P\xaf\x89O\x88\x89\xd1\xc2\xf9\xc7g\xc4y\xe0\xd3\xee\
\x9eH\x1c\xf2\xfa\xfb-\xb7\x5cK\x828\xc1\xb8\x22\xe0\
0\x19\xce+6Y\xa6%\xa6\x1d\xd0\x863\xa8\x90\xa4\
\x011_bhA\xc2\xbd:\x9b\x9e\xe8\x0b\x03\x5c\x02\
\x80vF\xa6T\x9b\xad.\xe5\xeb\x91\x08(\xb2\x97|\
e\x03\xc7\x15\x87\xa9\xb2#\x12\xda\xb2\x80P\x0c\xf2\x0e\
\xb4\xcdEJT\x88!b+\x22Pa$\x8ci{\
#z\xe7$*\xa6%$(\x05J\x81\xe3\x05\x84\x02\
\xbb\x97c\x082\xd7\xc0\x1fY\xd8\xdd\x8f@6\x8c \
\xcc8\xaehagg\x99\x0f\x82<\xf6/\xc7)y\
|{Y\xff\xda\x00\x00\x00\x00IEND\xaeB`\
\x82\
\x00\x00\x0d\xa1\
\x89\
PNG\x0d\x0a\x1a\x0a\x00\x00\x00\x0dIHDR\x00\
\x00\x00\xa9\x00\x00\x00N\x08\x06\x00\x00\x00[\x946\x15\
\x00\x00\x00\x01sRGB\x00\xae\xce\x1c\xe9\x00\x00\x05\
\xebtEXtmxfile\x00%3Cm\
xfile%20host%3D%\
22Electron%22%20\
agent%3D%22Mozil\
la%2F5.0%20(Wind\
ows%20NT%2010.0%\
3B%20Win64%3B%20\
x64)%20AppleWebK\
it%2F537.36%20(K\
HTML%2C%20like%2\
0Gecko)%20draw.i\
o%2F26.0.4%20Chr\
ome%2F128.0.6613\
.186%20Electron%\
2F32.2.5%20Safar\
i%2F537.36%22%20\
version%3D%2226.\
0.4%22%20scale%3\
D%221%22%20borde\
r%3D%220%22%3E%0\
A%20%20%3Cdiagra\
m%20name%3D%22Pa\
ge-1%22%20id%3D%\
22LdFk3gCoCpgEKo\
9iRpQ7%22%3E%0A%\
20%20%20%20%3Cmx\
GraphModel%20dx%\
3D%221434%22%20d\
y%3D%22956%22%20\
grid%3D%221%22%2\
0gridSize%3D%221\
0%22%20guides%3D\
%221%22%20toolti\
ps%3D%221%22%20c\
onnect%3D%221%22\
%20arrows%3D%221\
%22%20fold%3D%22\
1%22%20page%3D%2\
21%22%20pageScal\
e%3D%221%22%20pa\
geWidth%3D%22116\
9%22%20pageHeigh\
t%3D%22827%22%20\
math%3D%220%22%2\
0shadow%3D%220%2\
2%3E%0A%20%20%20\
%20%20%20%3Croot\
%3E%0A%20%20%20%\
20%20%20%20%20%3\
CmxCell%20id%3D%\
220%22%20%2F%3E%\
0A%20%20%20%20%2\
0%20%20%20%3CmxC\
ell%20id%3D%221%\
22%20parent%3D%2\
20%22%20%2F%3E%0\
A%20%20%20%20%20\
%20%20%20%3CmxCe\
ll%20id%3D%222%2\
2%20value%3D%22%\
22%20style%3D%22\
shape%3Dmxgraph.\
signs.transporta\
tion.car_3%3Bhtm\
l%3D1%3BpointerE\
vents%3D1%3Bfill\
Color%3D%2300000\
0%3BstrokeColor%\
3Dnone%3Bvertica\
lLabelPosition%3\
Dbottom%3Bvertic\
alAlign%3Dtop%3B\
align%3Dcenter%3\
B%22%20vertex%3D\
%221%22%20parent\
%3D%221%22%3E%0A\
%20%20%20%20%20%\
20%20%20%20%20%3\
CmxGeometry%20x%\
3D%22671%22%20y%\
3D%22190%22%20wi\
dth%3D%22169%22%\
20height%3D%2278\
%22%20as%3D%22ge\
ometry%22%20%2F%\
3E%0A%20%20%20%2\
0%20%20%20%20%3C\
%2FmxCell%3E%0A%\
20%20%20%20%20%2\
0%3C%2Froot%3E%0\
A%20%20%20%20%3C\
%2FmxGraphModel%\
3E%0A%20%20%3C%2\
Fdiagram%3E%0A%3\
C%2Fmxfile%3E%0A\
j\xd9\xbc\xcd\x00\x00\x07dIDATx^\xed\x9d\
\xeb\xb9\x1c5\x0c\x867\x9d@%@%@%\x90J\
H*\x01*!\x9d@\xbe\xcd\xf1\x1e\xad\xb1-\xc9\x92\
\xd7\x97\xd1\xfcJ\x9e\xe3\x9b\xa4\xd7\xb2\xe4\xf1x?\xdc\
\xe2\xe14\xf0\xdd\xedv\xfb\x91+t\xf8\xdf\xff\xba\xdd\
n_f\xc9\xf8aV\xc7\x1b\xf4\x0b8\xff\x08@\xef\
\x96\x02\xa0?\xcd\x025 \xad\xcf\x96?\x03\xd0'\xe5\
L\x035 -C\x1a\x80\x96\xf52\x05\xd4\x80\xf4\xff\
\xc6\xc0\x12\xff\xcb\x06\xe1\xc8\xac!\x02\xd4_\xbf\xae2\
\x88S_\xf2\x04\xa4\xcfjF\x82\x04/\x1aO[\x03\
/\x055 }7F\x00\xaa\x9b\x9a\x00\xf5\xe3\xedv\
\xfb\xa4\xab\xa6/\x1d\x90~\xd3\x192\xf9\x7f\xf4\xea\xbb\
|\x0d\x80\xfa\xf9\xab\x16~\x1f\xa9\x89\x80\xf4\x9bv[\
\x89\xd2\x8c=\xc2RL<\xdac\xf5\xee\x07\x0f\x075\
 m\x03\x8a\xbd\xc1\x97%\x08o\xde\xa8\xe6\xd5\xbf\x1f\
\xbcOi\xd9\x17\x1e\x0a\xea\xd5!\xc52\xf5[e\xa9\
B\xbc5t\x19\xab\xf4;\x0b\xd2\x14\xf6`U\xc1\x18\
z\x9e!:\xbb2\xa4\xadD\x09\xde\x13^t\xc63\
\x13R\x8f\xf8\xdc\x1d\xd4\xabB\xba*\xa0-HF/\
\xf7tBZw:\x5cA\xbd\x22\xa4\xadL\x1e\xb1\x15\
`\x98\xf9\xcc\xf6\xa4I\xf6V($\xd1\x8f\x1b\xa8W\
\x84\xb4\x95\xc9\xcfH\x94r\x83\xaf\x02)\xc6e\x05\x15\
;\x12x;ez\xae\x06\xe9\xea\x80\xae\xb2\xdc'\xa8\
,\x19\x7fj\xc3\x0c\xea\x95 my\x85\x15<(\x05\
\xa3\xf4b\xe1\x951)\xf5|\x00\xd5\x92\xf1\xa3-\x13\
\xa8W\x81\xb4\x95\x08\xb8\xc5N\xa65\xed\xbd\xf2J\xcb\
=7q4\x22w\xc7\xfbW\x80t\xe5L\xbed\xe4\
\x15!\xc58\xf1\x16\x0c'\xc4,O\x17\xa8\xa7C\xda\
\xca\xe4g\xee\x85\xb6\x0c\xbd*\xa4\x1e\x89\x14\xdaP\x9f\
I=\x1d\xd2Z\xa2\xa4V\x94\xc5}(\xeb\xae\x0c\xe9\
\x14PO\x86t\x87L~\xa7\xe5\xde3\xe3Wy\xd4\
S!\xdd%\x93\xdf\x11\xd2\xb4Mf\xcd\xf8\xc5\xa0\x9e\
\x08\xe9N\x99\xfc\xae\x90\xb6\xf6s\x95\xd1\x0d\x1f\xa3\x9e\
\x06\xe9n\x99\xfc\xce\x90ze\xfc\xc9\xa3V\xbf\x9b:\
\x09\xd2\x1d3\xf9\xdd!\xf5J\xa4\x9a\xa0\x9e\x04i+\
\x93\x9f}hD\xb3\x04\xae\x9e\xdd\xe7\xb2x\xbc:M\
m\x16\x0fO\x9f\x02\xe9\xae\x99\xfc\x09\x9e\xd43>M\
\x1e\xf5\xe9\xbb\xa9\x1d!\xc5\xccM\xdf\x00\xfd\xc0\xdc2\
\x828g\xf4\xb7A\x1a/))\xbb\x9b'M2y\
\xdeW\xf0\xe4QW\x87T\x03d\x09\x80Y\x872$\
0\xd6\xca\xec\x0a\xe9\x88/n\xef\xe7*V\x82\xd4\x0a\
d\xc9\xe8\xe1I-\xd3E_w\xc4\xf5D\x1fgA\
:\x02\xc8\x92J\xd3\xb2\xf1\xea/>\xf5\xe6}\xaf\x91\
\x12\x91\xbc\x0dL\xb8i\xd7/\x0a\x04\xaa\x8d[P\xb5\
Y\xe4\xcb+ }\x15\x90VeD\xfdE5\xe0\x0d\
i\x00\xb9\xa8\xa1w\x1e\x96\x05\xd2\x00rg\xcbo4\
v)\xa4\x01\xe4FF=m\xa8%H\x03\xc8\xd3\xac\
\xbc\xb9<\x14R\xcf\xcd\xd8\xcd\xd5\x12\xc3_I\x03\x09\
\xd2\x11\xfb[+\xc9\x19c\xd9X\x03\x80t\xc4\x9b\x82\
\x8dU\x12C_M\x03\x80\xd4zK\xc5j2\xc5x\
\x0e\xd3@@z\x98AO\x14' =\xd1\xaa\x87\xc9\
4\x1a\xd2\xf4\xee\x1cj\xa3\xd7z#\x0eN\x17\xb5\xfe\
\x1c?\xea\xb5\x05U5[b\xf0\xc9\x9e8:\xe9\xfe\
\xf3B\xa3 \xd5\xfe2E\xda\x9b\xad\xdd\xba\xbc\x85\x15\
\x0f\x1dd\x8f-\xf1\xad\x19l\x99\x1c\x91I5\xde\x90\
j\x05\xca\x07\x1f\xb0\x9a\xcc\xe9Z\xd9z\x0f\xbe\x9b-\
=!\x95^[\x83\xc1sG\xce\xac7\x0d\xbbZ\xeb\
\x82\x8dI\x7fLLbK\x941}\xa3\xef\x05i\x0d\
\xd04\x9b\xf2\xcf<\x12\xa4\xa8\x87\xefYJ\xe7=\xcd\
\xc2]\x10.\x0f\x91[\x97\x8a\xc1y\xa4\x1c\x82.\xe5\
\xa8\x03\x1b\xfe]\xf9\x5c\xc7dK\x0fHk\x80j\xf6\
_kw3\xc5\x8b\x06\x0f\xec\xe4m\xd4\x00\xd5\xacl\
\xb50\xa1\x1bT+\xa4%\xa1z\x07S\x13\xce\xe3\xca\
A\xb9\x99\xae]\xb2t\x99p\xef+\xf3\xd2\xc5\xb9\x1a\
\xd8\x1f\x96\xb0B\x9a\x0b\xe5\xe1\xf9J\x97\xda\xc6\xe1\x97\
\xf1\x93\xa7\xa4\xf7^@\xd3hKNL\xb3\xc2\xde\xdb\
\xb1@\x9a\xcf\x14\x0f@\x93p\xb9\xc2<\xdb\x1eo\xee\
={\xc8\x8fmZ\x01\xad\x81\xaa\xb6%\x06\xd6\xbb\x9c\
\xe6^\xd4K(\x08W\xca.\xc3\x9b\x8e\x83?w\x0a\
jo\xc7\x0c\xcd\xd4~/\xa4y\xb2\xe4-T\x02\x95\
^\x8f\xa3\x9e\x81\xe3lz\x5c\xcb\xf4~\x82\xae\xb8\x91\
\xd1H\xeetT\xb6\xec\x854\xff\x9e\xfd\xdfAf\xcb\
\xfb\xf1\xf4\xd6\x83\x86\xbc]\xb3y\xd86J\xc7\xb9c\
\x13\xf7\xd3\x0b)\x9dy\xbd\xe1\x82\xc4\x9ay\xe0=\xc2\
cK\xc6qr\x19\xea\x08FxQ\xaa;\x1a\x22\x8a\
\xb9\xe9\x85\x94\x06\xd9\xf8\xcd!\xee\x1d-\xbd\xa4\x01\xff\
\x862\xa4\x87\x11\xa8`\xa3\x95x2\x8c5\xd9\xa8\xc3\
\x91\xc6\xfd\x881\xd3\x81!\xd8>\xbd\xab\xe7\xf4G\xbd\
\xb6x\xc9\xef\x81\x94v$\x81\xa6\xf5\xbaT\xe2\x19i\
}\xb1`\x9c\xb6\xe2\xefO\xdb\x90\xe9?\x9c\xc3i\xbd\
.\x95\xec\x8f\xe7+#\xd7\xdfc\x0bJ\xecv\xdf$\
\xa1\xcb\x83\xa4.\xf7\xd94\x07j.\x988\x96\x09\x10\
Y\x0dh\x1d\x0e\xf7\xcb\x81\x12\xa7E\xdb\x10\xd9\x12\x00\
I\x1a\xa6\xd2RH\xb9\xe5Ara\x98d\x06\xd2%\
I$\x18k\x9e(\x00\x0dPH9\x87#\xfd\xe9E\
\xce>\x1a~\x1e\x9eT\xbb\x84\xd2\x99\xc0\xb9k\xce\x8b\
&T8oJ\xfb\xe4&F\xe0'\xd7\x00\x05\x8f\xb3\
\x81\xc4\xe1\xa0g\xce\xe9\xd1=S\xae\xcf\x07\xa4\xf8\x87\
\xa8\xf0\x9b\xec\xd4\xab\xb5 \xd5\xfcD\x1f\xd7?\x85\x94\
++7Q\x94\xa4\xc0p\x93_z\xd7+\xe7\xf4\xb4\
\x90~J\x9e.eh\xc8\xb8\xb9\x07\x9d\xa4\xa3v\xad\
\xfdQ\xe9\xf2 \x99}y\x1c,\x19''G\xfc\xfd\
\xf9\x98$\x07\xa9tU\xe4 \xcd\xe3`\x1c\xfd\xab=\
\xf7c\x9c\xd2\x8ek\x8d\xb4<\xa9\xf4\x104\xda\xe6\xe2\
!\xe9R\x13\xe0\xf5k\xc0\x0bR\x8c\xc0\xcby=-\
\xf7\xbd\xa2\xb5\x82d\xcdr\xcf)\x88\xcb*{\xc7\x1f\
\xf5\xde5\xc0\x85QR\x1bp\x0eG\xfd\xd3\xedVO\
\xcaerR\xc1\xb8v\xa4\xf1P@\xd7\xaf\x01\x0eR\
i\xf8\xc6\xb5\xa3^\x15\xad\x90r\x03\x92,\xf9\xdc\xcc\
\x83\xda\xad\xe3\xec7\xddujrYy\xed\xeb\x09\xaa\
!.\x1eEY\xa9\xe3z\xb4k5>'\x18:j\
\xb9w\xc9\x1e\xa9t\x06_\x07\xa71\x92J\x00\xe3l\
\xc1\xad\x88]\x0e\xc7\x0a\xa9D\xb0\x1a\xa8\x12\xc0QW\
\xbd<\x8c\xb1\xe1%Z\x95@Vz5\x0a\x0e\x90W\
\xc0\xa6\xad\x87\x83\xbcX\xd7\x0a)\x1a\x95\x08\x96:\x87\
\x80\xe9\x80\x89\xd4\xea\x11\x8fJ5e/'\x09\xbd\xa8\
-\x11\xcein,\xe9r8\x1e\x90J\xbdi\x8f\x0a\
\xbbf^OGQ\xe7\xae\x01I\xf8\xd5\xab*\xcdn\
\xcfS\x1f\x1e\x90j\xbd\xa9FHu\x90\xadi<\xca\
\x165\xa0\xf1\xa6\x1a\x15vy\xd1\xae \xb62\xaa\x11\
\xdeT\xbd\x9f\xa6\xd1X\x94\xadj@\x1a_jT(\
\xd9\xe5\xa9\xb6\xe7\xe5I\xd1\x81\xe7\x0c4\x09\xa5\xd1^\
\x94-j\xc0\xdb\xe9\x98\xf2\x0aOH!-\xb7o*\
a\xa2;v\x914\x1ee\xc4\x1a\xf0\x02\xd5\x1c\xb2y\
Cj\x055\x00\x153\xf4\x92\x82\x16P\xa5\x97\x9e\xb1\
\x82\x8c\x80\xb47K\x8c\x18\x945\xd7\x94\x02\x00\x15\xa1\
\x9c\xe6\xeeX\xd7pm\x14\xa4\x09Tz\x0b[I\xc3\
\xe9\x03=l5q\xd7AN\xb1Pt\xfa\xd0\x00@\
\xe5>\x9e\x84\x1dk\xb7$v\xab\xf2?\xb1\x83\xed?\
\x03&\xf8\xe8\x00\x00\x00\x00IEND\xaeB`\x82\
\
\x00\x00a\xf9\
\x89\
PNG\x0d\x0a\x1a\x0a\x00\x00\x00\x0dIHDR\x00\
\x00\x00\xdc\x00\x00\x01\x04\x08\x06\x00\x00\x00C@Zw\
\x00\x00\x00\x01sRGB\x00\xae\xce\x1c\xe9\x00\x00\x05\
}tEXtmxfile\x00%3Cm\
xfile%20host%3D%\
22Electron%22%20\
agent%3D%22Mozil\
la%2F5.0%20(Wind\
ows%20NT%2010.0%\
3B%20Win64%3B%20\
x64)%20AppleWebK\
it%2F537.36%20(K\
HTML%2C%20like%2\
0Gecko)%20draw.i\
o%2F26.0.4%20Chr\
ome%2F128.0.6613\
.186%20Electron%\
2F32.2.5%20Safar\
i%2F537.36%22%20\
version%3D%2226.\
0.4%22%20scale%3\
D%221%22%20borde\
r%3D%220%22%3E%0\
A%20%20%3Cdiagra\
m%20name%3D%22Pa\
ge-1%22%20id%3D%\
22U2DwkXOZ4eQu3S\
acloEC%22%3E%0A%\
20%20%20%20%3Cmx\
GraphModel%20dx%\
3D%221434%22%20d\
y%3D%22956%22%20\
grid%3D%221%22%2\
0gridSize%3D%221\
0%22%20guides%3D\
%221%22%20toolti\
ps%3D%221%22%20c\
onnect%3D%221%22\
%20arrows%3D%221\
%22%20fold%3D%22\
1%22%20page%3D%2\
21%22%20pageScal\
e%3D%221%22%20pa\
geWidth%3D%22116\
9%22%20pageHeigh\
t%3D%22827%22%20\
math%3D%220%22%2\
0shadow%3D%220%2\
2%3E%0A%20%20%20\
%20%20%20%3Croot\
%3E%0A%20%20%20%\
20%20%20%20%20%3\
CmxCell%20id%3D%\
220%22%20%2F%3E%\
0A%20%20%20%20%2\
0%20%20%20%3CmxC\
ell%20id%3D%221%\
22%20parent%3D%2\
20%22%20%2F%3E%0\
A%20%20%20%20%20\
%20%20%20%3CmxCe\
ll%20id%3D%222%2\
2%20value%3D%22%\
22%20style%3D%22\
image%3Bhtml%3D1\
%3Bimage%3Dimg%2\
Flib%2Fclip_art%\
2Fpeople%2FWorke\
r_Black_128x128.\
png%22%20vertex%\
3D%221%22%20pare\
nt%3D%221%22%3E%\
0A%20%20%20%20%2\
0%20%20%20%20%20\
%3CmxGeometry%20\
x%3D%22410%22%20\
y%3D%2270%22%20w\
idth%3D%22220%22\
%20height%3D%222\
60%22%20as%3D%22\
geometry%22%20%2\
F%3E%0A%20%20%20\
%20%20%20%20%20%\
3C%2FmxCell%3E%0\
A%20%20%20%20%20\
%20%3C%2Froot%3E\
%0A%20%20%20%20%\
3C%2FmxGraphMode\
l%3E%0A%20%20%3C\
%2Fdiagram%3E%0A\
%3C%2Fmxfile%3E%\
0A#\xb4M\x00\x00\x00 \x00IDATx^\
\xec\xbd\x07\x98\x1c\xc7u.z\xaa\xc3\xf4\xe4\xcd\x01\x8b\
]\x04\x02\x04H\x82`&%\x92\x0a\x94\xa8D[\xc1\
\xd7\xb6d\xc9\x92\x83\x1c\xf4\xf4\xfc\xecg\x7f\xf7\xd9O\
\xd7W\x96M\x87kK\xb6%\xd9\x92e[\xf6\x95\x93\
D\x05R\x91\x14\xb3H\x80\x04\x98AR$\x11\x08\x12\
D\xce\x9bw'\xf5tW\xd5\xd5\xa9\xea\xea\xa9\xe9\x9d\
E\xdc\x9d\x9d\x05z\xf0-vwv\xa6\xbb\xa7\xba\xff\
\xfe\xcf\xf9O\x22\x10?\xe2\x15\x88W\xa0i+@\x9a\
\xb6\xa7xG\xf1\x0a\xc4+\x001\xe0\xe2\x8b ^\x81\
&\xae@\x0c\xb8&.v\xbc\xabx\x05b\xc0\xc5\xd7\
@\xbc\x02M\x5c\x81\x18pM\x5c\xecxW\xf1\x0a\xc4\
\x80\x8b\xaf\x81x\x05\x9a\xb8\x021\xe0\x9a\xb8\xd8\xf1\xae\
\xe2\x15\x88\x01\x17_\x03\xf1\x0a4q\x05b\xc05q\
\xb1\xe3]\xc5+\x10\x03.\xbe\x06\xe2\x15h\xe2\x0a\xc4\
\x80k\xe2b\xc7\xbb\x8aW \x06\x5c|\x0d\xc4+\xd0\
\xc4\x15\x88\x01\xd7\xc4\xc5\x8ew\x15\xaf@\x0c\xb8\xf8\x1a\
\x88W\xa0\x89+\x10\x03\xae\x89\x8b\x1d\xef*^\x81\x18\
p\xf15\x10\xaf@\x13W \x06\x5c\x13\x17;\xdeU\
\xbc\x021\xe0\xe2k ^\x81&\xae@\x0c\xb8&.\
v\xbc\xabx\x05b\xc0\xc5\xd7@\xbc\x02M\x5c\x81\x18\
pM\x5c\xecxW\xf1\x0a\xc4\x80\x8b\xaf\x81x\x05\x9a\
\xb8\x021\xe0\x9a\xb8\xd8\xf1\xae\xe2\x15\x88\x01\x17_\x03\
\xf1\x0a4q\x05b\xc05q\xb1\xe3]\xc5+\x10\x03\
.\xbe\x06\xe2\x15h\xe2\x0a\xc4\x80k\xe2b\xc7\xbb\x8a\
W \x06\x5c|\x0d\xc4+\xd0\xc4\x15\x88\x01\xd7\xc4\xc5\
\x8ew\x15\xaf@\x0c\xb8\xf8\x1a\x88W\xa0\x89+\x10\x03\
\xae\x89\x8b\x1d\xef*^\x81\x18p\xf15\x10\xaf@\x13\
W \x06\x5c\x13\x17;\xdeU\xbc\x021\xe0\xe2k \
^\x81&\xae@\x0c\xb8&.v\xbc\xabx\x05b\xc0\
\xc5\xd7@\xbc\x02M\x5c\x81\x18pM\x5c\xecxW\xf1\
\x0a\xc4\x80\x8b\xaf\x81x\x05\x9a\xb8\x021\xe0\x9a\xb8\xd8\
\xf1\xae\xe2\x15\x88\x01w\xee\x5c\x03x.m\x00\xc8\x02\
@gO{:\x97K9\x19N\xab)`<\xe9\xf9\
\xdc\xf28Mp\xce\x13\x00\x80\xaf\xe5)\xd3\xa4v\xc2\
\x9e\xb6\x9c\xeca\xce\xad#;\x0f\x1c8|\xee,G\
k~\x92\x18p\xady^N\xe5\xa8\xf4s\x87?\x1b\
\x00\x90\x03\x80\x01\xd3\x84K:\xb2\xa9\xe5\xf9\xb4\xb3\x94\
3\xbf\x87Q\xd6A)KS\xc6\xf3\x94\xf16\x04\x1c\
!\xc0\x1d\xcb\xaa\xd8\xb6\xb5\xcfL\xa4\x1e\xe3Vb\xf3\
\xab{\x0el\x0ev\xcc#\xdfO\xe5x\xe2\xd7\x9c\xc2\
\x0a\xc4\x80;\x85Ej\xb1\x97 C\xb5\x03\xc0\x05m\
)s(\xedX\x83U\x9fw\xba\x94\xb7\x97\xab4I\
)\x13\x0cg[f\xd6\xb1\x8d,\xe1\x90\x04`\x0e\xe3\
\x82\xfdl\xe0\x80,G\x18\x007\x09\xa1`\x18\xd3\x0c\
\xc8Q\xe0p\x18\x18=\x9c\xb2\xcd\x91\x94M\x0e\xdb\xa6\
\xf1b\xca \xfbv\x8c\x94\x8e\x03\x00m\xb15X\xb4\
\x87\x13\x03nq\x9c:\xb2\xa2\x1d\xdaJ\xdc\xe9*\x94\
\xdc\xbc\xeb\xc1\x007\xe0\xf2\x94e^\x92r\xcc5>\
\x85\x81*e\xdd\xaeGm\xca82\x1d\x10\x22i\xac\
\xd1\x83s\x0e\x5cqX\xf0\x02\xd3 \xdc6\x0c\xea\xd8\
\xc6!\xdb\x84W\x09\x90\x8d\xdc ?Np\xd8e\x10\
g\xf8\xe0\xd4\xd4\x04\x9a\xa1\xc1\xd7\xe2X\xb5\x16<\xca\
\x18p-xR\x22\x87\x84\x002\x97\xe4\x9d\xb7r\x02\
\xef\x9d*\xfbC\xae\xc7\xfa\x18\xf0<\x01\x923\x0d\xc8\
p\x80$\xe7\x90`\x9c\x13\xce\x85\x7f&\x1e\xb3\x9d\xdc\
\x08\xd6\xe4k\x11\xa0@\xb8A\xa0B\x08\x14\x09\x81Q\
\xdb4\x0ed\x93\xd6k&\x81{\x0eO\xb8\x0f\x00\x80\
\x17\xb3\xdd\xd9]01\xe0\xcen\xfd\xe6\xf3\xdd\xe6\xb2\
\xb6\xb6|\x95\x96\x97T\x18\xac\x01\xceo\xe6\x00\xef(\
{\xb4\xcf\xa7\xbc\x8dE)j\x8e\x8f\x04\x01h\x9b\xc6\
t\xd22\x8f\x12\x80\x0d@\xc8C\xa9tro\xbe+\
\x7f\xc8\xb2\xf2\xc3\xdb\xb7o\xaf\xce\xf1.\xcf\x8b\xcd\xc5\
\x80k\xd1\xd3<88\x98\xb2\xab\xc5\x0bK\x95\xca[\
+\xbe\xff+U\x8f-s}\x9a\xe3\x1cL.\x05\x92\
y\x7f\x10\x00F\x08P\xdb2\x0b\xc9\x84y<\x93J\
\xff0\xdb\x96}\xc8\xf1\x8c'_\xda\xbf\x7f|\xde\x0f\
\xe0\x1c\xdcA\x0c\xb8\x16<\xa9\xabV\x0d\x0c\xf1\x0a]\
3]\x9c\xbe\x89z\xde\x0d\x94\xf3\xab=\x9f\xe7\xaa\x94\
\x19\x94\xcd\xf4\xbf\xe6\xfb#\x98\x06a\x96iTL\xc3\
\xdca\xd9\xd6S\xf9l\xe6\xee\x5c*\xbbm\xc7\x9e=\
\xfb\xe6{\xdf\xe7\xda\xf6c\xc0\xb5\xd0\x19}?\x80\xb9\
\xed\x92K\xccJa\xe2M~\xd5}[\xa1X\xf8\x19\
J\xe9Z<D\x04\x9a\xcf8x>\x17?/\xd4\xc3\
6\xcd\xdd]\x1d\xb9\xef\xa7R\xe9\xfb\xf7\x1c8\xfc\x10\
\x00\xb0XH9\xf5\xb3\x11\x03\xee\xd4\xd7j\xde_y\
\xe5\xea\xfe\x1e\xdb$\xcb\x0f\x8eL\xbd\xbfR\xf5\x7f\xca\
\xf3\xe82\x0e<o\x18D\xe8\x83\xe8\xb7\xb9\x1e\x03\x8f\
.\x1c\xe0L\x83L'\x13\xf6>\xd30\xee\x80R\xe5\
\x1f\xa6\x00\x8a\x00\xe0\xce\xfb\xe2\x9c#;\x88\x01\xd7\x1a\
'\xd2\x04\x80\xd4\xd2\xce\xd4z\xc7\xb6n\x9a*U\x7f\
\xda\xf5\xfd\x1b\x91\xd1\x08\x10\xb0L\xfc_j\xf2\x95*\
\x03\xcfg\xe2\xe7\x85x\x18\x84p\xcb \xcc$\xe4\xde\
d\x02\xfe\x993{\xebD\xa5\x12\x9b\x96\xa7x2b\
\xc0\x9d\xe2B\xcd\xf3\xcb2\x000\x98KY\xef\xb5L\
\xf2\x7f\xf9>\xeb\xf59G\x81\x04\x0cR\x0f8\xc1p\
>\xfaq|\xc1@'\xb2TL\xe3P>i\xee\x04\
B\xfe\xe1\xf8t\xf5\xfb\xf3\xbc>\xe7\xcc\xe6c\xc0\xb5\
\xc0\xa9\xecL\xc1 %\xf6-\x8c\xb3\x9f\xe6\x1c~\x9a\
q\xb0\x94\xec\xaf\x03\x0e\x0f\xb5\xeaK\x93R\xf9q\xf8\
w\x11\x8dn\x10\xcc\x9e\xcf\x8ff\x9b\xa4\x92\xb4\x8dB\
\xc2\xb2\xff\xa5#\x9f\xfc6K\x92\xdd\xbbw\x8fO\xce\
\xe7>\xcf\x85m\xc7\x80k\x81\xb3\xd8\x9d\xb6\xaf\x22&\
\xb9\xd5\xa3\xecu\x15\x9f\xf5\xe81\xeb(\xe0|\xca\xc1\
C\x01\xc5g\x22\x93\xc4\xb6\x88\x00\x1fc\xd2\xc7\x9b\xe7\
\xf0\x5c\xb8Z\x18\xa7\xc3c\xcb\xa5\x9d\x87\xbb\xf2\xa9\xfb\
\xb9A\xbf\xb7\xfb\xe0\xd4\xab-\xb0\x9c-}\x081\xe0\
\x16\xf6\xf4\x18C\xdd\xe9\xfeb\xc5\xbf\xd1\xad\xb2?`\
\xc0.\xe5\x00)\xfd\x90\xa2\x80CP\xd9\xa6\x09\xedi\
\x07\xda3\x0e\xb4e\x12\x02x\x08\xba\xe9\xb2\x07\x13E\
\x17\x86\xa7JP\xa9\xd2y\x15W\xc4\x85C\x00\x92\x09\
\xf3\xa0c\x9b\xcf\x82\xcf\xfe~\xa2\xe2?\x05\x00\xe5X\
\xb5\x9c\xfd\xa2\x8a\x01\xb7\x80\x80\xbb\x04 Q\xe8\xc8]\
W\xf0\xdc\xb7O\x97\xfd_\x01\xc2\x97\x9b\xa8Hj\x0f\
\x058\xfc\x8e\x7fJX&\xe4S\x09\x18\xec\xccB_\
{\x1a\xba\xdbR`\x1a\x06P\xcea\xbc\xe0\xc2\xd1\x89\
\x12\xec\x1f\x9e\x82\xc9b\x15\x8a\xae\x0f\x1ee\x02\x8c\x94\
\xb1\xb3f?<6\xdb2\xc1\xb1-\x91\x0a\xc6\x19\x05\
\x1f\xb7\xcf\xf9\xde\x041\xff&\xef\x18\x0f\xf6M\xb9{\
\x9f\x95)`\xf1\xa3\xc1\x0a\xc4\x80[\xc0\xcb\xa2\xaf\x0f\
2\xa4\xe4\xfc\x96K\xd9\x7f+\xbat\x1d'<?\x1b\
\xe0\x12\xa6\x09\xc9\x84\x05\xcb\xba2\xd0\xdf\x9e\x82|:\
\x09\xe9\xa4-\x9e#\xc4\x10l\x83\x17\xbf\xebQ(\xbb\
>\x8c\x16*0<Y\x82\x91\xa9\x0a\x8c\x17*\x82\xfd\
\x10|g\xfa\x10\xe6c\xca\x86\xde\xf6\x0c\xacZ\xda\x0d\
\x09\x83C\xb5R\x82\x9dG\xa6\xe0\xf0xi\xb2#e\
?\x99r\xec\xbb\xb9g}u\xef\xc4\x04&:\xc7\x8f\
\x18p-u\x0d\x98\xb9\x1ct\x18\x9e\xf9\xe7\x14\xe0\x03\
\xae\xc7\xf3@\xb8\x15\x05\x9ce\x1a\x90\xb2Ma>v\
e\x930\xd8\x95\x81\x9e|\x12\x12\xb6\x0d\x96e\x82a\
\x18\xc2\xa4\xc4/\x04\x85\xb0\xf4\x08\xc0t\xb9\x0a\xe3\xd3\
\x15\x01<\x04\xdcT\xa9\x0a%\xd7\x07\xd7\xf3EXA\
2\x1f~\xc95A\xf6\x9c\xad\xba\x00\xfff\x9b\x06\xf4\
\xb6\xa5`\xa8\xb7\x0d\xd6.\xef\x07\xc7\x04p\xcbE\xd8\
\xb2k\x18v\x1e\x9e\xf0L\x02\xa3\x86\xc1\xefMY\xf0\
\xd7U\xa7\xba\xff\xf0a(\xb5\xd4j\xb7\xc8\xc1\xc4\x0c\
\xb7p'\xc2\x01\x80>\xdb4>\xc3\x81\xbf\x9fs\x89\
\x9d(\xe0R\x09\x0b\xda\xd3\x09X\xde\x93\x83\x95=9\
p\x12\x960+-\xcb\x02\xd34\xc0 \x06\x18Hp\
\x01\xe8\xd4w\xa9ZJs\x12\xc1Uq}\x98(\x22\
\xeb\x95a\xba\xe8\xc2t\xd9\xe5E\x97\x92j\x808a\
.\x9a\x8d/\x07\x04[:a\xf1\xe5=9\xb2\xb47\
\x0f\xfd=\x9d\x807\x02\xdf\xf3\xe0\xf9W\x8f\xf0\xad{\
\x87\xf9\x91\x89\x12s=\xff\xd1\xee\x5c\xe2\xf3\xc9\x94\xf1\
\xc2k\x87\xcb\x07\x16ni[w\xcf1\xe0\x16\xe8\xdc\
\xac^\xbat\xb0\xe8\x95\xd7\x8dML\xfdw\xdf\xa7\xef\
\x10,c\x00\xe8\x80C\xc6\xea\xc8$`yw\x16\x06\
:2\xd0\xdb\x9e\x16\xfe\x9ai\x22\xe0L\xf13f\xa1\
(\x96\xc3\x9f\x05\xe0\xf0\x9f`,\xf9\xe1\x10|hn\
\xa2\xa9\x89\xccW\xa9\xfa\xe0\xe2\x97/}0\xcc\x14\x13\
\xaa\xa3P;\xa4\xd2\xc9Q\xf9\x14\xa0\xe5`\x00\x07\xcb\
 B\xa0i\xcb&!\x9f\xcbB\xcaI@\x22a\xc1\
\xae\x03\xc3\xb0s\xff0l;4\x01Se\xef\xf9\x9e\
\xf6\xd4\xd7\x93\xb6\xb5q\xf7\x91\xc9-\x0b\xb4\xb4-\xbd\
\xdb\x18p\x0btz\xd6\x5c0t\xad_\xf5\xdezt\
d\xec\xe7\xdd\xaawM\x14p\xa2<\xc60`I{\
\x0a\xd6\x0f\xb5C{&\x09I'!\xc0\x86\xcc&\x18\
.\x00\x18\x02N\xb2\x9d\x04\x9c4+%\xe8\xf4\x87\x88\
\xd7iy\x98\xc8\x80,\x00\x16\x13\xb1=\xfc\x1d\x01\xc8\
\x81\x22\x10\xd1\xe4\xa4T\x9a\x9e\xc1w\xdc\xaec' \
\x9fKCG[\x16\x86G'a\xef\xd11x\xe2\xd5\
a\x18\x9d\xae\xbc\xd6\xd5\x96\xde\x980\xad\xef\xed>:\
~\xf7\x02-mK\xef6\x06\xdc\x02\x9d\x9eU\xfd\xf9\
[|\xce\xdf?2QyC\xc5\xf3/\x8c\x02\x0e\xc1\
\x93v,\x18\xec\xcc\xc0\xa5C\x1d\x90K%\xc0\x12`\
\x93\x80\xb3\x85II\x04\xcb\x11d:\x04\x18\xb2]\xf0\
]$\x83E\xcfn\x90\x0f&\x98K\xa8\x96\x01\x8b\x89\
8\x9e\xfcY\x01\x0d\x7f\xa7\x8c\x8a\xdf\x15\xd8\x14\x18\xf1\
X\xb3\xe9\x14\xb4\xe7\xb3\xc2'\x1c\x9d,\xc13\xaf\x1e\
E\x85\xf4\x88I\xe0E0\xc8W\x0f\x8e\x14o[\xa0\
\xa5m\xe9\xdd\xc6\x80[\xa0\xd3\xb3\xaa;\xfbA\x1f\xe8\
o\x8c\x16\xaa\x97\x94\xablI\x14p\x96a@[:\
\x01C]Y\xb8d\xb0C(\x92\xd2\x84\x94l\x86\x80\
\xb3,#4+\x11tx2u\x13\xb3\xe1G\x0b@\
\x86\x80\x92~\x1e\x82M\xb2\x9a\x00\x9d\xc6t\xc8l\xbe\
O%\xd3\xe9l\xe7SH&\x1d\xc8e\xd2`\xdb\x16\
\x94\xab\x14^\xdcs\x0c\x0e\x8fLOL\x96\xdc\x03\x94\
\xb2/\x1f\x9dr\xbf\xb4@K\xdb\xd2\xbb\x8d\x01\xb7@\
\xa7\xe7\x82\x9e\xccG\x19\xe7\xbf=Z\xa8./Ui\
W\x14p(T\xf4\xe5S\x1c\x01\xb7jI\x1bI9\
5\xc0!\xd0\x12\xb6%\x18\x0fM<\x04 ~)S\
R\x99\x96Q\xd51L\x01\x0b\x00\xa6\xfc;\xc9f\x0c\
\x98\xf0\xe7\x90\xe5\xe4\xef\xc8l\x086\x11k\xf3\xfd\xf0\
9\xfc\x1d\xf7\x9dH\xd8\x90I\xa7\x00S\xac\xf7\x1c\x1d\
\x87\xfd\xc7\xa7\xdd\x83\xc3SS\x9eO??\x5c\xac\xfe\
\xd5\x02-mK\xef6\x06\xdc\x02\x9d\x9eU\xbd\x99_\
\xa6\x94\xff\xdf#\xc5\xea\xaar\x95b:W\x9dh\x12\
\x00\x0e\x86\xba\xb3\xb0zI;\xa0Z\x89\xecf \xbb\
\x99\xa6P+UX@\xf8o\x01\xc3\xa1\xe3\x16\x02.\
\x12DW%>\xca\x9cT\x00\x14\xcc\x16\xb0\x98`;\
*E\x16\x09\xba\xc0\xa4D\x1f\x8e\x06\x81n\x86M\xbc\
\xa4\xbf\xd8\x96\xcb\x80iYpdd\x0a\xf6\x1e\x9b\xa0\
;\x0eNx\x15\x9f\xfeu\xa1\xe2\xdf\x1a,\xedB\x15\
6,\xd0\x99=\xf1nc\xc0-\xd0iY\xd9\x93z\
?\xe3\xe4\xd7F\x0a\xee\xa5\x95*\x1b\x9caR\x9a\x06\
te\x1cX\xd6\x93\x83\x8b\x97v\x002\x9c\x88\xb5\x05\
\x80C\x01\xc5\xb6M01\x16\xa7\x83L\xf8p\x18\x9b\
\x93\xb9\x8eu\xa2IPS\x87f$J\x91\xca\x97\x0b\
\xcdI\x05:\x01,\xe9\xcf\xf9\x01\xcb\x09\xe0\x05&&\
>\xa7\xd8\xaf\xa3-\x07\x8e\x93\x80\xd1\xf1)\xd8ud\
\x02\xb6\xec\x19\xc3\x12\xa2\xbf\xf2\x19\xfb\xe3\xa0\xe1P\x0c\
8\xed$\xc4\x80[ \xc0\x0dt\xe5\xde\x07\x84|x\
|\xba|m\xd5\xf3W4\x12M\x92\xb6\x09\x03\x9di\
\xb8t\xb0\x03\xda\xb3)!\xc5K\x85\xd2\x14\x8a%\xa6\
Y)\x96\xab\x13MTLN\xda\x98\xb2\x96.(\xe7\
\x91X\x931:\x14,\x91\xed$\xe0\xa4b)\x04\x12\
\xc1j\x0c\xfc\xc0\xcc\xac\x81\xcd\x17\x00\x0c\x99\x8eR\xc8\
e3\xe0$l(\x14\xcb\xf0\xda\xd1\x09xj\xd7\x08\
\x94\xab\xec/}\xc6>\x15\xb7\xd5\x9byq\xc5\x80[\
 \xc0\xf5vv\xbe\xd3g\xf4\xe7\x8b\xa5\xd2\x9b|\xdf\
_\x13\x05\x9c:\xac\xbe\xb6$\x5c6\xd8\x0e\xbd\x1dY\
h\xcbf4\xc0\xd9\xa1\x1f'LM\xa1VJs\xb2\
\x96qR\x0b\x13\x08V\x0b\x1e,\x0c\x07\x04\x80\xd3@\
'\x80\xe6\xabP\x80\x0c\x0d\x08\xf3R<\xef\x07`C\
\x06\xa4\xe2u\x99TJ\xf8r\xd5j\x15v\x1f\x9b\x82\
\xc7_9\x0e%\x97\xfe/\x9f\xb1?Z\xa0\xa5m\xe9\
\xdd\xc6\x80[\xa0\xd3\x93JY7\x12n\xbc\xd3\xf3\xfd\
\xf72\xc6/?\x19\xe0\xfa:r\xd0\x9e\xcf\x88\xcc\x12\
4%SI4)1\x16'\xfd:\x01\xba\x88i)\
Z34x\x84\xb1\xb7\xc0\x84\x14A\xee \x06'\xc1\
\x15\xb0\x5c\xe0\xc3\xa9\xe7\x04\x10\x95\x1fG)x\xbe\x1f\
0\xad%Xs\xef\xf04\x7f\xfc\xe5c\xac\xe4z\x7f\
U\xf1\x05\xc3\xc5\x8f\xc8\x0a\xc4\x80[\xa0K\x22\x93\x80\
\xcb87n\xac2\xfeK\x9c\xc3\xf5\xb3\x01\xae\xbf-\
\x05W,C\x86\xcb\x09\x81\x02A\x85@C\xc0\xa1R\
\x89q9\x15\x0a\x10\xdf\x89\xcc\xadTY'\xb3\x03N\
S%5\xc0Q\x91}\x12\x84\x02\x84\x0f\x17\xb0\x9b2\
%}\x09H\xc1p\x94\x0a\x93\x16E\x1c\x0c\xc4\xef\x1f\
\x9ef\x9bw\x1c\xa1E\xd7\xfft\xa9\xea\xa3\x0f\x17?\
b\xc0\xb5\xc65\xb0\xbc/\xb9\xd2s\xd9\xe5\xa3\x05\xef\
w|\x06o\x9d\x0dp\x03\x1di\xb8zE\x17\xf4\xb4\
g \x9bI\x0b \xa1\xef\x96N9\x22\x81Y)\x94\
\x08D\xfdg\xac \x98\x19\x16\xa8\x89%\x92\xe5j~\
[\xa8T\x86\x0c\xa6\x80\x15\x01\x5c\xc0\x80\xc8v\x088\
Q>\x84>e\xd2\x81\x83\xa3\x05\xbay\xfb!\xafX\
\xf6>3US)[c\xc1[\xe4(b\x86[\xa0\
\x13\xb1ti\xae\x8bNWV\x8d\x15\xfdOQ\x0e\xef\
>\x11\xe0\xaeZ\xd1\x09=\xedY\x11hF\xc0%,\
\x0b\xd2i\x098)\x9a\xc8\x8c\x13\xe5\xcb\x09\xd3R\xa4\
\xffG\xfa\xc5jb\x89\x02X]8 4!\xd1?\
\xabe\x98Hpi\x00\xf4\xa5x\x82_hJ\xe2\xbe\
\xf1fpx\xbc\xe4>\xb6\xedP\xa1P\xf1>7^\
\xaa\xfe\xe5\x02-mK\xef6\x06\xdc\xc2\x9d\x1e\x9c\x82\
\xd3k\x1a\xc6g\x01\xf8\x07f\x03\x1c\xe6R^\xb1\xac\
\x03\xd0\x87\xcbc\xcc\x0b\x19\xce\xb6 \x93J\x0auP\
$1+\x1fN\xf9q\x91\xbcJ\xf5\x11Uf\x09\xea\
'\xb54.\xe9\xaf\xd5r(\xa5\x18\x22\xd5\xc8\x1a\xc8\
\x10\x80\xea\xb9\xa8x\x82:(&4\x0fOU\x8a\x8f\
\xef80R(\xfb_8>\xed~n\xe1\x96\xb6u\
\xf7\x1c\x03n\xe1\xce\x0d\xd2OW\xc26\xfe\x9es\xfe\
!\xce$!E\xcbszrI\xb8h\xa0\x1d\x06\xbb\
\xf3\xd0\xdb\x99\x13uk\x02p\xe9\x94\x00\x1c\x9a\x972\
\xd3$\x88\xc7E\xaa\x07\xa2\x1fO\x80M\x88%\x98\xc6\
\x85\xbe\x9a4-\x15\xe8\x94\xfa\xa8\x07\xbd=\x04\xa0\xce\
r\x9ax\x82\xaf\xc7\x8b\x08\xc3\x03\xa3\x85\xca\xd4\xd3;\
\x0f\x1f-\xb9\xde\x97\xf6\x8f\x96\xbf\xb0pK\xdb\xba{\
\x8e\x01\xb7\x80\xe7\xa6\x1d\xa0\xddM\x98_\xe4\xc0?\xec\
S.\x5c.\x0584\x0b\x1d\xdb\x84\x9e|\x0a.\xe8\
\xcd\xc3@WNT[+\xd1$\x9b\x95\x80\xc3\x14+\
\x99\xd4\xacLJ%\x98\xc8\xd2\x9d\x19\x0fL\xdd\x12\x22\
\x092X-\x8fRg3\xa9R*3\x12\xdb\xf2\xf9\
\x0d\x00'\x19\x0f\x81\x88\x88\xc3d\xe6\xf1bu\xfc\xb9\
W\x8f\xec-V\xab\xff\xb2\xfbx\xe9\x9f\x17pi[\
v\xd71\xe0\x16\xf0\xd4tt@\x9b_\xb6\xff\x9eq\
\xfe\xa1\xaa\xcfl <,@u,ST\x0a\x0cv\
\xe7`\xa8;\x07\xd9\x94#\xda)\xa0\x9f\x86uh\xf9\
lZ\x00N\x04\xc2\x83*\x02\xa5V\xaa:9\x81\xe0\
ZQ\x5c\xd8NO\x05\xb9e\xf9\x8d*\xc3\x91\x81\xee\
Z\xe0\xbb\x16kCP!\xcb\xa9\xcc\x13|M\xc8z\
\x088\xe0\x90N\xa7`\xb2T=\xf6\xec\xae\xa3;\x0a\
\x15\xef?\xf6\x0e\x17\xffs\x01\x97\xb6ew\x1d\x03\xae\
\xc9\xa7\xe6\xea\x81\x81t\x22\xebvt&\xd3\x1d\x8c\xd1\
\x81\xe7\xf6\x8f\xffN\xd1\xf5\xde\xeeJ\xc0\x19\xc8p\xaa\
Q\xd0\x9a%\xed\x22\x97\xb23\x9f\x16\xcf!\xd8\xb0\xd2\
:\xe1\xd8\x90\xcbH\x863\x0d\x94\xe4\x03\x93\x12+\x09\
\xd0\xa4\x0c\xcc\xcbZM\x9c\xc85\x09*\x03dJ\x97\
\x02\x9bJZV&d\x98I\x12\x98\x8d\x02X*\x18\
\x1e\xa4z\x09\xf3R</\x99\x0fC\xea\xa9\xa4\x83M\
\x8b\x0e\xbdzh\xe4\xf9r\xc5\xbfm\xcb\xde\xf1o6\
yi\x17\xc5\xeeb\xc05\xf94]{IO\xbf\xe1\
\x91\xf5\xbd9{\x9d\x05d\xfd\x0b\xfb'^w|\xba\
\xb2Z\x07\x1c\xf6/\xe9kK\xc3\xba\xa1NaF\x0a\
?-\xa8\xee\xc6\xd8\x1b\xe6.\xa2h\x82L\xa7\xd7\xc8\
)\xd3R\xc6\xe1f\x9a\x94\xb2\x14\xa7\x16\xe4\xae\xa5o\
\xa9\xe2S\x19\xccV\x80RL&\x99\xad\x96m\x22A\
\x18\x98\x9d\x02p\x1c\x92\x89\x04n{\xdf\xd8d\xf1)\
F\xf9\xb7\xbe\xf5\xcc\xbe\xef6yi\x17\xc5\xeeb\xc0\
5\xf94\x0d\xe5\xd3\xd72\x13>\xda\x95M\x5c\xd8\x91\
q\x96\x94<\xd6?Q\xaa\xb6\x1f\x1e/\x19U\xdf\x17\
&\xe5\xf2\xee\x0c\xac\xe8\xce\xc1\xd2\xee<\xb4g\x93\xb2\
\xe8T\xd4\xc1\x11\x91\xd9\x81_\xa9 \x0e\x87\x8c\xa7\x8a\
R\xd5\xeb\x14\xd8\xf0=\xfaC\x8f\xbd\xc9\x94\xad\xfa\x8c\
\x12\xe1\xb7\xd5\x81I\x9a\x98\x1e\xbeNc:i^\xd6\
LN\x042\xd6\xe710v\x95<\xe3G>ew\
\xde\xf6\xc8K\xf76yi\x17\xc5\xeeb\xc05\xf94\
\xf5\xe5\x9c\xf7\x00\x90\xcf\xb6g\x12\xcb:\xb3N\x22\x97\
qH\xc5\xa3\xb0\xfd\xc08LW\xaa\xc2\xe5\xbat\xb0\
\x1d\xd6.i\x83\xbcHXv\xc2z7,J\xc5\x80\
7\x9aoIL\xed\x12E\xa85\x95R\x802H\xf5\
\x12\xdfgT\x0b\x04\x82I\x10\xf0V,\xa5|3\x99\
\xba\xa5g\x92\x04?\x0b\x13\x12co\x98O\x89\x22\x8a\
b7\x99[\x89\xe6(\x82\x9c\x1b\xf6\xf6\xb2\x99\xbf\x93\
s\xe3\xbe\xaf\xde\xbb\xe9\x91&/\xed\xa2\xd8]\x0c\xb8\
&\x9f\xa6K\x06\xda\xdf\x07\x00_\xe8\xccXK\xbb\xb2\
\x09\x13\xcd\xc2\xa2KE\x7f\xc7\xd1\x82\x0b\x15\xcf\x87\xab\
Vv\xc3\xba\xa5\x1d\x02ThB\x1a\x86)\xf2'\xf1\
\xe7\x0c\x8a'\xd8\xc0\x07\x83\xdevM\xa1\xd4M\xcbP\
4\x890\x1c\xe6Lbu\x80j\x0c[\xafFJv\
S\xe6\xa3\x0al\xcb\x98\x9bLhVBI#\xc0\x09\
\xbf\x90\x93\x17<n\xde\xc1\x00\x1e\xbam\xe3\x8e'\x9b\
\xbc\xb4\x8bbw1\xe0\x9a|\x9a._\xd6\xf1n\x00\
\xf2\xb7=Y{Eo>\xe1\xa0\x19\x88\x80{m\xb8\
\x88\x81c\x98,\xbbp\xcd\x05=p\xe9P\x97LN\
\x0e$\x7f\x14H0\x7f\x12\xd9M\x05\xbcEH `\
8\x058ab\x06,\x87uq\xfaC\x04\xbe\x83\xba\
6eR\xd6\x12\x93\x83*\x01-OR\x02\xac\x06\xb8\
\x10t\x81\xe9)M\xd0\xa0dG&B?O)\xfb\
\x06\x01\xb6\xe1\xab\x8f\x1d\x88\xbbv5\xb8\xb6b\xc05\
\x19pk\xfa27s \x9f\x1a\xecH]\xbc\xa4=\
\xd9\x8b\x80*{\x0c\x0e\x8d\x95\xf9\xf1\xa92\x8c\x14*\
\xe4\x9aU\xbd\xb0n\xa8K\xf3\xdd\x0cH\xa7\x93\x90\xcd\
\xa4\x84\x80\x22L\xc9\xc0wC\xc0\x89\xaf\x00\x98\xa2\x85\
\x9e\x16\x97\x8b\x02.l\xa5\xa0\x15\x93J6\x93\x80\x93\
_\xb2\x9d\x82\x04XMD\x11\xbf\x07~\x9f\xaa\x1c\x90\
\x7f\x97\xa0c\x8c?OY\x0c\xb8\x13]R1\xe0\x9a\
\x0c\xb8\xd7\xaf\xea\xb8\x91s\xf2\xfftf\xeck\xf3)\
k\xb5\xeb\x03\xb88\x11\xc7g|\xbcX%G\xa7\xca\
\xb0~y7\xac\x1d\xe8\x08\xab\xbb\x91\xe9\xd2\xa9\xa4\x10\
JD\xd1i\xc0l\xe1w\x0dp\xe2\xb9\xa0lG\xf5\
9Q\x1fQOPF\x11\x04\x1b\xc4\xeaj\xa3\x04\x9d\
\x04\x98\x12K|O\xfe\x8e\xdd\x9aU\xa0[\x99\x9bb\
\x1b\x1a\xe0\x90\xe1\x18\xe31\xc3\x9d\xe0\x9a\x8a\x01\xd7d\
\xc0}\xf0\xfa\xe5Wr\x06\x1ff\x8c\xbe\x99R\xff\x9a\
\x91\x22E+\x0f\xba\xf3\x09\x82\xa6\xe5\xe1\x89\x0a\x5c\xb8\
\xa4\x1dV\xf4\xe6\x05\xc3\xa1\x8f\xa7\x94I,\xf4T\x80\
\x13,g#\xdb\xc9\xd6y\x084\xec\x83\x82e2\x02\
p\x81iY\xa7R\x06m\xf0\x04\xa8<\xa92J\xc6\
R_\x01\xcb\x05\xb5n\x8a\xf1\xd0\xb4\xac\xf9mA\xe6\
I\xa0\x5c6\x02\x1c\xe7l\xe3m\x8f\x1fx\xa6\xc9K\
\xbb(v\x17\x03\xae\xc9\xa7\xe9\x96\xab\x87V\x11\xcf\x7f\
\x8b\xeb\xb3\x9f\xf1)\xfb\xa9\x892\x86\x02\x0cX\xde\x9d\
\x12\x0a\xe5T\xd9\x87\xbe\xf6\x0ct\xb7e\x84\xf2'|\
\xb7\x94\x0c\x058\x09\xecM)\xc3\x00\xa7\x0a8Q\x17\
\x07D&+kM\x81B\xb6\x8aH\xfc*,Pg\
J\x06>\x9b`9\xc5j\x0d\x00\xc7(\xdb\xc69\xff\
\x81\xcf\xd9\xfd_\x7f\xfc\xc0\xa3M^\xdaE\xb1\xbb\x18\
pM>M\x97\xad\xea\xeb5\x0dv\x11\xf1\xd8\xaf2\
\xc6\x7f\xb5\xe4Q\x92\xb4\x0d\xb8\xb0?\x07\xe9\x84)\x14\
DT\x22\xd3I'H\xe3\xb2\xa52\x99D\xc0a*\
\x972)e_\xca:\x86S\xfe\x9c\xf0\xf1\x82pA\
\xd0P\xa8\x96IR\xeb1Y\x1f\xe0\xd6|\xb5\x08\xc3\
Ip\xd6\x94J\x01\xc6\x86\x0c\xc7_\xe1\x9c=\x08\x94\
\xdc\xf5\xd5'\xf6\xde\xdf\xe4\xa5]\x14\xbb\x8b\x01\xd7\xdc\
\xd3D\xfa\xfa m\xb8\xc9\xee\xb6\x8c\xf3;\x04\xc8\xff\
\x87\xcc\x93MZ\xb0\xaa/\x07\xb9\xa4-@\xa6\x84\x11\
\x997Y\x0f8\xd98(\x00\x94%\xf3(E\xd5\xb5\
\x88\xc9\xd5\x80\x86\xbf'l\xb3\xae\x89\x10\xfah\x1e\xfa\
dA\xce\xe4\x9c\x03\x8e\xb2=\x94\xf2\xcd\x9c\x91\xef|\
\xfd\xa9\xbd?h\xee\xd2.\x8e\xbd\xc5\x80k\xfey\xb2\
\x01\xc0\xb9rY\xfb\x7f'\x06\xf9\x9f>\x05+\xedX\
\xe6\x8a\xde\xac\x18\xb4\x18\xf6\x9a\x0c\x0aJ\x95I\x89\x1d\
\xbb0\xa5K\x05\xbb\xf5\xb2\x1c|\x0e\x85\x15\x19\x22\x90\
Y)\x18\xb3\xc3/\xfd\x81\xacTE\xc0\xe9U\xdba\
\xce\xe4\x1c0\x1c\xe5\x07|\x9f>M\x19|\xeb[O\
\xef\xbf\xa3\xf9K\xdb\xfa{\x8c\x01\xb70\xe7\x88\xbcc\
]\xdf\xefq\x80O\x16]\x961M\xc3\x19\xeaN\x93\
l\xb2\x1ep\xbah\x8218\xd9\x1aO\x02\xab5\x01\
\xc7\x0ey\xd4\xff1\x00\xb9\xed\x1bO\x1c\xf8\xc6\xc2,\
mk\xef5\x06\xdc\x02\x9d\x9f\xf7]5\xf0Q\xce\xe1\
\xb7\x0b.[n\x9aF\x17\xb6\xc3K;\xb5!\x8b2\
wR\xce\x10@\xb3\x12S\xba\xf0\xab\x16\x0a\x90\xb18\
\x15\x83CsR\xf5\xa9\x94\xa2\x8a\xf4\xf5dM\x1c\x8a\
&2\xf9X\xa8\x8d\xf3fR\xf2\x03\x9e\xefo\x01 \
\xdf\xfc\xc6\x93\xfbo_\xa0\xa5m\xe9\xdd\xc6\x80[\xa0\
\xd3\xf3\x8b7\x0c\xbd\x8f2\xf8p\xc9e\xd7\x12\xc3\x5c\
\xd1\x9e\x96\xe3\x83\xa3&\xa5`3Q\xe1\x9d\x84l:\
\x19\xce\x87;U\x95\x12A\x8b\xd5\x03\xaa\x99k\xed\xbb\
\x16\xe4\x16@<\x99I)\x85\x13\x19\x22h,\x9a\xf8\
>\xdfG){\x82\x11\xb8\xfd\x9bO\xec\xfb\xde\x02-\
mK\xef6\x06\xdc\x02\x9d\x9e\x0f\xbf~\xd9\x8d\x0c\xf8\
-\x0c\x8cw\x9b\x06\xb9\x1c\x07\xd5\xab!\x8bJ\xfaW\
\x93r\x90\xa92\x99\x14d3\xc9\xb0\xc2\xfbT\x01\xa7\
:w\xa9\xd1T\x02pA-\x9b\xca\x8d\xd4{M6\
\x0c\x0b\xa8<\xca@\xad\x9c\x0dp\x8c\xf2\xdd\x94\xf3M\
\x84\x90\xef|u\xf3\x9e\xbb\x16hi[z\xb71\xe0\
\x16\xe8\xf4|\xe4\xfa\xc1\xd5\x9c\x18WX\xa6\xf9A\x00\
\xf2F\xd32\xdbM\xc3H(SR\x9a\x832/\x12\
Y\xaa\x96\xda\xa5LG\xe5\xcb\xd5*\xbee\x7f\xc8 \
\xd3\xa4Q\xe0;\x98\x92#\x00\xe7\xfb\xf5\x99&B\xe6\
\xd7\xb3Ij\x8c\x17\x06\xbe\x83\xd2\x9d\xb0\x1enF\xa6\
\x09\xdf\xc59<L8\xfb\xfe\x7f=\xb6/.\xcfi\
pm\xc5\x80[ \xc0\xfd\xeaM+\x92>\xe5\x1d\x84\
\x93\xf7\x1b\xc4\xbc\xc5\xb4\x8c\xebL\xc3\xe8\x8c\x02N\xb1\
\x1c\x8a&\xe8\xc3\x85\x95\x02\xa8FF\xc2\x02\xe8\xaf\x9d\
,\xb5+\xcc\xa5\x14Y&\xf5\xa9]2\xb0\xad\xcd\x0f\
\xa8\xcb\xa5\xc4\xd7\xd6z\x9b\xcc\x12\x87\xdb\xc9\x19{\x80\
\x83q\xd7\xd7\x1e\xdb\xf3\xe0\x02-mK\xef6\x06\xdc\
\x02\x9e\x9e\x8f]}\xb5]I\x8f]I\x08\x5ck\x10\
\xe3M\x96i^f\x9a\xe6\x1a\xd34\x0c}\xf8\x22\x96\
\xe7\xa4\x92A\xb5\x80S\xab\x16P\xb3\xbe\x95\x90\xa2Z\
0\xa8\x0a\x03\xfc]\x7f\xa0YY\x9bpZc\xb3Z\
=\x5c\x0dp\x22\xafR\x00\x0c\xbfj\x89\xcd\x98\x0a\x16\
\xb6<\x0f\x18O\x81\xd4g|G\x95\x19?\xf4\x00\xee\
\xfd\xeec\xafmX\xc0\xa5m\xd9]\xc7\x80k\x81S\
\xf3\xa1\xd7\xad\xec3\x0cvC2\x99x\x9fmY\x1f\
6M\xc3\x12\xa3\x84\xc3a\x8b&8\x8e-\xa6\xe7\x88\
\xf0\x00\xa6x\x05\xe1\x81\xfa\xf2\x9c\xa0\xfa\x9b\xe0\xbc\x01\
9\xb6\xaa\x0epa=\x5cm\xf6[\xad\xd7dtn\
\x80\xaa\xe8\x9eY\x9e\x13\xad\x87S\xc9\xccUJ\xb6N\
P\xeb{\x94\x99\x0f\xdc\xf7\xd4\xf6\xcd-\xb0\xb4-w\
\x081\xe0Z\xe0\x94\xbc\xff\xfa\xc1T\xd26\xfb\x93V\
\xf2\x03\x86A~\xdf0\x8d\xbce\x18\x09\xd5I\x19}\
8\x0c\x80\xab\xd6\x0aI\x91\xc4\x1c\x88,\xe8\xb3\x05~\
\x9e\xcel\xaa\x08U\xffxa?\x93\xa0\x89\x904\x0b\
\x11|A\xea\x96\x96\xc4\x1cm\xa3\xa0\xc4\x94F\x15\xdf\
a\xb1*\xe5/\x94\xb9y;\xf3\xe1\xe1\xef>\xb5+\
.@\x8d}\xb8\x16@\xd7\x09\x0e\xe17o^\xf3A\
\xe0\xf0\xe7\xa6e\xf6Y\x86\x91\x93\x83:\xe4t\x1cT\
1u\xc0\xd5\xd7\xc1\xd5\xf2&\xf5.\xccf\xa4\xc5\x82\
\xac\xca\xae5\x12\xaauW\xae\xb5UP\x8a\xa52\x1b\
\xd1\xe7\x13\xaa\xa4W\xab\x06\xaf\x15\xa6\xd6\x86z\x88\xd7\
3\xf6\x1cp\xf8*\xa7\xfc\xd1\xaf=\xb9\xef\xb9\xd6^\
\xed\x859\xba\x98\xe1\x16f\xdd\x1b\xee\xf5\xd7oZ\xf3\
3@\xf8\xff\xb0-s\xa5i\x9a\xa28UUo\xe3\
<\x01d9\x9c)\x80\xc0\x93I\xccJ\xa1\x94\xa6$\
\xfe\x1e\xce\x17\x08:0G}\xb8\xc6]\xbbf&4\
\xd7Z,\xd4\xfaQ\xaav\xe7z\xcd\x5c\xadF\x0e\x07\
;\xb2\xa7\x08\xf0\x7f\xa1\x84?y\xdb\xa6\xfd\xdb[h\
i[\xe6Pb\xc0\xb5\xcc\xa9\x00\xf8\x8d\xb7\xac\xf9)\
\x06\xfcwm\xcb\xba\xd82\x8d\xa1Z\x17.\x9c\x98#\
s#3\x99\xa4\x04\x9c!YM\xc4\xec\xc2\xac\x92\xa0\
\xbdB\xd0\x22/\xday9l\x93\xa7\xf7\xa5T-\x17\
\xc4\xf7Z\xd7\xaeZEw\xa4\xcfI\xd8\x93r\xe6k\
\x19\xe3\x8f\xb8>\xff\x1bJ\xfc\x17\xbe\xfb\xd4\xa1\x83-\
\xb4\xb4-s(1\xe0Z\xe6T\x00\xfc\xc6\xcd\x17\xbf\
\x9ds\xfeq\xcb\xc4\xf8\x1c\xb9@\x01\x0e\xc5\x13Q`\
j\x9b\xa2\xcd\x02\x8e\x86\xb2pbNP\x82\x13mu\
\xae\xe6\x0c\xc8F\xb0\xf2\x14\xab\x09\xa8\xd8\xcb\xa4\x16\x04\
W\x83<\xe4\xa8a\x91\xd4\xac\xa5}\x85\x1d\x96U\xfb\
\x05\xad\xbd\x82^\x17\xa7\xb5\xdb\xbb\xe7\xe0X\xe5\x7f\xec\
\x1c?\xb6\xfb\xd81(\xb6\xd0\xd2\xb6\xcc\xa1\xc4\x80k\
\x99S\x01\xf0\xcbo^\xf5\x16`\xe4\xa3\xc9\x84y\x9d\
e\x99k\xf5>\x93hZ\xa2\xdf\x86\xd9&\xd8HH\
\x0e\xf0@F\x93\xa6d\xfd`F\xd9\x04V\x00N\xfb\
|\xd8!Y\xb2\x9c\x9a\x0b\x17L\xcd\x09&\xa1\xd6Z\
\x99k\xad\xf2T\x1d\x9c>o \x0c\x07\x04,\xc7|\
J)/R\xc6\xee\x1a+\xb9\x7ft\xdf\x8f\x8f\x22\xbb\
\xf9-\xb4\xb4-s(1\xe0Z\xe6T\x00|\xf0\xba\
\xa17\x02!\x1f\xc9\xa4\x9c\x1b\x12\x09\xfbR\xd5&A\
\x05\xbf\xf1w\x1c\x9a\x81\xa1\x01aF\x0auR5\x89\
\xad\x0d\xf3\xc0p@8#.\xf2\xf9\x10t,\xe8\xa2\
\xac\xc6\x0c\xabjp|>l\x04\x1b2]\xad\xf0\xb4\
.\x05,d;l8D]\xea\xb3#\xc0\xd9\x0fL\
3\xf1\xbf\xfe}\xd3\xae\xe1\x16Z\xd6\x96:\x94\x18p\
\xads:\xc8\x87_\xbf\xec\x060\x8c\x0f\xa4\x9d\xc4\x9b\
-\xdb\xba\x5c\x01N\xb4.G\x7f\xcd0\x84\x0f\x87\x0c\
\x17\xf6\xa1\xd4LK\x092\xc9n\xf8}\xd6\x09\xa8\x0c\
GVa\xcb\x85\xdaha5\x1f.\x0cj\xeb\xf3\xe1\
\xc2\xe6\xafZf\x8a\xd6\xea\xdc\xa7\xac\xc0({\x89q\
\xb8\xab\x0a\xfe\x97\xefx\xe2\xe0X\xeb,kk\x1dI\
\x0c\xb8\xd69\x1f\xe4#\xd7/\xbf\x1e\x08\xf9@\xd2I\
\xbc\xd9\xb6\xcd+\xea\xa6\x9a\x06 \xc2\xaa\x01Q\x17\x17\
4\x0aR18}\xfa\xa9\x08\x9a\x07&e\xbdJ\x89\
&%\xaa\x89\xd2\xb4\x94Y'5?N\x96\xf0Db\
r\xa2]\x9eb>5]\xa7\xd6\xe6<`\xbdqJ\
\xd9\x06\xca\xe0n\xea\x9b\xdf\xb9\xe3\xd9\xdd\x93\xad\xb3\xac\
\xadu$1\xe0Z\xe8|\xa0Ii\x18\xe4\x17SI\
\xe7\x0d\xb6m]Z?~J\x9a\x8c\x98\xe2\x85\xe1\x01\
\xd5\xc1+\x8c\xd5Eg|7b8\x9c\xc6\xa8\xc7\xe2\
\x10|ZcX5Q\xa7n\xbc\xb06'\xae\x9e\xfd\
\x82\x14/\xf4\x07);\xc68\xfb6c\xfc>#\xe7\
n\xf8\xea\x03\xc7b\xc1d\x96\xeb*\x06\x5c\x0b\x01\xee\
\x17\xaf_\xf1N\xc2\xd9o9\x8e\xb3\xde\xb2\xcd\x95h\
\x22\xd6O7\xc5\x8c\x13,H\x95Ap\x0c\x15\xe8b\
\x89\x18U\x15\x00\x8d\x90\x99&%\x8e\xac\xaa\x03\x1c\x82\
%\xe8\xe6\x85\xc0\xab\x01N\xcd\x18\x08B\x05\xe1\xe4\x1c\
m\x88G\x90S\xc9\x18+3\xc6v\xfb\x8c\xfd\x0b\xad\
\xf2\x87Y)\xf7\xca\x1d\xdb\xb7W[hY[\xeaP\
b\xc0\xb5\xd0\xe9\xf8\xe5\x1b\x96\xfd\xfcO4\x8d?6\
-k\xa9iY\xb2r@\x09#AP[\x85\x07\xb0\
r@u\xec\x0a\xfd\xb6\xc0\x87S\xe1\x80\x86\x13PQ\
4\x11c\x86\xe5\xc8a1\x0d\x15[\xa0\x0b\xe5\xb2&\
\x9a\xd4\xb3]0\xac12j\x18\x03\xe0\x8c\xb1\xe3\x8c\
\xd2\xe7\xcbU\xf6\xe9oo9\xf8\x04\x00 \xd8P\x9b\
\x89\x1f\x0dV \x06\x5ck\x5c\x16x\x1e\x8c\x0f\xdf\xb8\
\xe2#\x96A>m\x18F\xbbi\x98I\x95\xa6\x85\xcc\
\x15\x9a\x8eAW\xafd\xd2\x16\x03=t\xd0a\xc8\x0d\
Y\x11UJ\xd1XA\xc4\xe1\xf0\x03\x920\x0e\xa7b\
r\x02PA\x9a\x97\x02\x1b\x02O\x9f\xa0#crZ\
\x8c.\x98;\xa0\x8d\xb5BW\xf0\x1e\xc6\xf9\xbd\x15\xea\
\xdd\x7f\xc7\x13\x07\xf7\x00\x00\x8eD\x8d\x1f\xb1I\xd9\xba\
\xd7\xc0\xfb\xdf\x0f\xe6\xf0\xb6\x9e\xd4`G\xf6WM\x83\
\xfc\x8da\x10\xc70\x0c\x12\x86\x05\x88\x8c\xb9)s\x11\
\xe3n\xd2\xb4D\x7f\x0e\xd3\xbcd\xbe\xa5P3\x83/\
\x04\x99\x9c8\x5c\x0b|\x0b\xda\x11V\xa54%\x85x\
\x120[\xddTTm\x00\xa3\x1c\xfaQ/\x96\x88N\
\xcd>-\xa3:\x09\xc4\xf8Gb\xc3\xed\xa4b\x1e\xf8\
\xb7\xc7vN\xb7\xee*\xb7\xc6\x91\xc5\x0c\xd7\x02\xe7\xe1\
c\xef\xb9:]\x98\x1c_j0\xf8E\xc2\xf9\xff4\
L\x22+\xbf\x83*\x80\xb0j h\x9d'\xe3rD\
\xa4z\xa1/\xa7\x1a\x09\x09FS\x01\xef\x10x\xb5\x0f\
(\xa6\xe7\x04\x0a\xa5\xca6\x11\x80\xab\x0b\x86\xab&C\
\xc1\xc4S\xcd\xb7\xd3\x8702N_\xf1}\xf6\x0c\x10\
\xb8\xdd\xa4\x89\x0d\xcb\xec%\xe5[7n\x8c\x83\xdd'\
\xb9\x9eb\xc0\xb5\x00\xe0>t\xd3\x9an\xc3\xa3\xd7r\
\xce~\xd6\x00\xfe+\x86A\xec\x90\xdd\xd4\xf8)5l\
1\x00\x1d\x12\x17\xd6\xc4a\x15\x01\xa6|\xa1\x80\x82,\
'L\xca\x00x3\x072\x82\xf4\xd7\x22_*\xf3D\
\x98\x99Ru\x0cG\x0c\xeb\xed\xd1\x83\x10\x80G\x19-\
1\xca\x1fq\xbd\xea\x1d\x84\x98\xcf|\xed\xb1=;[\
`\x19\x17\xc5!\xc4\x80k\x81\xd3\xf4K\xd7-_\xe9\
\x13\xf2\x0b\x84\xb0w\x00\xe1o\xc2\x82o\xe5\xb3)\xd1\
D\x84\x08\x84j)Kv\xe4\x1co\xf9{Bt\xf6\
R\xb3\xe2\xcc\x1a\xe8\x22\xe59\xf8Q\xf5\x5c\xca\x9a?\
'\xd3\xbd\x10Phf\xca)\xa8A^%>\xaf\xcd\
\x1f\xa0\x94M3\xc6\xf7S\xc6\xef8\xe2U\xbeh\x0c\
'\x8b\xf7\xee\xda\xe5\xb6\xc02.\x8aC\x88\x01\xb7\xb0\
\xa7\x09\xd7\xdf\xb9\xe5\xb2\xbe+\xf2\xa9\xc4\xef\x19\x84\xbc\
\x1e\x80/\xb3L\xf4\xdf\x82Z8\xc1l*\x83D\x9a\
\x99\x12l2\xb8]\xeb\x81R\xebQY\x0b\x98\xd7\x9f\
^\xe9\xc3\x05\xf5p\x1a\xcb\xd5LJd79\x96X\
g\xb6`x#\xa7\x8c\xb9\x94\xd2\xd7*\xae\x7f\x0f\xf5\
\xe1\xc1o<\xb5\xe7a\xc4p\xacJ\x9e\xfaE\xac\x9f\
$j\x00\x00 \x00IDAT\x14\x03\xee\xd4\xd7j\
>^i\xac\xea\xcbv\xaf\xea\xcb\xbe)\x9f\xb4\xff\xd4\
$p\x89I \x14H\xc2\xac\xff\x00Xz6\x89b\
9\xd5wR\xb1\x1f\x0e\xf8P\xed\xf6\xa2\xf3\xe1\xd4\x07\
\xa8\x99\x90\xca\xbc\x94\xc9\xcc\x8a\xdd\xc2\xe4\xe6\xa0\x5cG\
*\x9a\x8c2\xcaG\xaa\x94>\xb6\x7f\xb4\xf0w\xcf\xee\
?\xf2\xd2\xc4\x04L\xcc\xc7\xa2\x9c\xcb\xdb\x8c\x01\xb7\x80\
g\x17;wU\xa9\xf3N\xc2\xbc[\xaa^\xf5\xbd\x04\
\xf8\x12\x0cX\xebc\x83\x95\xea\x88\xfeY\xc8\x5ca\xce\
\xa4V\x15\x10<'C\x08\xb5\x82\xd4\x19\xf9\x94\x11\xe1\
$\xac\x91\x0bf\x7f\xd7\xc0\xa6\x02\xe1b\xb2)\x02\xae\
D)\xbb\xd7\xa7\xf4\xbec\x93\xc5\x07\xefy\xfe\xc8\x91\
 \xe6\xb6\x80+\xb8\xf8v\x1d\x03\xae\x89\xe7\xec\xd6[\
o5>\xfe\xf1\x8f\xa7\xa6\xa7\xfd\x8e\x9d/mn?\
\xb0mK\xef\x0bO<\xf4\xbe\xc2\xe4\xc4\x9b\xab\x9e\xbb\
\x0a\x07\xe9 \xe0\x94`\xa2\xfa\x92\x88fB\xbab\xa9\
\x01N\xf9ra\xb0[\xf3\xed0HN\x0c\x11 \xc0\
\xff\x82pt\xa0T\xe2\xaf\xaa6N\x98\x90Z\xd9\x8e\
\x0a\x15(\x11\x85\xb1)J\xf9A\xce\xfc\xafT\xab\xd5\
\xfb\x9d\x8a\xbf\xe7_\x9e=\x5cj\xe2\xd2\x9d3\xbb\x8a\
\x01\xd7\xa4S\xc99\xc7\xb5\xb6^\xd9\xbbw\x15P\xe3\
\x8d\xbb_z\xe2uGv\xbf|\xd5\x0bO<\xdcs\
d\xff\xaev\xcey\xea'\xfdLL\x0c\x9eEC\x02\
3\x01\x87~\x1c\x84\xed\x14\xa2\xa0S@\x95A\xf0@\
\xb5\xd4j\xe3dH@\xc6\xe3x`JF\x99M$\
7\xd7\x068>W\xf5\xbcG\x81\xf0\xef\xd2\xf1\xd2s\
\xab~\xf6X\xf9\xd6[\x85\xef\x16?Ns\x05b\xc0\
\x9d\xe6\x82\x9d\xc9\xcb\x8f\x1e\xe5\x99R\xe9H7#\xf4\
b\xd3\x80+,\xcb\xbe\xee\x85G\xef^\xb7c\xcb\xa6\
\xd5\xbb_~\x89\x8c\x1c;\x5cw\x1ej\xdd\xba\xb0\xd6\
M\x02F\xef\xc2l\x88<\xc9z\xc0\xe9\xa0\x13\x7fG\
f\x0bbq\x8a\xfdD \x1cU\x8e\x19\xb18)\xa4\
\x88\x90\x80\x02\xa1d7\xca(\xab\xfa\x8c}\xc7u\xdd\
o\x10F_\xf8\xaf'\x0e\x1e:\x935\x88\xdf#W\
 \x06\x5c\x13\xae\x84\x83\xa3\xa3\x83\xeet\xf5r\xc2\xbd\
_\xb6-\xebu\x8e\x93\xec\x7f\xec\x87_\xb37|\xfb\
\x7f\x1b\x13\xd3\xd3P.W\xea\x8eB\xa4f\xa9\xc0w\
\x10\x0e\xd0A\xa8\x8aKU\xfd[\x0dP2T\xa0\xff\
\xae\xaa\xbe\x1b\xe5U\xd6\xfc\xb7\x00lZ\xfb\x85 &\
Wa\x8cM\x01\x87\xcf\xbeBw~n\xe3F\xc1j\
1\xb3\x9d\xc55\x13\x03\xee,\x16o\xb6\xb7\x06\xe6#\
\xd9\xb9s\xdfrn\x90u\x96\x09W\x13B\xae\x04\x0e\
\xeb,\xcb\xec\xb7-;\xbd\xfd\xe9\x87\xc9\xb3\x1b\xef\xe2\
{_\xddAF\x8f\x1f\xa9?\x0fA\xf0Z\x99\x96h\
\x16*\x86\x13\xc0\xd3\x0bM\x83\xdc\xc90\xe0\x1d\xf8p\
z?\x93\x10\x80\xc1\x01s\x88d\x9c\x08\xb320/\
\xeb2O\xd8!\xdf\xa7/\x02\xf0\xff\xfa\xca\xc6\xd7\xbe\
9\x0fKu\xdem2\x06\xdc\x1c\x9d\xf2\x00d\xc6\xb3\
\xcf\x1eq\xfa\xfah\xb2Z5\xb3\x14\xaa\xd7r\xce\xdf\
a\x80q#\x00\xac\xabe\xf1\x1bpd\xefN\xbe{\
\xdb\x16\xfe\xfc\xa6\x07\xc8\xfe]\xdbf\x9c\x07eF\xea\
m\xef\xf4\x18\x5c\xed\xe7 \x7f2,\xcb\x892\x5c`\
\xca\x88 \xb8\x96W\x89\x00\xd3LK\x95\xea\xa5\xda.\
\x88|I\xc6_p=\xef\xfb\xdcg\x0f\xde\xf6\xe4\xfe\
\xc7\xe6h\xa9\xce\xeb\xcd\xc4\x80\x9b\xa3\xd3\xff\xea\xab\xaf\
:\xc9d2\xe32\xb6\x92S\xb8\xd8 \xe4*\xc6\xf9\
%\x9c\xf35\x04H\x17\x01\x92\x176\xbcH(6`\
zr\x1c\x86\x8f\x1e\xe4\x1b\xbf\xf3\x15\xb2\xf3\xf9F\xd7\
\xb2\xcc\xfaW})\xb1\xa9\xab2\x17\x05\xc3\x894\xae\
Z\xc6I#\xf3R\xee\xafV1\xa0>j\xa3\xd4.\
\xbd\xc1P\x90\xc2\xc5}\xca\x1e>>]\xfa\x5c\xc9\xaf\
\xbe\xf4\xe8\xd6\xb1\x03s\xb4T\xe7\xf5fb\xc0\x9d\xe1\
\xe9\xbf\xfd\xf6\xdb\xcdK.\xb9)\xd5\xd6o\xb4%\xa8\
\xd9]t\xcb}n\xd9]b\x18\xb0\x82\x10\xb2\xd60\
\xc8\x15\x00\xb0\x84shW\xd5a*&\x86\xdf\xb1\x96\
\xac0=\x05\x8f~\xff\xdfa\xfb\xd3\x0fCaj\x02\
|\xcf\xab?\x1a\x9c\x11\x80\xdd\xba\xb4\x1cI\x05:\x15\
\x93\xd3k\xdfTi\x8e\x9eC\x19\x1d\xe8\x81;\x98\x09\
8ad\x86\x1d\xbdP,\xc1.\x5c\xbeO\xef\xday\
d\xfa\xcf\x9e\xde=\x82]\xb8\xe20\xc0\x19^+\xfa\
\xdbb\xc0\x9d\xe1\x22\xee\xd9\xb3'i\xa4\xd3\x03\x167\
\xd7[&\xb9\xb1\x5c,_\xe9V\xfd\x8b\x89\x016\x00\
q\x08@\x92\x10bq\xe0&&\x03\xa3\xf9\xa6\xb2B\
\x14\xf0\xbc\xaa\x0b/=q?\xbc\xbce\x13\xbc\xb6\xe3\
\x05(N\xcdL\xdcP\xbe\x9b\x10RT\xf9\x8d\x96\xea\
\x85\x13\x85Uu\xb7\xde\x1a/*\x9c(\x90\xe9\x80\x93\
?\xab\x84f\x19\xe8\x0e\xcc\xcc2\xe3\xb0\x1f\x18\xff~\
\xb9X\xfa\xdbo<{\x18\x9b\x02\xc5b\xc9\x19^+\
1\xe0\xcep\xe1\x1e\x7f\xfc\xf1T2\xd9\x93\xcdwe\
\x96\x19\xc0.\xa0>]g\x18\xc6\x1a\xcb0W\xfb\xd4\
\x1f\xf2)\xed\x97Af\xad\x1f$\x01\xf0=l%\xc7\
\x83N[\xaa\xae\x0d\xdb\xd5Q8v\xf05\xd8\xb3m\
\x0bly\xf8N\x18>|\x00\xaa\x11\x96\xd3\xfd>%\
\x98\x08\x11E\xb0\x9f43\x95iY\x0b\x03\x04up\
\xaar@k\x04\xabLG\x8c\xbf\xe1?\xd9r!\xa8\
\x91S\xd5\xdf\x1c\xc68g\x8f\x01'w\xa5M\xe7\x1b\
\xff\xb8q{\xe1\x0c\x97,~[d\x05b\x86;\xc9\
%\xa1\xc4\x10\x000_x\xe5\x95\x1e\xbf\xe2\x0fv\xb6\
\xb5\xbf\x91\x10x\x83\xef\xf9\xafc\x8c\xf5\xd7\xa5O\x05\
\x19\xfa\xe1\xc2\x12\x00\xd7\xf5\x80R\x1f,3\x98x\x83\
\x19 *\x93\x9f\x00\x1c\xd9\xf32l\xfc\xf6\x97a\xdf\
+\xdb`jjJ\x06\xa4#M\x0at\xa6S\x01m\
\x95?\x19Vzk>\x9d\xfaX\xaa\xf2;d\xb6\xd0\
\xa4\x94\x95\x03\xaa\x1b\x82\x8a\xc3\x09&d\xec\x10\x03\xb8\
\xcdg\xfc~'A\x1e\xff\x8f\x8d{\xeb\xe3\x161\x8c\
\xcex\x05b\xc0\x9d`\xe98\xe78`-}\xf8\xf0\
\xc8R\x9f\xfb\x97yU\xef2\xaf\xea_f\x18\xa4\xdf\
0\x8c>\xceY/\xe7\x90:\x19\xe0d}\x19\x85r\
\xc5\x15>\x196s\xad5\xfb\x01(MO\xc0\xc1]\
\xdb\xe1\xd5\x1f?\x06\xdb\x9fz\x08\x0a\x85\x22T\xdc\xfa\
\x8a\x17\xd9\xdc\xb5\xd6\xe0Uu\xf4\xc2\xc3\xaf\xc5\xdeT\
=\x5c\xedC\xcd\xcc\xa5\x14\xd0\xabW(A\x06\xbe\xc3\
\xa2T\x0e\xfb8\x90\x7f\x02b<\xe8\x8e&\xb6\xc6M\
\x81\xce\x18_3\xde\x18\x03.\xb2$\xc8h\x1b7n\
4\xbb.\xb8 \x97t\xa1\x03\x80\x0e\x1a\xb6y\xb1i\
\xd8\xd7\xfb\x9ew\x15\xa5t}\xf4\x22>\x19\xe0p\x91\
\xb1M\xc1\xd4tA\x5c\xd4\xe9TR\xf4#\xc1\x02R\
d'$3\xac9\xdb\xbb\xedixq\xe3\x0f\xe0\xe0\
\xfe=0|\xfc(\xf8\xd5\xaa\xe8\x1b)\x1e\xc2<\xac\
\x01Ne\xa0\xe0\xf3z\x0cN\xb1\xdd\xa9\x5c\x22*\xe3\
D\x82M\xcd\x1c\xc0]\x99\x87\xd2\xed\x1d_\xef\x19\x5c\
\xf5\xe8\x0d\xef\xfc\xe0\x8e\xde\xa1\xa1\x91\xab\xaf\xbez\x8a\
\x10\x127\x07:\x95\x85=\xc1kb\xc0E\x16g\x0b\
\xe7v\xdb\xd8X\xca\x1f\x9b\xba\x8a\x00\xbc\x8e1~\xbd\
\x01\xb0\x06\x80\xb4\x03\xe19\x00\x92\x8d.\xda\xa9\x00\x0e\
/j\xb7\xea\x81\xebV\xa1Ru!\x93NC>\x9b\
\xa9\xcb\xf5q\x8b\xd3P\x18\x1f\x86g7\xdd\x07[\x9f\
y\x04&G\x8e\x83[\xd6Z<*\xd0\xa9\xec\x13\xe5\
\xa3\x05\xd2\xbf:\x0e\x99Ur\xb2S\xabX\xad&\x9a\
\xa8\xbcJ+\x99\xaa\xf4.\xbf\xf0\xf0\xd2\x0b.~\xe9\
\xea\x9b\xde\xbd9\x9bm\xdf<55\xb6\xe5\xa6\x9bn\
\xa21\xe8\xce\x0eq';+g\xb7\xf5E\xf2n4\
\x1d\x87\x87\x87\xd3\xe3\xc5\xe2 \xf3\xf92\xce`\x19\x10\
~)\xe1\xc6z\xce\xd8:B\xa0\xaf\xe6s\xd5\x0f\xc8\
\x90\xe4\xa3-c\x03\x1fN$\xea\xa3\x1a\xc8\x18T\xdc\
*L\x17K\xa2\x1fI*\x99\x14\x8d\x80\xb0~\x0d\xb7\
\xaa\x04\x92\xd7\xb6>\x03\xbb^|\x12\xf6n{\x06\x86\
\x0f\xed\x13\xaf\x97\xfe\x16\xee,P+\xc5\x8f\x8a\xf5\xb4\
x\x9b\x10lT\xecm\xe6\x09\x08)J%/\x07\xe5\
:\xaa\xd5\xb9PS\x13\x0eo\xef\xe9\xe7\x03\x17\xac;\
\xb2\xfe\x0d\xb7\xec\xe8\xed\x1f|j\xe5\xca\x95\xcfp\x0e\
G\x1c\xc78\xda\xd1\xd1\x81\xb3\x03\x5cBH\xac\x5c\x9e\
\xe65\x1e\x03\x0e\x80l\xdd\xba\xd5\xced2\x03\xae\x07\
\xef\x02\xc2o\xe2\x8c\xbd\x018\x06\xaaI\x12\x93\xf7\xd1\
M\x0a\xd752\x91\xe6T\x01\xa7\x18\x07UH\xf4\xe5\
\xaaUO\xf4\xf6o\xcb\xe7\x84\x89\xa9`,\x95F\x80\
\xd2\xc41x\xf6\xbe\xaf\xc2\x8e\xe7\x1e\x87\xbd\x07\x8e\x88\
\xd7G\x1fhb\x82\xf0\xedd{<\x11\x7fS\x80\x0f\
\xb6\xa3\xbfG\x85\x00\xd4s\xaa<\x07\x7fW\xfdLt\
\xf3uh\xed\x15\xec\x8a\xb7\xfc,]}\xd1%\xc7.\
Xu\xe1>\xd3$\x9b8'Opn?\xbd\x7f\xff\
\xcb\xa3\xd7\x5cs\xcd\xcc\x83:\xcd\x0b\xf0|{\xf9y\
\x0d\xb8\xe3\xc7\x8fgG\x0a~\x97\xe5\xbb7\xf8\xcc\xbf\
\x8e\x18\xe6\xc5\x00p\x01p>\x04\x1c\x12\x82Cf\xda\
\x8f3\x8c\xb5Sa8\x05\xb8\xa0]\x01\x94\xca\x15\x01\
<d81J8\x99\x14a\x03|`\xbc\x8eV+\
p|\xef68\xbc\xf7\x158\xb0o\x0f\x1c\xdd\xbf\x1b\
\x8e\x1d\xdc\x0b\x95r\x090~\xa7\x80\x11\xb6\xc3\x13\x8c\
\xa7\xb1_\x83~&\xf8\x1e\xa1B\x06\xda\xa4\x98\x19\x17\
i(\xa4\x03`h\xed\x15p\xe5\xcd?\x0f\x17^t\
iy\xc5\xaaUS\x86A\xf6s\x0e\xfb\x19\x85}\x9c\
\xb3\x03\x94\xb2\x03F\xc2\x9ctL{\x12\x80L\xa7\xd3\
V\xa1Z\xad\x16\xdb\xda\xda\xca\x84\x90X\xd9lp7\
9/\x01\x87Y\x22\x83\x83\x83\x89\xbe\xbeeC\xcc&\
\x17\xd1\x92\xfb\xcb\x0c\xf8\xcd\x9c\xf3,\x06\xab\x83\xab9\
h\xa6\x1aY\xb5\xb3d8\xc5\x88\xc5R\x19\x0a\xc52\
\xf8\x0c\xc3\x05&\xb4\xe5\xb2BH\xc1\xb6\x0a\xc2\x03\x0b\
\x1a\x04\x95\x0b\x13p\xfc\xe0nxm\xeb\x16x\xf5\xc5\
g`|t\x18\x0a\x93\xe3\x02t\xd4\xf7j\xa6f\x08\
8C\xd2\xf1\x09\xce\xac`\xba\x90\xe6d\xd7e\xbdY\
\xb2`Y\xd3\x84e\x17]\x05W\xbe\xf5\xe7`\xf5E\
\xeb`h\xf9r\xb9Q\xceQ\xc5)s\x0e{(c\
\xdbL\xcb<\xec\xd8\xe6Q\xc6\xf80\xe7|\x941\x18\
\xabT\xa6\xc7\x0f\x8c\x8eNt8N\xa5\xa3\xa3\xa3\xb2\
d\xc9\x12\xec\xc6\x1c\xfb\x7f\xa7\xe0Y\x9f\x93\x8c\xbfi\
\xd3\x8b\x1dv\x1a.\xc8$\x93o\xb1m\xeb]\x9c\xf1\
\xd5\x9c\xf3\x01B\x88\xc9C\xf3Q\x1ays\xcdp\x0a\
p\x18&\xf0<_\xb0\x1c\x0e\xad\xc7}\xe1\x18\xaa\x5c\
6\x13\xe6?\xa2\xc9\xc8\xa8'\x84\x13\x0c\x1d\x14'\xc7\
\xe0\xd8\xc1\xddpx\xef\xab\xb0\xef\x95\x97`\xec\xf8Q\
(\x150n\x17xf\x0dn\x06\xb3\x9d\xc0:\xb91\
\x12\xf4\xb3\xec\x04\xe4:\xbaa\xd5e\xaf\x87kn\xfe\
9X28\x04\x9d\x9d\x1d\xearAI\x13AW\xe4\
@&M\x03\xca\x00\xa4B\x08q9p\x97\x00\xaf\x8e\
\x8eM\x16F\xc7F\xc7\xba::\x9f\xe9\xed\xedxi\
\x8a\xd2\xd7x\xa10\xber\xe5\xca\xf3\x9e\xf5\xce\x1b\x86\
C\xb9\x7f\xd7\xae]\x89\xd1\xd1R\x8f\x954/4\xc0\
|]\xc2\xb6n2Lr\x13\x01bq\xceE\xb5u\
\xed1\xbf\x80S\xe6\x1d\x8a(\xf8\x85>\x1a\x8a'2\
d \x03\xe4a\xd6J0\xd4\x03\x8fn\xec\xd8A8\
v\xe05\x01841\xc7\x86\x8f@\xb58\x09\xd5r\
A\xd4\xd5\xa1\x8f\x88-\xee\xce\xf4\x81\xa1\x8aL\xae\x0d\
\x06V\xaf\x87\xd5\x97_\x0f\x97\xbd\xfe\xad\xd0\xd6\xde\x0e\
\xa9TRnR!U\x1bg,VM-\x1d\x07\x98\
\x9a\x9ev''\xa7\xa6\x9cT\xea\xe9t*\xf9\xe3d\
\xc2~\x99\x10\xf3\x95J\xd2|eE{{\x89\x10r\
\xde\x0e\xfb8\x9f\x00g=\xff\xfc\xae\x0eF\xca7\x99\
\x86\xf5\x16\xcbN\xbc\xd5$\xb0\x04\x00rhB\x89\x8c\
\x92&\x03N\x88\x15bN\x1b\x15\x80s\xab\x182\xa8\
B.\x93\x86L*%\xcdK\xfd\xc2&\x18\xaf\xf3\xc4\
\x17\x9a\x94\x13\xc3\x87\xe1\xd8\xfe]0q`;\x8c\x1d\
\xd8\x09\x07\x0e\x1f\x83\xb1\xf1I\xb1\x1d\x0cC\x9c\xc9\x03\
C\x15=\x03\xcba\xed\x8d\xef\x85\x0b\xd6]\x03\xcbW\
\xac\x80\x84c\x8b@}H\xa4\x92\xa6CuV\x07\x1c\
\xde$\x5c\xb7\xca\xcb\x15\x97V\xaa.\x82k\xaa\xb3\xa3\
m\xd4\xb6\xed\x1f\xb9\x94\x7f\xad\xe8\x97\x0f\xae\x1d\x18\x18\
9\x93c;\x17\xdes\xce\x02\x0e\xa5\xfe]\xbbv\xd9\
\x00\xa9\x1eJ\xe8rF\xbdA\xa0\xb0\xdcg\xecr\x00\
\xbe\xce4\xcc5h\xc5\xd5c\xac\xb9\x0c'\x85\x8f`\
8\xa2\xcf\x04;a\x86\x89\xca\x22\xc1T0\x1c\xbc\x88\
\xbe]-\x19Y\x85\x00\x08T\x8a\xd305>\x0c\xa5\
\xd1CP\x1c;\x02c\x13S011\x05\x93SS\
P\x9c\x1c\x85\xd2\xe4\x08\x94\xa6'\xa1\x5c*\x80\x8f>\
\x1f\xf5C\xf6\xc3\xed!\xa0\xd1|\xb4\x93)Hg\xf3\
<\x9bk\x87\x81\xa1\x15\xd0\xbf\xfcB\xd2\x7f\xe1\x95\xd0\
\xdd?\x04\xedm9\x016y\x9c\xca\xbb=1\xe0\x90\
a\xd1L\x9e\x9a\x9e\xc6\x80?\xedh\xcbW\x9c\x84\xbd\
\xd50\xc8&\xd3\xb4\x1e\xa1\xd4}\xb6\xbb\xbb{\xfc|\
\x14V\xceI\xc0![\xdd\xbbkWb\x15c9j\
%\xaf0\x18{\x1b\xa7\xf4u\x9c\xc1z\x0e\x22x\x9d\
Pw\xcbV\x00\x9c\xc4\x1d\x09\x86\xdd3\x98,\x14\x84\
\x8ai[6\xa4\x1c\x07p\xea\xa9\xc8J\x09\xa7\xe2\xe8\
\xf7\xfa\xda\xd0\x0e\x04Q\xb9T\x82\xe3\xc7\x8f\xc3\xf1\xfd\
;\xe1\xf8\x9emp\xec\xc0n\x18=v\x08\xca\x85)\
p+\xd2\xe4T~d\xd2q \x95\xcdA\xa6\xbd\x07\
z\x07\x96\xf1\x81\x15\xab\xd9\xaaK\xaf3\x96\xacX\x13\
6\xa2\xd5sBO\x15p\x82\xb9\x19\x83\xf1\x89)p\
\xbd*d\xd3i\xf4O\xbdD\xc2v\x0d\x03\xfe\xdd\xb2\
\xcco\x15\x0a\x85\x9d\x03\xe7!\xd3\x9ds\x80\xc3Vt\
7\xdc\xf0\xb6\xfeT\xceY\x93q\x9c7Y\x89\xc4z\
\xd3\xb4V\x01\xe7}\x00\xa4\x93\x10b\x0b\x7f-x\xb4\
\x12\xe0T\x09\x0d\xb2\x03\x02\xc3\xabb\xd55\x15\xa2\x88\
\x0a\x1f\x88@\xb9)S\xc2\x14\xdf\x84y\xd0A\x9d]\
\xa5R\x81\xf2\xf4\x04\x94\xa7\xc7\xa0\x5c\x9c\x06\xb7\x5c\x0a\
LQ_\xe4t\x8ar!\xe0b\xf2N\xc2q\xc0v\
R\x90\xca\xe4x:\x9b\x87\x5cG\x0fA\x1fN\x85\x18\
\x14\xad\xd5\x5c7\xe5\xdbj1?\xcd\x87S\xf1D<\
f\x91U\xe3\xba\xc2GM&\x1d\xd6\xd1\x9e\xa7\x04\xe0\
\x05\x00\xfe\xb8\xc7\xe9\xd7\xcb\xd3\xd3/\xacX\xb1\x02\x03\
\xe8gf\xff.B\x1b\xf3\x9c\x00\xdc\x96-[l\xdf\
oK1V\xcc\x19\x06k+\x14\x0akl'qu\
\xd2q\xdec\xdb\xf6*\xcbNdH\x10,\x13\xa6\x99\
.\x8d\xcc\xfe\xcb\xbc\xaa\x94\xe1!\x04\xfb\xd7\x8f\x0a\x9f\
\xc2\x1e#\xc5\x92\x0b\x95\x8a+|2\x9c\x03\xe78\x09\
p\x10 \xb6U\x97?\xa9\x92\x97k7\x91\xda\x87\x0a\
\x03\xea\x86\x9c\x11\x87!\x001\xdb\x9b3\xb0U\x18B\
3\x17C\xecH\xbfV\xc6\xe9\xc2\x9bS\xa4\xe5\x9e\x9e\
U\xd3\xe0s\xa0\xc2R\xa9Tat|B\xec\xab\xa3\
#\x8f!\x90\xa2i\x18\xbb\x19\x83/\x14i\xe5\xa1\xc2\
\xc8\xc8\xa1K/\xbd\xf4\xbc\x11Q\xce\x15\xc0u3\xe6\
\xac\xe1\x06\x5cM\x18\xbf\xbaP.\xaf\xf0|\x7f\xd02\
\x8d^\xc7q\xd2\x99tJ\x0c\xc7\x08\xfd\xa0E\x008\
\x91\xd0\x1cL\xb2Qc\xa2d\x9f\x11&n\x04hb\
\x22\xf0pj\x8ehm\x1e\x04\xcd\x95\xb9\xa8\xf1\x9f\xe6\
x\x05\xf3\xe1\x02\x08\xe9~\xa1\x1e\xb8\x13\xa9hA\x90\
\x1cMC)\x8a\xd4\xe6\x1b\xd4\xc8U\xfe\x14\x15Mt\
\xe2\xc1\xcav\x8c9\x22\xb3\x22\xf83\x99\x14M:\xce\
\x18\xe7\xf0 c\xfe}\xa5\xd2\xf4]+W\xae<o\
Z\xa6/Z\xc0\xa1\x9f\xf6\xc0\x03/\xa6\x93\xc9\xea\x1a\
3a]b\xdb\xf6z\xd3 \xeb\x09\xc0\xba\x8a[\xed\
\xf2\xa9\x9f\xc5\x13/Z\x14\xe0(\xa7\xa0s\xb1\x98\x8b\
\xad\x0d\x9co%\x93\xb2\x06\x92\xfa\xab\x18\x99\x06/\x5c\
\x8c\xdb\xe1\x85\x8b\xbf\x87\xc5\xa6b|\x95\x02\x83l\x22\
\x8bAk\xd5\xe3D\xf9\x87\x8a\xd6\xa3`\x09\xb0\x14\x96\
\xeb\x84`Ar\xd3\x80)YTf\xb2\x9c*\xe0p\
m\x11\xb0*\xde\x88\xc0\xcb\xe7\xb2\x90\xcdd*\x00l\
\x0f!\xe4\xa1\x9f\xc4\xd7\xff\x0d\x00\xf6ttt\x9c\x17\
\xa0[\xb4\x80\xc3l\x91e\xcb\xd6.\xa9\xf8\xdeoZ\
\x86\xf1v\xcb\xb6\xd7&l+c\x99\xa6\x05\xc0\x0d\xc6\
8\xf1\x19\x15\x19\xfa\xe8\xd3\xe0}\x18S\xa62\xe9\x94\
\xf0]D=Z4\xb0\xbd\x00a\x81\x1a\x10t3\xb0\
\x1epA\xd8\xa2\x86\x05./bY} s2\x11\
\x1eh\xb6\xa1\xa2\xe98\xb2\xf4G\xb4:\x0f\x92\x99O\
\x0681\xcc\xa3\xd6bAlO(\x99\x02\xc0\xb2J\
]\xb1\xe0\xe9\x00\x0e\x0f\x1a-\xd3B\xb1\x04c\x13\x93\
\x02p\xb9l\x86[\xa6I\x0d\xc3x\x9a\x10\xf8\xdf\x96\
E\x9e\xcc\xe5r;\x16\xa1Kv\xda\x87\xbc\xe8\x00\x87\
\xccv\xc7\x1dw\x18\xbdK\x97_\x87-\xc3\x19\xf0w\
\x1a\x86q\xa9i\x18\x9d\x96eZ\xe8\xeb\x08Q!\xf0\
Y\x94D-s\x08\xa5\x0f\x83\x85\x9cxqJ\x93,\
\xd4O\x22i%\xf3\x1f\xf8\xae\xd9cA\xff\xffP\x06\
\x99\x098]\xe4\x91\x0d\x5c\x99\x98\xc7\x8duvj\xe6\
\x9b\xaa\x85S\xa3\xacT\xfd\x5c\xcd\xe4\xd3:x\x89.\
\xccZ\xb4:8\x98h#Y\xbd]\xfa\x99\x02\x0e\xdf\
\x87~(\x06\xe6\xb1\xd5\x04\x029\x97M\xa3\x10t\x00\
8\x7f\x8a\x11\xf2\xbdJq\xea{\xbbv\xed\xf2\xde\xf2\
\x96\xb7\x9c\xd3ST\x17\x1d\xe0\xb0\x1d\xdd\xf0p5S\
e\xa5_g\x8c\x7f\x90c\xb21@;~\x10\xbc\x1b\
\xa3?\x83J\x1eJ\xea\xba\x98 z\xe5S*\x8a@\
\xf1\xbb\x9dH\xc8\xa4a\xc7\xa9\xcd\xc2na\x86\xd3\x01\
W\x7f[\x0d\xc4\x90\xe0\xf3\xa9\xbe\x92\xa2\xa84`)\
u\x92\xf5 \xba\x0c\x5cK\xd0\x09\x13U\x1bq\xac\x0f\
}\xd4\xc3\x02g\x038UM\x8e\xa1\x02Lg\xeb\xea\
h\x83t*\xe5\x12\x03\x0a\x8c\xb2\xff,\xf8\x95/\xba\
\x93\x93\xa3\x17]t\xd19='|\xd1\x01\xee\xf9\xe7\
\xb7_\xe8\xf3\xea\xebKe\xef}>eo\xc1\x82P\
\x00HH\xf3P6\xd5\x11\x82\x82\x18\xc7k\x0bsH\
=\xf0\x22\xf4}\xcc\xe8@3\xd3\x15\xafI&\x13\x90\
H$$\xd3-R\xc0\xc9\xcf\xa7f\xbd\xa9\x9f\x03\xad\
$\xa07\x99o)\xf5F)\xd8\xaar\x1e\xc9\xa6\xaa\
\x1eO\xaf\x1e\x8f6C:\x1b\xc0\x05G\x05\xd3\xd3E\
\xb1\xf6RqM\xb0\xa4\x93\xf4\x00\xf8fJ\xbd{\xb8\
m>\xd0\xdf\xd9\xb9\xf5\xb4\xed\xb4E\xf4\x86E\x03\xb8\
\x0d\x1b6X\xe5T*\x9dc\xf6\x9b\x0c\x03~\xa1\xea\
\xd1k)ck\xd5\xc5\xa3\xcc&iV\xc9\xf1\xbb\xc9\
\x84\x1c8\x1f\xed\xcd\xe8y\x1e\x14\x0a%!\x8d\xe3\xdf\
0\x7f\x11/\x00\xd5gD\xc9z3|\xbc@a\x88\
.\xda\xe9\x94\xe7\xd4.x\xdd~<=\x932\xcap\
J\xf8\xa8\xb1`}X@)\x8e\xd1\x8a\x00\xc9xz\
\x01\xad\xae:j?K\xe5\xe5\x8c}\xb8P\x01% \
\xc3\x1c\xae\x0bU\x8f\x0a\x93\x1e\xab$\x0c\x83\xecc\x8c\
m\x03\x80\x7f\xec\xee\xeex\xf0O\xff\xf4O\xfd[o\
\xbd\xf5\xcc\x13B[\x18\x80\x8b\x06p?\xd8\xbc9\x97\
\xa8\xb0\x95\xb6e\xfd\x0c!\xc6\xc78\x81\x0e\xe0\x90n\
\x048\xe9\xec\xa3/\x87\xb3\xafmab\xeaf\x15\xb6\
\x12@\xa1\x01U\xb3b\xb1\x04i\xcc\x84\xc0\xa4\xe1\x84\
T0\xcf5\xc0\xd5_\x7f\xbc\xaeH\xb5\x1e\xac\xf3\x0f\
8\xa1ZV=\x18\x9d\x98\x12JjwW;Z\x1a\
U\x00c\x8c\x10\xf6g\x96e\xdc\x9e\xcb\xe5\xb0\x7f\xca\
9Y\xdc\xbah\x00w\xff\xfd\x8f\x0c\x11\x93\xfd\x141\
\xec[\x88i\xde\x02@li\x1dI\xf3Hg8)\
\x99\xcb\x094h*&\xecD0=4\x08\xdc\x061\
&\xe9\xc8\xbb\x22\x81\x18\xd9\x0dS\xa8DP9P\xe4\
\xce\x15\x86\xab\x17g\xd4\xfdDc\xc1zG-\x8c\xbb\
\xd58m\xee\x18\x0e\xb7\x89\x0d\x93&\xa6\xa6\x85\xd8\xa3\
\xac\x8b\x84\xed\x94\x01\xf8\x97\xb8\xc9\xbfC(\xdd\xd1\xd9\
\xd99\xd9\xc2Du\xc6\x87\xb6h\x00w\xdf\xc3\x9b.\
'\xd4\xffC\xc3\xb4n \xa65\x18z\x1e\xb3\x00.\
\xf4I\x0cS\xf8jJ\x91\x8cf\x9a\xa0o3:>\
)R\x90\xda\xf39LA\x0a\xbai\xb5\xaeJy\xba\
&e\xab\x01\x0e\xdd\xc9j\x15K\x92dY\x12Z\x17\
\xd9L\xa6\xca\x80\xdf\xcb\x81\xdfCX\xe2\xee\xee\xee\xf4\
99\x87\xae\xe5\x01\x87\xb9\x917\xff\xec\xcf\xb6\xd1)\
\xf7\xf5\x9eW\xfd\x9f\x00p\x85a\x18\x194\x8cd{\
\x81\xc6\x0c\xa77\xe51\x0cd9\xcc\xba\xaf\x0fz\xab\
\x0b\xb7T.\x8b|?\x0c!\xa0\xf9\x89E\xa0*8\
>_\x05\xa8!h\x823\x10M\xed\xaa\xf3\x99\xb4\x83\
\x98\xd99!0\x03\xb53\xa9\xfb\x94\xe1v\xc3\xfd,\
<\xc3\xa1v\x83\xec\xa6B\x05x\x93\xcbf2\x14\x08\
\xd9N\x006\xf8>\xff\xc7\x9e\x9e\xfc\xce3\xa6\x91\x16\
~c\xcb\x03n\xc3\x06n9\xce\xb3\x17{\x00o\xad\
V\xfd\xdf\x06\xe0\xab\xeb\x13wO\x0c8\x05J\x04\x9b\
`\xba\x88\x88\x82\xdb\xc2\xec\x0d\x0c ON\x17\x04\xd0\
\xf2y\xd9\xee@\x06\x8e#go\x8eZ,\x9c\xcf\x80\
S3\xc7\x91\xe1P\xbcB\xc1*\x93Ns\xc3 \x13\
\x84\xc0\x93\x94\xc2\x9f\x8f\x8d\x1d{\xee\xc2\x0b/\xc4\x1c\
\xcbs*\xb1\xb9\xe5\x01w\xd7][\xd2\xf9\x0e\xfe!\
\xca\xf8{)\xa57\x02\x81\xae3\x01\x9c\x8a\xd19\x22\
\xdb\xbe\x16\xec\xc6m\xa1Y\xe9\xf9T\xb4\xa3\xc3\x14*\
\xbc \xb2\x99\x14\xc6\x89\xb4qO5fXl*e\
\xab\x99\x94\x0ap\xa8\x16\x97Jea\xc2c\xf6\x8fe\
\x99\x9ea\x98/\x19\x06\xfb,\xa5tsGG\xc7\xc1\
s\xad\x15_\xcb\x03n\xf3\xe6\xcd9\x97\xda\x9f\x04\xe0\
\xef\xe7\x1c\x96p\xe0Z\xd1\xe8\xc9MJ\xc5p\xb2\xe0\
\x92\x88P\x012\x9d2\xbb\x14x1)\x18Y\xae\x5c\
\xa9\x88Z4lG\x9e\xcd\xa6\xc5k\xeb\xc2\x0a1\xc3\
\x9dV.\xa5R|\xebA/\x87\x8d\xabJw\x95 \
-+!\xcc=\x8c\xb1\xdb(\x85\x07\xf7\xef\x7f\xed\x89\
s\xad\x15_\xcb\x03\xee{\x1b6\xb4\xe7 \xf9y \
\xf0!.\x94I\xae\xb5\xae;\x1d\xc0\xc9\xde\x8d2\x0b\
\xa5\xe6\xcb\xe9&#\xda.\x98\xf37:6)\xb2P\
\xd2\xe9\xa4`94Gk&\xe0\x995\x82\xad\xcb\xc6\
\xd7wz\x1e\xfap\x8a\xe1\xc4\x9ar\x10)_x\xa3\
\xc3\x1b\x5c\xd2q\x86}\xdf\x7f\x92s\xfe\x83\x9e\x9e\xce\
\xafas\xa2\x16v\xc9N\xfb\xd0Z\x1ap?\xfc\xe1\
\x0f;\x12\x89\xccr\x92p\xfe\x04\x08y/0\x10\x19\
\xc7gbR\xe2\x07\xc5,\x14L`F\x13&\x110\
W\xb4Z\x00\x8b&1>\x87E\xa0x1``\x16\
\x9d\xfap(}\xccps\xc6p2\xec@\x84YY\
,\x95\x84X\xe58N\x91s~\x80\x10\xfe-\xd7-\
\xff\xf5\xc0\xc0\xc095\x08\xb2\xa5\x01\xf7\xc0\x03\x8f\x5c\
\xc8m\xb8\xca \xf6\xc7\x01\xe0&\xe0\xd2\x149S\xc0\
\xa9\xac\x0a\x13S\xba\x12\xd8\x03R\x0e\xc7\xd0\xd9Ke\
\xcdOLN\x0b\xe0u\xb4\xe5D\x85\x81\xe8\xa2%7\
0\xa3\xe5c\xabg\x9a\xb4\xaa\x0f\x17\x05\x5c6\x93\xc1\
\x9b\x1b\xe5\x9cW\x0d\xc3\xf8*\xa5\xee\xefwww\x17\
\xce\xa5\x8a\xf0\x96\x06\xdc\x8f~\xb4\xf9-\xc4\x80\xf7p\
B\xde\xc1\x09Y7W\x80\xc3z1YU\x80\x85\x9b\
H\x9aA\x16\xbd\xa8r\x96\x22\xca\xe4\xf4\xb4P\xd0\x90\
\xdd\xb0_$\x82Nd\xa1\xc4\x80\x9bs\x86Cs\x12\
\xcdJ\xec>\xed8\x09\x8eB\x091\xe0\xeb\x93\x9e\xfb\
\xff\x17\x8f\x1f\x1f;\x97*\xc2[\x1ap\x8f<\xf2\xc4\
\x07\x18\xf0_\xa3\x1c.\xe5\x00K\xcf\x06p\xb2 S\
\xc5\xac\x0c!\xa0`\xfa\x97`95E4\xf8;\xde\
y\xd1\x97C\x86\xc3,\x14\xf4\xe1\xd0\xb4\x14bKP\
G\xa7\x1b\xef1\xc3\xd5\xfaR\xd6\xc5\x13#\x19,u\
\xb5\x7f\x9a\xef\x8a\xe1\x01\xd9F\x02\xab\xd7-Q\xbdn\
\x18\xe4\x8e\xb1\xa2\xfbG\xb9\x04?\xdc\xdb\xdb{\xceL\
`mi\xc0m\xde\xfc\xd4\xafS\xc6~\xd7\xe7|\x90\
q\xcc\x9d<}\x93R\x95\xa4 \x9b\xe9\xbd\x15\x859\
\x13$\xef\xe2\xdf\xc4\xe0zd\xbb\xc0\xc4\xc4\x02O\xcc\
\x82\x98*\x14E\x05e[[N\x08)\xa2{\xd6\x8c\
\xd0\x5c\xbdY\x1aM\x89\x0a`\xaeY\xae\xfa\xeb\x95\x8e\
\xa7\xa5Z\x85\x1bP7\x08\xedo3\xce\xd8\xe2\x0b|\
\xeb\xa2\x89\xeaV\xa6\xfa\xac\xe0GG\xe0\x01\x90;\xcb\
\xbe\xf7\x97\x16\xf7v/Y\xb2\x04\xa7\xf5\x9c\x13\x8f\x96\
\x06\xdc\xc6MO\xff\x16p\xfe\x07\x94\xb3n\xc6y\xf6\
L\x01\x87\xec\xa6\xfa\x7f\x84C\xe4\xd5\x8c\xeb`x\x06\
\x9a\x8br\xe8=~\xc9*e,\xf0\x9c\x98\x9c\x12\x02\
\x0a\xe6Yb\x0a\x12\x9a=1\xe0j1\xc9\xc8\xbdA\
+j\xad\xf7\xb5\x1b\x85\x05\x94\x0f\xa7\x06\x8c`\x98\x00\
\x7f\x96\xe7\x81\xdc\xefQ\xf6\xf7\xdc\x87m\x03\x03\x9d\xfb\
\xcf\x09\xb4\xb5\xfal\x81\x877=\xfd\xff\x02\x87?d\
\x9c\xb6q\xceSg\x038Q\x7f\x95\x90\xed(\xd5\x04\
\x9b\xb0'\x7f\xc0v\xa2\x9d\x80\x9a@\x83\x9d\x86\x19\x87\
\xf1I\xcc\xb3\xac\x82i\xe1\xa8`9D\xb1\xce\x84\x0c\
\xeb\xcb\x1a\x5c\x84\xc1\xd5\x183\x5c}^Y\x94\xe1\x14\
\x98\xf4\xca\xf5\x9f\x88d\x1b\x0d\xc3\xf8W\xcb\x22[\xf2\
\xf9\xfc+1\xe0\x9a\xb0\x02\x0f=\xf2\xe4\xef\xffD\xc3\
\xf8\x13\x00\xeep\xce\xed\xb9\x00\x1c\x9ezQ\x1f\x86\xfd\
;\x82\xaa\x81Z]\x98d7%\xa2 \xcbau2\
&6c\xb8\x00\x8bU\xf3\xd9,\x98\xd8%+,\xe3\
9\xb5\x81\x8cq\x1c.\xe2\xe75\x88?\xaa\x22\xd9\xe0\
F\xf841\xcd\xdbMbnho\xcf<\xd7\x84\xcb\
\xad)\xbbhI\x93R\xf5-\xe9\xec]\xfe\x09\xce\xe9\
\x9faq\xb28]g\xe1\xc3a\x86\x09\xa6u\xe9m\
\x06\xea\x00\x87;P\xa2\x896M\x06{p`\xd1$\
\xb6\x0f\xc7\xb6\x0d\x18\x9cE\xa6D\x13U=b\xd1\xe4\
\xecD\x93\xda:J\x85X\xceE\xe0/q\x02\x0fX\
\x86ugGG\xee\xd1\xa6\xa0\xa1\x09;iE\xc0\x91\
-[\xb6X\xd9l6y\xf8\xf8\xd4\xefSF?\x05\
b\xd0\x06\x9e\x83\xd3\x17MTjW\xd2\xb1e\xb7.\
m\x08E\x0d1\xaa\xa0\xb9~9\xc4.9\x08\x86\x1b\
\x1f\xc7\x99\x83\x00\x09'!\x86m`\x9b\xf0ZzX\
,\x9a4\xec>v\x8a*e=\xe0\x82\xa1\x91\x9c\xbf\
\xca\x18{\x02\x00\xbe\xd9\xdb\xdbyo\x13\xb0\xd0\x94]\
\xb4$\xe06l\xd8\xd0f\xdb\x99\xa5.\xa5\x1fg\x0c\
~\x1bT'\xec\xb3\x00\x1c\xb2\x9b(\xcf\x09z6\xea\
'Y\xa3*m\xd1k\xf5p(YOL\x16\xc0\xa7\
~\xd0q*\x03\x99T2\xf4\xf7b\x86\x9b;\x86\xc3\
\x13\x10t%;D)\xdbF\x08\xfckoo\xd7\xb7\
\x9b\x82\x86&\xec\xa4\x15\x01\x07\x1b6lXA\xa9q\
#'\xd6\xcf\x83a\xfc\xcc\x5c\x00\x0e\x03\xddJ\xa9\xac\
\xf7\xbft\x8c\xe9\xcbQ\x03\x1c\xaa\x95%\xf4\xe5D\xdb\
q\x17k\xb7\xc29n\xf5}Pj\x8d.\xf5\x9b{\
,\x9a\x9c\x9ah\xa2'\xfd0\xc6\xc6}\x9f\x1e\xe6\x9c\
~\xae\xbf\xbf\x17\x9b\xc5\x9e\x13\x8f\x96\x04\xdc\xc3\x0f?\
u9\x03\xfa\x0b\x9c\x90\xb7\x02\xc0\xeb\xe6\x02p\xa2\xbf\
\x89h\xb7 S\xbaN\x87\xe1\xd0\xa7\xc0\xf2\x1d\xcc\xf7\
\x9b.\x14Eh \x95r \xadU\x87G7\x18\x03\
\xee\xd4\xc3\x02\x8d\xce\x05\xa5\xac\xe2\xfb^\x01\xc0\xf8\x8b\
\x1d;^\xfc\xd2M7\xddtN\x8c,nI\xc0m\
\xdc\xf8\xd4\x1b\xc1$\xbfG)\xbb\x8aq\xbeb.\x00\
'\xeb\xe1\xb0\xeeJv$>\x1d\xc0I3\x07\x04\xd8\
\xc6&&D\x8f\x14\x07\xc7\x03g\xb0\x92@\x0e+\x8c\
\x01'W\xe0L2M\x1a\x03N\x8ed\xfeI\x14\xe7\
\x8f\x09\xa1\x9f\xdb\xb1c\x87{.4\x89mI\xc0m\
\xd8\xf4\xcc\xdb~\x22\xdc\xff1\xa5\xecb\xcey\xf7\x5c\
\x00\x0e\xc5\x12d6l\xfc\x8a\x89\xc8\xa7\x0b8|=\
\xa6{a\x8e%\x09\xda\xf0\x89\x0688\xf2\xc9\xae\xd5\
\xd7\xa9\xcc\xea\x98\xe1\xce\x8e\xe1\xd4\x0ct\x83\xc0\xe7\xd3\
i\xe7\xcb\xae\xeb\x1e\xee\xe9\xe9Y\xf4Mb[\x0ep\
\x18\x12\xd8\xb0\xe9\xe9\x9f\x02\x0e\x9ff\x1cVr\xce2\
s\x018\xfc\xa0\xa6AD2r\xa3\x02Ty{n\
\xec\xc3)pbLn\xba\x84\xb3\xd6d\xcbDL\xf5\
\x12\xc9\xcdN}\xf9\x8e\xbc\xd3\x07\x0f)\xac\xd6\xe5\x18\
\xd4\x8b,\x0d\x98!|\xb9J\xdb\xaa\x1d\xd7\xb9\xd0\xd3\
d\xb6\xc0\xb7\xfe\xd9\x10pb\xee\xb9i\xfc\xa7\xe3X\
\xb7U\xab\xd5\x97z{{\x8f.vG\xae\xa5\x00\xa7\
\xe2o]\xbd\x83\xef\xe5\xc4\xf8,p>\xc49Xs\
\x058LR\x16-\x16f)@=\x19\xe0\xe4\x00\x8d\
\xaa\xa8\x08\xafz\xbe\xe8\xd8\x8c\x95\x04\xd9tM\xb1\x8c\
\x19\xae\xd1\xcd\xe1\xf4E\x13\x058\xd32\xefN$\xcc\
;=\x80\x87\xfa\xda\xdb_\x8b\x017\x87+p\xfb\xd6\
\xad\x89\xc1)\xbf\xa7\xecW\xdf\xcb\x18\xc3\xf8[\xbft\
\x0b\x82>2g\x11\x16\xc0S\xae\xb7AG\x01Ee\
\x98\xccb_\xce\x98\xae\x83m\x18\xf0B\x98\x9c,\x88\
\xd8\x1c\x02NT\x86\xa7$k\x8a\x19m\xc1m:f\
\xb8\xb37)\x05\xc3Y\xd6\x13v\xc2|\x18\x98\xf9\xad\
\xce\xce\xecKsx\xb9-\xc8\xa6Z\x8a\xe16o~\
9g\xa7\xdc+\xca\xa5\xea\xbb=\xcf\xff\x0d\x0e\x1cG\
\x04\xc3\x5c\x01N\xf65\x91m\xd0\x91\xe9d\x10\x5c[\
\xf7\x93\x98\x94*\xc9vdt\x5c\x94\xee\xa09\x89\xa0\
C\xe1\x04\x81\x87\xdb\x8c\x017\xb7\x0cg[\xe6N\xc7\
\xb1\x9f\xf4<\xfeO\xdd\xddmO-\x08J\xe6p\xa7\
-\x05\xb8\x0d[\xb6t\x93\xb2\xff\x1eN\xe1\x16\x9f\xb3\
wq\x0e\xb9\xb9\x05\x5cm@#\x0e\xfa\xc0\x9a\xb8F\
Ak\xdd\xab\x8a\xfaL\xc8\xb5\xc3#\xe3B@As\
\xd2\x16]\xc0\x0cHb\xa8 \x99\x90*]\xdd\xd0\xc2\
\xd8\x87\xd3g\x0b\x84Jfhe6\xf6O\xa5h\xe2\
\x81iZ\xc3\xb6el#\x84\xffYGG\xc7\x869\
\xbc\xf6\x17dS-\x05\xb8\x87\x1ez|)1\xe1c\
\x9c\xc3;)\x87\xcbQ\x97\x98k\xc0\x09\x96C\x86\x13\
}'\xd5\xa0A%p\x9cX4Q\xc2\xca\xf0\xc8\x98\
\x00\x9c\xe82\x15\xf4\xb9D\xf0a\xf9\x8e\x0a\x84\xc7&\
\xe5\xd9\x99\x94\xa2\xa3\x17\x02\xce0\xab\xa6i\xee\xf1}\
\xff\x13\x8f\x8e\x1c\xbd\xf7\xfd\xeb\xd6y\x8b\xb9\xe5BK\
\x01n\xc3\x86'V\x18\x06\xf9\x03\xca\xf9;(\xe3\xcb\
9\x80=\x1f\x80\xc3BS\xdb\x94\xb3\xb1\xcfd #\
\x9a\x94\x088\x1c\x14\xa2\xe6k\xa39\xa9\x92\x9a\xc5<\
\xf1X\xa5\xac\xeb=\xa3\x0b\xb5\xa7\xaaR\x22\xc3\x19\x86\
\xc9L\xc38D\x81\xfd\xf9d\xa5t\xcf\xf4\xe0\xe0\xf1\
k\x16\xf1\xa0\x8f\x96\x02\xdc\xa6M\xcf\x5c\xc0\x81\xdd\xea\
S\xfev,:E\x85r>\x00\xa7\x86\x0fb\xaa\x17\
v\xef\x0a\xcd\xc6\x93\xf8p\x8a\xe1p\xa8 N\xdd\x11\
CC\x82\x0c\x16\xd1\x1e\xc0\xb6DR\xb3m#\xe0j\
\xca\x5c\x1c\x168s\x95R\xb6\xbf \xc79\x87/\x1a\
\x86\xf9C\xd7m\xdf94D\xca\x0bb\x0f\xce\xc1N\
[\x0ap\x1b6<\xbe\x1aL\xeb/(gog\x94\
\xb5a\xe8l\xbe\x00'\xc6\x0e\x07\xf9\x95\xa1xr\x8a\
\x80\xc3\xe6B8\x8f\x00\xc3\x04X\xd2\xa3\xb2M\x10|\
2\x18.\x05\x19uW\x8f\x01w\xe6\x80\x93\xcbH\xc6\
\x0c\x93\xdcf\x9b\xf6\xdd\x9d\x9d\xf9\xc7\x09!\x8b6\x00\
\xder\x80c\xa6\xf9\x97\xc0\xf9\xdb(e\xf9y\x03\x1c\
\x91\xbe\x9b\x18O\x8c\xe3\xa9\xd4P\xc2S\x04\x1c\x06\xc0\
\xb1\xcb\x14\xf6S\x14\x01\xf0\xa4#\x9a\x0b\xe16Q\xad\
\x94=/\xb1iQ\xd0'%\x0e|\x877\x9f\xd3\x15\
M\x82b\xd4)\xcb4\xef'\xc4\xbc\xc7q\x8c;\xdb\
\xda\xda\xc6\xe6\x80l\x16d\x13\xe77\xe0L\x04\x9c\xe8\
\x10\x15\xf6\x9c\xac\x9d\x85\xd9\xc7U\xa1o\x81\x95\x03\xe3\
\x93\xd3\xa2\x94$\x9dNIp\x11\x1cw\x1c\xb4\xdfC\
@\xe3\x00\x11L\xfb\x8a\x01w\xda\x80S\xa2\x89\x98U\
\xcey\xc9\xb2\xcdgMb\xde\xcb\xb9\xf7o}}}\
\xc7\x16\x04-s\xb0\xd3\x96\x02\xdc\x03\x8f<y\xa1\x09\
\xe43\x82\xe1\x18\xcf\xc8\xb6\xe6s\x19\x87S\x9d\xba\x02\
\x86C\xf1\x04UF\xd5\x10\xf6\x14\x19N\x8cZr\xab\
p|dL\xf4G\xc9f\xd2\xc2\x97\xc3\x07\x0e\x1b\xc4\
\x142\x04!\x9a\x96\x186\x88\x01w\xfa&%\x02\x0e\
\x07\xab`x\x80RVM%\x9d\xbd\xa6i\xdd\x07\xe0\
\xffMWW\xd7\xc19\xb8\xf6\x17d\x13-\x05\xb8G\
\x1ey\xf2BJ\xc8\xdf0\xc6\xdf\xc6\x18O\xcd\x1b\xe0\
\xb0C\x172P\x10\x04\x0f\x1c\xf3\x93\xe6R*\xd1\x04\
\x17\x0d\x1b\x0b\x1d96,\x06R\xb7L\xd4\xa1\x00\x00\
\x1c\x12IDAT`\x8bn\x04\x1c\xb2\x1d2\x9fI\
\x08\xe4\xdbr\x22NW\x1bw\xac\xc7\x9b\xb4eo\x14\
\x8f\x92vWm\xa6\xb6v#8_r)EV\x8f\
\xef\x0b?\xf9'YG4\x9dJM&\x12\xf6\xfd\xae\
K\xff\xa4\xa7'\xbf\x9b\x10B\x17\x041g\xb9\xd3\xf3\
\x12pzX\x00cqa\xf0\xfb\x14\x19N\x07\x1c\xb6\
\xd0C\x86C\xa9SL\xf6t\xab\x22\xbe\xd7\xde\x96\x17\
5s1\xe0j7\x8e\xd9\x1a\xc1\x86\x11\x14\xedj\xc4\
>\x95\x02p\xbe\x8f72\x9eJ\xa5|\xdb27\xf8\
>\xfb\x14\xe7\xd5\x1d\x8b\xb5r\xa0\xa5\x00\xf7\xa3MO\
\xad1\x19\xf9[\x06\x0cE\x93d8\xc3{\x8er)\
\xc3\xd9\x02\xc2w\x93uqz1\xea\xc9\x92\x97u\x86\
s\xab\x1e\x1c\x1f\x1e\x05\xd7\xf3\x84\x9f\xa6\x9a\xdf x\
Q\xb5\xcce\xd3\x82\xe1\xb0=_(\x14\x04WV\x5c\
-\x10\x96P\xccR?\x17\xb42\xf4\xa9\x00\x1c\xfaq\
X\xf4kY\xe6\xe3\x9c\xf3O3V}\xae\xbb\xbb{\
Q\x8e$n)\xc0m\xda\xf4\xd4\x1a\xca\x8d\xcfS\xce\
of\x8c&\xb0z`>|8\x91Ki'\xc26\
\xe7\xa1\x95p\x1a\x0c\x87\xa6\xce\xd8\xc4$\x94\xca\xae0\
+\xd1\xd7@\x7f\x0eg\x10`\xc6\x09\xfao\x18\x93\x13\
\x0af\xd0z\xafv'\x8fM\xca\x137\x1d\x92\x80C\
\xb3\xd2\xab\xfa\xe2\xbb\x04\x9c\xf5<!\xe4\xcb\x8c\xb1\xc7\
:;s[\xcf\xd2\xba[\x90\xb7\xb7\x14\xe0\x1e~\xf8\
\x99\xb5`\xb1\xbf\xe3\x02p\xdc\x9a/\xc0a&\xc8\xd9\
2\x1c\xf69\xc1\x11\xc5r\x06AI\xdc\x85Q\xa9\xcc\
\xe7\xb2\x22\x16'B\x0e\x01\xe8\xa2\x9d\xc2b\x86;\x05\
\x86\x13\xed\xf2\x98\xa8\x89C\xf32`\xb8W\xaaU\xef\
N\xce\xd9}\xfd\xfd\xdd\x0f-\x08b\xcer\xa7\xad\x05\
\xb8\xcd\xcf\xac\xa5>\xfd\x02p~3\xe7\x5c\xc8~\xf3\
\xc1pavH \x9a\x9c\x09\xc3!\xab\x15Je\x98\
\x9a*\x08\xa6C\xe1\xc5\xb6\x13\xd0\x96\xcf\x09\xc0I\xd3\
\xd2\x12&\xa5\x0a\x19\xc4\x0c\xa7\xa2\x03'\x07\x5c\xd0\xb9\
\x0b\xd0tW\x803M\xf3P\xa5\xea>\xcd)\xbfc\
\xe9\xd2\x9eo\x9c\xe5\xb5\xbf o??\x01\x17\x04\xbd\
E\xa6\x89\x18\x1c\x11:W\xdaI\x98=\x0e\x87\x8b\x86\
f\x8el\x10;\x0d#c\xe3\xa2L'\x93N\x8b\xaa\
\x01\xd5rA\x00\x0e\xb3N\x82\xa0x\x0c\xb8\xd3\x04\x1c\
\xe7\x22\xfc\xa21\xdc\x18\xe3\xec\x15\x02\xfc\xbf:;\xdb\
\xffiA\x10s\x96;m9\xc01\xdf\xff\x22\x07\xb8\
\x993.:\xf3\xcc\x07\xc3\x89\x5cJ\xd3\x10\x19!\xb2\
\xdd\xc2\xe9\x03\x0eM\xc8\xaa\x87\xfd*\xa7E<\x0eY\
\x0d\xcdI\xcb\x92]\xc1t\x86\xc3\x10\x84nF\xc6&\
\xe5\xa91\x1c\x96B!\xe0\xd0|G\x93\xd2\xb6\xad\x09\
B`\x0f\x00\xff\x8f\xb6\xb6\xdc\x17\xce\xf2\xda_\x90\xb7\
\xb7\x14\xe0\xee\xdf\xf0\xf8E\x06\x90\x7f@\x1f\xae\x8e\x0d\
\xe6X\xa5\x14iXg\x91K\x89\x8b\x86&\x8f\x9a\xae\
s\xe4\xf8\x88\x10K\xd0\x9c4\x82\x99s\x08*)\x9c\
$\xea\xda\xab\x877\x91\xf0\x03jw}\x85{)k\
\x9e\xd7q8\xb5<XY\xef{\x14\x92\xa9$&)\
\x8c\x12\x02;8\x87\xaf\xb5\xb7\xe7\xbe\xbc \x889\xcb\
\x9d\xb6\x22\xe0\xbe\x08\xc8p\xd8\xde|\xbe\x18N\xcb\xa5\
\x94\xf5l\x22#\xfd\xb4\x02\xdf*\x0c\x80\xe3\xac\x0e\x1f\
=\x0e\xa9t\xc0p&2\x1cV\x95\x1b\xc2\xb4DS\
3V)O?\xd3D\xdd\x86\xb0\xf1.*\xc2\x81J\
\xb9\x9fs\xf6(\x00\xf9^GG\xee\xbbgy\xed/\
\xc8\xdb[\x0ap\xf7>\xbcy\xadm\x98\x9f\xe7\x9c\xbf\
\x0d\x00,\xce\x91\x1c\xe6/\xb5\x0bM?\x04\x9c\x1cS\
uz\x80\xc3\xb3\x85f%\x9a\x94\x87\x8e\x1c\x95}*\
\xb3\x19\xd1\xb3\x12\xeb\xe4\x10lX\xa6\x13\xe7R\xd6\x98\
\xfat\x02\xdfj&\x04\x9a\x94\x9e\xef\x89\x10\x8biZ\
\xdb\x00\xe87\x19#\x0fuu\xe5q\xee\xc0\xa2{\xb4\
\x14\xe0\x1ex`\xf3\x80a\xc1\xafrN\xde\x05\x06\xb9\
\x06\x80\xa4\xc4\x8a\xce\xb5I\x190\x1c\x02\x0e\xb3B\xc2\
\xca\xef\xd3\x88\xc3\xcd\x04\x5c\x022\x99L\xd0\xa7\x12\xfb\
\x9c\x04\xad\xd5\xe3\xe4e}\xf0\x80<\x9d\xa2\x0dE\x03\
S\xba\xeej\x94\x09\xe5:\xe0,\xcbz\x0a\x80\x7f\xb6\
R\xa1[\xfa\xfb\xdb\xf7,:\xb4\xb5\xda@\xc6{\xee\
\xb9'o\x9a\x99k\x0c\xcb|;1\xad\x9f\x03\xe0K\
8\x87\xec|\x01Nt\xf1\x12\x80\x0b2NN\x03p\
b\x92*c015\x0d\x87\x8f\x1c\x13Su28\
U'!\xd3\xb9\x12\xa2\xd6\x0e\x93\x97\xe3j\x813\xe9\
iRc8\x17\xb3Mx\xd2IV-\x91\xdaE\xff\
$N\xed\x9a\xa3[\xcd\x86\x0d\x1b,Ji[2\xd9\
v\x15\xb1\xcd\xffV\xadz7\xf8\x94bo\x13\xf98\
\xcb6y*\xb5\x0b\xc7\x0a\xab\xd8\x98a\x12iVb\
[\x84\xd3\x02\x1c\x17\xbe\x05\x02\xee\xe8\xf1\x11a\xf2d\
pv\x9c-\xbbx\xa1\x0f\x87\xe6$\xc6\xe1\xe2j\x81\
3\xf1\xe1\x14\xc3\x09\x1f\xceK&\x13\xc71y\x991\
\xeb/\x9f\x7f\xfe\x89}\x8b\xb5\xedyK\x99\x94\x0aW\
O\xbe\xf0\xc2 \xf1\xd85\x15\xd7\x7f\x8f\xe7\xfb\xef\xe6\
\x9cc1j\xf2L\x00'\xda \x18\xa6\x1c\x0e\x00\xc2\
)\x14s\xbce\xb3\x1f\xd9\xabR\xb4GP\x80\x0bW\
\xe4\xc4q8Q\xa2S\xf5\x04\xe0\xb0\xa9\x10\xa6s\xa1\
\x0f\x87C\x1be\xa3Y\x223MD'/\xcd\x8f\x99\
1\xa2\xb8\x81i\x15\xbe<x\xe7yX-\xa0\x18\x0e\
UJ\xcf\xf3JI'\xf1\x9cm[\xf7Z\x96\xf1\x95\
l6\x1b\xd7\xc3\xcd\x11\xc9\x89\xcd\xdc~\xfb\xed\x98e\
\x92\xe8[\xb2\xf2C\x8c\xf3\xdf\xa0\x9c\xae\xe2\x9c\xf7\x9e\
\x09\xe0De\xb7\x89\xc9\xc5L\x98\x80\x8d\x00'\xcat\
\x10p\xaa\x10\xb5\xe6i\xd4\xe73\x0b H b\xe0\
\xbb\x5c\xa9\x8a\xc0\xf7\xe8\xd8\x98\x08z\xeba\x01\x042\
\x02\x0e\x13\x98c\xc0\x9d9\xc3U*\xd8\xe5\xba:\x9e\
H8\xdfv\x12\xc6=\x9c\xf3\x0d\x9d\x9d\x9d\x93sy\
\xbd5s[-\xc9pj\x016lx\xe6R0\xd9\
\xeb\x19\xc0Os\xce\xae\xe3\x1c\xbaq\x08\xa9\xde\x12K\
\x9a\x81A\xcb\x9e@h\x14\xa0\xc2\x7fX\x81-\xf2&\
m\x01\x101\xb4=x\xb5\xcep\xc2\x87S\xed\x10j\
Q\xf0\x19\x9d\x97%\x0e\xe5\xbe0Y\xb9X\xaa\x08\xc0\
\x8dOL\x0avS\x80S\x15\xe4\x22\x0e\x87\x0c\x17\x1c\
\x8f\xfa\x5cq\xe0\xfbtD\x93\x8a_\xad\xba\x87M\xd3\
\xfc\xbbD\xc2\xbawzzz\xef\xca\x95++\xcd\x04\
\xc9\x5c\xee\xab\xa5\x01\x17\xb0]\xb6w\xc9\x8a_\xe3\x00\
\xefa\x9c]\xc29\xef\x02\x00'l\xafz\x12\xc0\xa1\
\xb9\x88\x17>\x8e\x8d\xc6\x14!\xc6\x19Z\x96u&%\
\x82\x0d}8\x95!\xa2\x1by3\x0a>\x15\xe00y\
\xb9P\x80\xa9\xe9\x82\xc8\xa7\xcc\xe5\xb2\x12p\xc2\x5c\x95\
`O$,\xc0\xd9\xe2\xd1\xa1\x8d1\xe0N\x07p\xe5\
\xa2\xeb\x96w\xf9>\xffT\xa94}\xff\xba\xb8/\xe5\
\x5c\xe2\x7f\xe6\xb6PH\xe1vv\x95\x09\xc6\xe5\xa6E\
\xde\xeaSz\x9d\xef\x0b!\xa5\x96\xfau\x02\x86S\x80\
C\xbf\x0d\x91\x86C8Tf\xbf\xf2\xe1\x10\x10r~\
\x9c.\x9c\x9c\xd8\x87\xc3:\xad\xf1\x89i(\x14\x8bb\
\xb8\x07\x16\xa1\x22\xe8t\xc0\xa9\x01\x90\xb8]}\x86\x5c\
\x0c\xb8S\x07\x9c\xe7y\xafU\xab\x95g\x8b\xc5\xf2\x97\
>\xf9\xc9O<y\xc7\x1dw\xe0\xd089\xbeh\x11\
>Z\x9e\xe1B!\xe5\xa5\x97\xfa\xa0\xe2\xbd\xc1\xf3\xf8\
\x1b=J\xdf\xcc9_\xca\x01\xba\x82\xe9\x00A75\
\x99,RgRZ\xa6`\x19\x95\xcf\x88\x05\xa3\x94*\
\xf1D\x8a&\x98e\x22\xbbx\xc9n[\xa7\xc2p\xd8\
\x15xt|\x12\x8aEl\x97\xe7A:\x93\x96\xbdM\
4\x86\x13!\x87 _\xb3~&]\x5c\x0fw\xaaq\
8\xcf\xf3\xb6\x14\xcb\xc5G\x0f\xec;p\xfb\x1b\xdfx\
\xfd\x8b\xe8>\x8b;\xe7\xcc/\xa1c\xb7:\x06\x17\x0d\
\xe0n\xbf\xfd\xf6D*\x95\xcag\xda\xba\xd7:\x8es\
\x95\xef\xb3\xf7P\xca\xdf\xc4\x81\xdb\xc8v*\xf5p\x06\
\xe0\xd0\x87\x13\xfd\xff%\xcb 3\xa1?\x87\x96e\xc8\
pg\x02\xb8\xaa\x07\xc3\xa3\xe3\x82\xdd0\xcd\x0bUJ\
\xd1\xbdK\x03\x1c*\x95\xb8O\xd5\x919\xf6\xe1\xb4[\
\xd9)\x06\xbe\xa7\x8b\xc5M\xc7G\x8e?\xf4\xe2s/\
\xdc\xff\xd1\x8f~\xe4\x95\x00p\xc8p\x08.\xfc\x8e\x00\
T\xdf\x15\x10[\x16w\xad\x0e8\xb4\x03\xa5*\x22M\
H\xf33\x9f\xf9B\xd7\xf2\xd5+\x06;\xda;o\xb2\
m\xfb\x0d\x00d\x1d\xe7\xb0\x04]\xa6@'\xa9g8\
\xec\x8c\x8c\xdd\xb3\x10p\xa6)+\x89)~\xc9\x1e4\
g\xccp\xd8badL\x94\xe8 \xa3&SX\xdd\
\x9d\xac\x03\x9c\xda\xb6\x08\x84\x87SR\xa3\x03Dt>\
U?\xc7\xc9\xcb*,0>9\xf9\xe0\xbe\xfd{\xef\
\xdb\xfc\xf8\xe6\xc7\xff\xe8\x13\x9f\xd8\x17\x80+\x0a8\x1d\
t\xeaoQ\x16l\x09\x10\xb62\xe0\xf0\xd80<\xd0\
\xe8\xcb\xf8\xc2?\xff\xf3\xc0\x9a5\x17\xafKX\xc9_\
\x02N\xae\x05\x02m\x00\xdcR\xd2\xbe\xaeR\x8a\x8c\x8f\
 \xb8\x8d\xab\x8e\x80C_\x0eo\x92g\x0d8\xb7*\
bn8\xd8\x03\xf3)u\x86S\xdb\xc6\x008\xfa\x92\
\xe1\xa0\x0f]\x89it\xa7\x17jh\xf8_\xa4\xb4'\
z\xdd\xa8X]\xed\xf9\xbaR \xad\xe5zm\x8b\xf5\
\xd3^k\x87\xa3\x050\x82'\xb5\xb0d\xadz\xa1F\
\xd5\xe2'\xedP\xe7l\xc6\xb7\x02\xdc\xd8\xd8\xd8][\
\xb7n\xfd\xe1\xfd\xf7?\xf0\xd2\x97\xbe\xf4wG\x93I\
\xa0\xd8\xafI\xec\xb8\x0c\xcc\x00\xa0\xc5\x1a\xc3\xe1IU\
\xe0C\xe0\xe1\x97<\xd1-bn\xb6\x12\xe0\x14\x8b!\
\x93)fC\xb0\xe1\xcfV\x16\x93\x99\x01\x8cb\x00\xc0\
w\xbd\xeb\xbd\xe9\xcb\xaf^\xdf\xb5\xa4\x7f\xc5\xc5\x9d\x9d\
\x1d\xeb\xf2\xf9\xdc\xfaT:\xb3\xd2q\x9c!B\x08V\
\x95\x8a\x9e\x96\xa8>\xe2\xc5.\x82\xdb(\x8a\xe0Y\x08\
Jk\x84b)F\x11\x9f\xbeJ\x89\xa5\xff\xc8p8\
\x11\x15\xdf\x9f@\xc0au\xb7fR*\xc0\xa9\x99t\
\xca\xac\x8dE\x93S\x11M$\x94\xc7\xc7\xc7\xeez\xf1\
\xc5\xadw\xdfu\xd7\x9d;\xbe\xf2\x95/\x1f\xd7\x18N\
\x01\x8a\xa6@\x02\x8f\x00\xd0B=\xe0\x10|Q\x00.\
\xa8\xe0\xb2\xd0\x80\xab)\x14\x81\xc9\xa81\x9a\x02\x9e\x99\
\x01\xb0\x18\x80\xc9\x93\x82\xed\x8cJE|W\xa6\xa6\xfd\
\xa1\x0f}d\xd9\x8d7\xbe\xe9\xba\xbe\xfe\xfe\xcb\xb3m\
\xf9u\x96\x99\xc8\x99\xb6\x995\x0d3e\x9a\xa6e\x99\
\x16A\x89>\x9c\xed\xcd\xb90))\xe7\xc0\x19\x0br\
)O/\xf0]\x03\x9c\x07\xa6%\xfd4,\xc5i\x04\
8\xa1\x82\x22\xf0m\xcc@\xa9/Fm(\x1e\xc4\x0c\
\x17\xd2\xf5\xc8\xc8\xc8\x9d\xcf<\xf3\xec=w\xde\xf9\x9d\
]\xdf\xfc\xe67G4\xc0\x85`\x0aX\x8f\x22\xe3\x95\
\x1b\x03N\x81N)\x9c\xba\xb9\xd9TSs!\x01\xa7\
\x00\xa3LF\x050\xe1\xabe\x01ld4\x9e\x06\xa3\
T\x02d,\xc5v\xea\xf5\xa1_\xb7j\xf9\xaa\xcc\xda\
u\x97t\x0e.\xe9\xed\xea\xee\xe9\xeb^{\xf1\xa5k\
\xbbz\xfa\xd6\xa62\x99\x8b\x12\x89D\x87i\x9a\xb6\x00\
D\xe0G\xe1\x1bQ\xe8@\xf1\x04\xbfT\xf2\xf2\xe9\xe4\
R\x9e\x09\xe0P\xb5D\xe0\xe9!\x82\x18p\xb5K\xb0\
>\xe6)\xf5\xe7\xbd{\xf7~\xff\xee\xbb\x7fx\xf7C\
\x0f=\xb8\xff\xe1\x87\x1f\x9e\xb0\x01\x98\xd7\xd8\x84\x14\x00\
L!\xe0R\xc0\x8c\xb2`<\xa61\x9e\xcevQ\xa1\
\xa5i\xa0[(\xc0\xe9&\xa3\xee\xa3\x09\xd0e\x01L\
\x16\x98\x90\xc8j\x01\xa3\xe9\xc0T\xe0\x13\xe0\xc4\xf7X\
\x00f2i%\xba;:R?\xfd\xbe\x0f\xac\x5c}\
\xf1\xba\xd5]\xdd\xbdk\xda\xda\xf2C\xd9l\xae/\x9b\
I\xe7S\xa9TZ\xef\xa0\x85\xa6%\x8a(gR\x0f\
w&\x80C_O\x00\x0e[0\xcc\xf0\xad\xb4\x0b/\
f\xb804\xb3c\xfb\xb6;\xfe\xf5\x1f\xbfx\xe7\xd3\
\xcf>;\xbc\xed\xe5\x97\x8b\x16\x00\xf3k,\xa6|6\
\x05&\xf1=\x99\x04F*\xd2\x94<\x01\xe3\xe1\xdf\x95\
\x7f\xa7\x84\x96y\x07\xdeB\x00\x0e\xf7\xd9\x88\xb1\x04p\
2\xc8jh>\xa6\xc0\xe0\xbc\x0el\xea=\xe2uv\
\xe0\xcby\xd2\xb4\x0cAkY\x96\x95\xcb\xe5\x9c\xde\xde\
\xdeT\xdf\x92%\xf97\xbc\xe1\xa6\xb5\xeb/\xbb\xec\xda\
%\xfd\x03\xab\xdb\xdb\xdb\x07\xc5\x05\x1fI\x1f9\x93\x9e\
&\xa7\x0b8\xd5HH\xd6\xe0i\x01\xf6X4\x09/\
\xf2hV\x0f\xe6\x9b?\xbf\xe5\x89\xaf\xfd\xe1\xef\xfe\xfa\
w\xf7\x1e\x1b/\x1d\x1f+\xba\x81\xf8Q\x07\xb0\x008\
\xba\xaf\x162X*%\x81\x87\x8c7\x8b\xb8\xa2\x0b-\
\xf3\x1e\xc7k6\xe0\x94\xd9X\x07\x1e\xc5R\x19\x04\x9a\
\x04\x9c\x00]\xa5\x06$\xfd\xf5Q\xd3Rg;|\x9d\
\x10L\x1c\xc713\x99\x8cs\xe5\x95W\xf6\xae[\x7f\
\xf9\xb2\xa1\xa1\xa1\xfe\xde\x9e\xde\xbe\xb6\xf6\x8e\xee|.\
\xdf\x9e\xcd\xe4\xb2\x8e\x93\xc8\xda\x09;\xd3\xf8\x8c\x9f8\
\xd3\xe4t\x00\xa7\xa7\x8d\xc9d\xea\x18p'\x0b|\xfb\
>s=\xdf+>\xb9\xf9\xd1;~\xfb7\x7f\xe9\xde\
\x89\xb2[-\xb9\xd4\xd3|8\x1d(\xba\xb9\xa8\xb3\x9e\
\x88\xcf%\x01\x18\x0a*hb\x96$;\xaa\xaf\xe86\
\x94\x103oL\xd7L\xc0)&j\xc4n\xc8l\x12\
l'f\xb6\x90\xdd\xbcz0F\x81\x1c\x0a.\x8a\xfd\
z:\xdb\x93\xcbW,k{\xd3Mo_\xbdf\xcd\
\xc5\xcb\x06\x07\x87\xfa\xda;\xda\xfb\xd2\xe9l\xafi\x1a\
\xc40\x0c\xfc\x0f\x07@\xa2\xba\x19\xf6J\x9e-\x97\x12\
Ks\xb0,G\xa8\x94\xa6)\x14\xca\xd9D\x135\x96\
X\xc6\xfdd\x1a\x99\xacZ\x98E\xad\x8bMJ\x9c\xef\
=15=}t\xc3C\x0f\xdd\xf3\xb1\x8f\xfd\xfa\xa3\
\x11\x16S\xe6\xa0`/\xf4\xeb\x10D\x81o\x87 \x9a\
\x01:\xc1te\x01<\x1dt:\xe0\x9a\xc2t\xcd\x02\
\x5c(pD\xe2j\x82\x8d\xea\xc0V\x0e\x99M\xf9g\
\x082\xc1\x5cv\xa0dj`k\x18\xa3\x8b\x0a,\x98\
\x97l\xdb\xb6\x9d\xcfd\x93C+.\xc8\xf7\xf7\x0f\xe4\
\xba\xbb\xbb\xd3==\xbd]]]\xdd=\xfd\xfd\xfd\x99\
\xee\x9e\xde\xb6\x8e\xce\xce\xfet:\x93O&\x9dd\xd0\
\xa0o\xd6\xf2\x1c,\xfd\xc7\xc2S\x04\x1e\x06\xb6O\x04\
\xb80$\x11\x80L\x81-\x06\x5cX\xe7!\xe3y\xda\
\xd5X(\x96\x0e\x1f=v|\xc7\x03\xf7\xdd\xfb\xf8'\
?\xf9\x89\x1f\x07\xac\xd4\x88\xd5\x94\xf2\x18e\xadh0\
\x5c\xfav\x04h\xb9,\x00\xd9h[:S\xce\x0b\xcb\
5\x13p\x8d\xc0!\xd8.=\x93\xd9t\xb0)\xc0\x99\
\xe8\xb7\xa1\xa9\xe9\xd7\x07\xc3\xd5ku\xe6\xac{?\x02\
\x8e\xd2\xfa\x00\xbam\x80\xd5\xdd\xb7$\xbbd\xc9\xd2\xb6\
\x8b/\xb9\xa4\xed\xc2\xd5\x17v\x0e-_9\xd0\xd9\xd5\
\xd9\x99\xcb\xe5\xb2\xb6i[\x86aX\xa6IL|\xe0\
\xcf\x22h\x8e\x91\x04\xdfc\xae[5\x0ae7\xc98\
\xb1\xb0\x15\xde\xa9\x00N\xaf\x1a\x88\x19Ne\xd5\xccP\
)9c\x8c\x8f\x8e\x8e\xbd\xf2\xc2\x0b?~\xfc\x81\x07\
\xee\xdf\xf1\xaf\xff\xfae\xec_\x12\xf5\xdbTP[\x7f\
>\xfa\x9cJ\xf9\x12\xe0S\xe1\x83S\x04\xdc\xbc\xf8s\
\xad\x0a8\x1d\x9c\x82\x05\x11\x98\xa7\x08\xb8\xa8\x82)\x5c\
\xa8\x08\xe0,\x19\xabv\xacD\x22\x89\xbe^2\x9b\xcd\
'rm\xb9Doo\x7fz\xa0\x7fi\xb6\xb3\xb33\
\x9do\xcbe\xc4#+\x1e9\xc69\xf1\xab\x9e7>\
>V\xa5\x94[K\x06\x97-Cw\xf0d\x80\x0b\xa7\
\xa2\x06!\x810\xd3ZK\xfd\x08U\xcb\xba\xcc\x0d\x95\
E2\x9bt\xaeg\xa3\x9c\x1b\x99&\x9cs\xe6\xfb~\
\xf5\xb5]\xbb\x9e\xfb\xd2\x17>{\xf7\xb3\xcf\xbfpl\
\xc7\xce\x9d\x13\xa7\x008aZz3\xfd\xb3\x19\xf1:\
R\x06\x8a\x81\xf2B=\xcb5\xcaR\x99s\x96ku\
\xc0\xcdP&O\x91\xe1\xea\x84\x95F\x0cg\x18\x80I\
\xcfA\x00\x1dEOa\xb6B>\x9f\xb7\xbb\xbazR\
\x1d\x1d\x1d\xc9\xf6\xf6\xf6d&\x93\xced2\xb9t\xae\
-\x9f\xc2\x8c\xe7\xaa\xeb\xd1Ba\x9a\xa5\xd3\x99\xd4U\
\xd7^\xbfr`\xe9\xd2\x9e\x5c\xae-\x93L&\x8c\xd9\
|8\x91i\x12\x0e\x7f\x8c\x03\xdf\xb3u\xed\x02\xe0\xb4\
Zu\xa7\x8f\x1e=z\xe0\xf9g\x9f\xfd\xf1g>\xfd\
\x17\x8f\x1d8|\xa8P,V\xb0\xe0\xf4d\x0c\x87\x80\
C?.\xfa\xbaF\x80\xc3\xcc\x14\x7f\x16\xc0\xe1\xebU\
bt\x0c\xb8\x93\x00n\x86X\x82\xa0\x8a\x02\xce\x00\x11\
\x0a\x13\xa6*\x15\xa0\xab\x01\x0e_\xcf\x18C\xf0\xa1\x90\
\x827$G\x81Q\x05\x87\xb2\xd9t\xe2\x82\x0bV\xe5\
n\xb9\xe5=\xcb\xd6^|\xe9P\xdf\x92\xa5\x83\xa9T\
\xd2:Y\xa6\x09\x06\xde\xa3\xc5\xa8q\xe0;\xbc\xe7\xe3\
\xdcEw||\xfc\xd0\x83\x0f\xde\xbf\xf9\x81\x07\x1ex\
\xf9\xde{\xef>P\xa9TP\x99l\x04\xa2F&e\
\x9d\x98\xa2U\x11\xd4\x99\x94D\xe6`\xea\x80\x8b*\x97\
\xf3\x96{\xd9L\x86\xd3UJ\xdd\xef\x12?\xa7\xd3x\
\xa1\x83\xa5\x05\xb9u?,\xea\xa7\xe9&\xa7\xda\xee\x8c\
m*ST\x81\x0e\xbf+\xd3\x12A\x07\xa8\xd0\xe3s\
\x82\xdd\x84\x8f\x16\x9a\xa3\x8c1\x9d%U\xb8A\xac\x97\
m\xdbfgg\xa7\xb3~\xdd\xfa\xf6K\xd6_\xd6w\
\xe1\x9a\x8b\x87\x96\x0e\x0euv\xf7\xf4\xb4\xe1l\x015\
UUO\x8cV9\x9d\xf5U\xe5z\xcb\xc6\xf33\xf0\
\x8d\x5cR*\x97\xc7\xa7\xa6\x8b\xc7\x0e\x1f\xdc\xb7w\xe7\
\x8e\xad\xfb\x1e{\xe2\x89}\xcf?\xff\xfc\xc8\xab\xaf\xbe\
:E)m\x14\xdc\x0e\xf3(\x1b)\x92\x8d\x00*\xfc\
\xb7J-<P\x94\xe6d\xc3\xc0\xf9|&:7\x0b\
p\xca\xd9\x88\x8a!z\xf6\x88\x9dJ\x81U.\x87\xe2\
\x86\xceV\xb3\x01NO\x07k\xf4\x9a:\xc6k\xc0t\
x\xfd\x1b\x12p\x02t\xa2\xb6N2\x19\xb3\xf0\x06\x10\
\xb0\x9ahjT\xfb\x1b\x08%%\x93I\xd9k\xd6\x5c\
\xd4~\xc5\xd5\xd7\xf4\xaf[w\xd9\xc0\x8a\x15\xab\xfar\
\xb9\x5c\x22\x9dJYvB\x88.\x18c\x90\xa1\x00\x91\
D\xdd\xa0\x1d\xdfy\x18\xf8\xc6\x0b\x1a\xe7v\xfb\xbeW\
\xf5\xab\xd5\xf2\xf1\xd1\xb1\x03{\xf7\x1c|\xed\xa1\x1f\xdd\
\xb3\xed\xae\xef\xde\xbe\x7fd|\xb2R\xc1@\xe7\xec\xcc\
\xa6W\x02P4%\x83\xb0\x80\xaeL\x86\xaae\x12c\
p)\xa0\xc8l\x18\x16(6\x8e\xc3)\xb5s^\xb3\
N\x9a\x09\xb8(\xe8B1D\x0f\x15 \xe88\x0f\x99\
.\x9aoY\xf7\x1eL\xe7\xf2\x1b'=\x9fP\xb1<\
1\xd3)#\xaf\xce\xcc4\x18c\x088\xb5^\xb6\x88\
_\x13\xd3\xc8\xb7\xb7\xdb\x9d]]\xc9\x81\xa5\x83\x99\xa1\
\xa5Cm\xd7^\xf7\xba\x81\x0bV\xaf\xee\xed\xe9\xe9\xed\
H$\x1c[\xc4Cb\xc0)IR|\xa7>\xa5S\
\x85\xa9\xc9\xe1#G\x0e\xee\xda\xfe\xc2\xf6]\xbb\xf7\x1c\
z\xf1\xe5]\xc7_y\xe5\xe5\xc9\xdd\xbbw\x15=\x8f\
z\xb30\x9b.\xdb\xab\x18\x9c\xee\xb7\xcd\x90\xfa\x952\
\x19\x01\xdb\x89Xs^\xd4I\xe5\x0c6\x1bp'b\
:\xc1P\x99\x0cX\xac\x08V9\x144\xeaS\xb7\xf4\
j\x02T-O\x10\x00o\xe4\xcfEc{\xe2w\xc4\
\x83nN\x06\x8b\xa3\xccL\xb1\x1d\xcd\xc4\xc45S\x22\
K\xc0\x86\x80\xf5pVwg\xa7\xf3\xe6\x9bo^z\
\xc9\xc5\x97\xf6-]:\xd4\xd1\xd6\xd1\x9e\xcef\x05\xe3\
9\xa9t:\x91J&\x13\xb6\x85\xc4\x17\xbe\xadq\xcb\
\xefs'\xf0\xcd)\xa5\xcc\xf3P\xdb\xad\x96\xddj\xb5\
Tu\xddb\xa9X(\x8c\x8c\x8eM\xec\xdd\xb3\xeb\xe0\
\xa3\xf7\xdf\xbds\xeb\x8e\xed\xa3;\xf7\xee/`\x01G\
\xc4\xef\xd2ck\xba\xc4\x1f\x02/\xa2LFC\x04\x14\
\x03\xde\x9a*Y\xc7\x8c\x1a\x83\xaa\xe7\xe7\x15l\x9a(\
=\xe7b\xcc\xc96\xa8\x98\xab\x91\xdfU\x8b\xcd\xc9\x92\
\x1cU\x8e\xd3\xa8Z \x8c\xd1E\x02\xea\x0alz\xde\
\xe6\x8cp\x81&\xa8(\xe6\x14\xc9 !)I\xffN\
\xbd/\xf0\x15\x05\xf3\x89\xe3\x0f\xc4\x15\x81\x1e\x99\xa8b\
\x18\xd9l.\x9d\xcf\xe7Rmmm\xc9\xf5\xeb/o\
\xbb\xf2\xaa\xab;\x96\x0d-\xef\xea\xef_\xd2\xd9\xd1\xd9\
\xd1\x9eL&\x1d4/\xc3\xc79lR\xa2\xe5\xe8\xba\
\xae;111q|d\xf8\xc8\xa1\x03\x07\xf7\xef\xdc\
\xb1}\xdf\x8b\xcf?sxxl\xa28<:Z\x19\
9~\xdc+\xa1\x01Y\xadV5u0\x1a\xcc\x0e\x81\
\x18(\x91u\xf1\xb5\xc0\x17S\xa6\xe0\x89\x04\x12\x05,\
=ELm\xebd\xd7\xec\x9c\xfc}!\x18NgW\
\x95\x81\xd2\xd0\xb7\x0b\x12\x99\x8dR-\xd0\x1d\x15R\xa2\
\xefS\xbf\xcf\xf6]\x07\xadx\x8d\xe6\xd7\xe1\xefaF\
\x0c\xa6;r.\x8b_\xb5\x82X\xc5zx#\x16`\
fL\xf9|2V\x88_\x98@\xed8\xb6\xb9l\xd9\
\x05\xe9\x0b\xd7\xac\xc9\x0e,\x19\xc8\xf4\xf4\xf4dz\xba\
;\xb3]]]YL\xe7\xcc\xe6\xf3\x99\x5c&\x97J\
\xa6\x93\xa9D\x22ac\x1d]\x9d\xd9!\xceLK\xc6\
\xe10\xf4\xcf}\x8a\x86!\xf3|\xcf\xf3\xaa\xc8_\x9e\
\xeb\xfa>u)\xa3.\xf5\xbc\x8a\xebV\xdcJ\xb9T\
*\x14\x0b\x85\xb1\xb1\x89\xa9c\xc7\x8eM\xec\xdf\xbf\x7f\
\xfc\x95\x1d\xdbF\xb7n}q|\xba$@\xa6$x\
%`\xe8}Jfd\x8a\xcc\xc2~\x0aD\xfaw\x9a\
\x06\xf0\x83\xa2T6=\xbb/\xd8\xf4\xba\xb8\x85\x04\x9c\
~\xc7PJc4\x1bE\x9a\x99*\xa1yf\x9e\xa5\
\x0e\xacP@\xd1*\x09\xa2\xac\xa6\xc0\xa3\x8b-\x0d\x03\
\xe5*\x04\xa0\x05\xcc\xd1\x10D\x91E\xd1\x13\x09\xc4\x16\
\xb5\x86Jt\xd1?W\x18bHX\x06\xe9lK\xd9\
\x97\x5czy\xc7U\xd7\xbea`\xf5\xea5=CC\
\xcb\xbb\xba\xbb\xbb;\xb2\xb9l\x1a\x192x\x88\x14'\
\x9c\x8f\x87\xad\xfddj\xa7\xe8\xd6\xc2\xe57\x0cW\x88\
\xce\xed2\xdfS\xa4\x8b\xd5\x9c\xcb\x99\xb9h\xfa\xdf\x94\
+\xa5z\x14\x88\x046^\xd7bA\xb4\x84\x17\x0f\xd9\
\x1c\x1e\x0b\x07U\x9fx\xf9+C\xa8y^\xb5R.\
WK\x85B\xa1\x5c(L\x17'&'\xa6\xa6\x0b\xd3\
S\xe5bqrddd\xea\xc8\x91\x83S\xaf\xee\xdc\
>\xba\xfb\x95W\xa7\x8e\x8d\x8f\x97+\x15\x01.\xe1\xc2\
E\x1a\xff(\x86\xd1\x8bCu\x06\xc3.Qz@[\
\x7f\xbd\xda\x16n\x97\xa5R\xc0\xd0|\xc4D\xe5@\x85\
T\xa0\x8d\x9a\xa3\xf3*\x8c\x9c\x88\x0a[\x05p\xca\x94\
\xd3M\xcd(\x9b\xe9\xc0\x10\xcc\x93\x94\x15\xe0\xa4R\x09\
\xd9%\xea\xb7\xd5\x01K\x13Y\x1a\x025\xe2\xc7EA\
)\xf6e\xe2\xf5kJ\xb3\x13\xc5\x1d\xec\x9e\x1e,p\
h\xc6b\x13g\x8d\x15\xa5\x89\x8a\xf5z\x09\x8bt\xf5\
\xf4:\x83\xcbV\xa6zz\xfa\x92]]\x9d\xc9\x0c\x9a\
\xa0\xb9|2\x93\xcb'\xb3\xe9t2\x9dI'\xe5\xf8\
\x01\xc3\xc0\x9cN\xdbN$-\xcbv\x92\xc9\xa4\x9fL\
%='\xe1$,\xcbJ0\xc6\x1c\xcb4\x0c;\x91\
\xe0\x22\xf5\x0co\x05\x9a\x8cJ\x19e\x942\xbc\xf8\xe4\
Cs\x1b\x05\x04E\xb1;\x13%\x81\xfa\x05\x82o\xf3\
\xa9\xefW=$ \xd7u\xcb\x95\xaa\xeb\xb9\x85j\xa5\
2]-NU\x8a\xc5Be\xb2Xq+.\xf2\x9a\
W\xadT\xca\xb4\x5c\xaex\x85B\xc1-\x95\xcan\xa5\
Rq\x0b\x85\xc9\xea\xc4\xc4Dud\xe4Xell\
\x0c\x81\xe9\xa3/\xa7\x95\xd6\xe8\xb2\xbe\x0e\x0a\x0c\x80b\
\xbd[\x1d\xe0\xa2\xf1\xb4\xa0\xe6\x8dBEV\x00\x94\xe5\
\xeb\xa3\xdb\xd4\x85\x11\xc5d\xea\x18\xe6\xddW\x9b\x0dt\
\xad\x04\xb8(\xe3\xe9\xe0\xd1/`\x05<+\x9d\x96\xb2\
=\x9a~\xe5r\x1d\xe8\xa2\x22\x88\x00\x18&?{\x81\
\x8f\xa6\x81+j\xd6*\xd32\x0a\xf0 +E\x1c\xa6\
n\x8a\xaa\x9b\x84\xb2\x01\x05[\x0ba\xb2vK\xd7}\
D\xf59\xd5\xfb\xac\x5c\xae-10\xb0,\xd5\xdf\xdf\
\x9f\xee\xea\xe9\xc2\x22YbZ\x96\xd1\xd6\x96Og\xd3\
\xd9\x94\x93J\xa6\xd2\xe9\x8c\x9f\xc9\xa6\xab\x99t\xceq\
lL\xae\xe6I;a\x1b\xe9\xb4\xc3,|\xb1\x81!\
\xc5\xdaC\xc8\xeeTtJB\xf8\xce\xb8\xc08\xe3\xe0\
SF9\xe5\x0cYN\xbd\x13\xdf\xe3\xbaU\xafT*\
T\x0a\xc5\xe9\xca\xd4\xd4Tebl|rtxx\
b\xec\xc8\xee\xd2\xe1C\xfb+\xbb\x0e\x8eUJ\x95\x8a\
o\x9a\xb5\x1e\x91\x94\xce\x00\x89b3\x1d\x0c\xb8\x9f:\
\x80E\x8a@\xf5\xf4\xac\xa8\xa9X\xc7V\xe94PR\
\x92q\xb5B}\xbb<\x05\xd6(hOD<M\xfb\
[\xab\x02N]\xbc\xfaE\x1c\xfaW\xbaR\xa9D\x0e\
\xf5=\x15\x08-\xf8\x9a\x06\xcc\xa7\x83+\xca~F\x10\
b\xd0}\xb9\xe8\xcf\xfa{\xf4\x9f\xa3\x0c\xadLd\xb1\
\xbe\xe8'F9\x06\x7f\x0f\xccUb\xdb6q\x9c\x94\
\x99J9F\x22\x952\x0c\xce\xc5x\x9fd\x22A\xac\
D\xc2\xc0Dj\xd3$\x04\x13@m\xc7\x01\x03\xa7\xf3\
\x10S\xd8\xa0\x86e\x80%\x04\x1b\x152\x94\xd7\x8eh\
\x07\xc8%\xab\x10B\xeaXL\xbe@\x99\x8b\x8c\x1b\x86\
A\x15\xe8\x90\xf4\x90\x8d\x5c\x94\x16+\x1e\xadV\xcb\x0c\
\xb3=*\x95J\xb5R\x9c\xc6\x9fi\xb1R\xa5\xf8\xd0\
D\x0e\xe5{\xa9\x8b\x5c\xff]\xb1J#\x86\xd3\xc1\xa1\
\xc0\xa8\x80\x15\xb2\x92\x1e\xb4.\xcdd2}\x1b\xfa\xcf\
\xe2^<\x9fA\xec3Ai+\x03.\xfay\xa2\xe6\
\xa6\x02O\x1d\x10s\x81\xbfW\x98\xc9dQ3/\x0a\
`\x1d\x5c\x8d\x80\x19}.\xba\x7f\xf5\xbb\xbaI\xa8\xed\
)F\xd4\x8d:Bihv\xea7\x97\xe8\x0d\x06/\
 \xb1]\xcc?\x03\x13\xf0}\xa7\xe3\x7f\xe8\xa6T\xa3\
\xebC\xfc\x1d\xdbuF\xda\x87\xf3@\xa2W\xcc\xa7\xfe\
\x1e\xed\xf5\x18\x05\x93\x0e\xb8(\xe8\xf4\xd7\xea\xe6_\xf4\
y\x9d\xc9\xc462\x19`F\x11\xe8\xf4L&\x8b\xb2\
\xa7\xda\xe7\x82\x99\x8c'\x03\xe1b\x02\x5c\xa3\xcf\xa2\xfb\
O\xd1`w\x1d@\xf4\x9a;%\xffi-\x1cf\x03\
c\x94\xd1H`\x96\xce\x066u<\xfa\xdf\x15\xfb\xe9\
\x80\xd3\xc1\xa8\xff\xac\x03N\xdd\xa1\xa3\xdb:\xd99U\
\x7f\xd7\x81\xd9\xe8N\x1fU\xe8\xa2\xaf\xd7\x7f\xd7/l\
\xb5}\x05\x0cq\x9cA\x11\xa8\x127\xa2@\xd5\x01\xab\
\x03\x0ck\xd4f\xeb3\x195)\x15\x98\xf5\x8c\x10\xb5\
F\xa7\xba&\x0b\xfe\xba\xc5\x0e8\xb5\x80\xfaE\xa9\x98\
P\xff>\x9b?\xa8L\xbf\x10XXy\x8a\x80\xc4\xea\
spd\x7fL\xd7\x0d\x83\xef:\xc0g3=u\x86\
S\xc7\x17\x02:0\xfc\xc2u\x0f\xccX\x1d\xa8\x8d\x18\
/\x0a\xc4\xd9.\x1c\xfd\xce\x1e\x05Y#\xd0\xa1H!\
\xde\xe37\xee\xd7\xaf\xb6\xa7\xb3\xd5l\xacW\xc7v\x8e\
\x130\xb1+\xa6\xfa\xb1J\xcd\x14\xd4YW7\x1f\x1b\
\x01LmS\xbf9\xe8\xcf-8\x80N\xf7\x00\xce\x15\
\xc0\xcd\xf6\xb9\x1b\x81Ng\xb3:\x16\xcc\x06\x0dh\xb9\
\x02\x5cZ\xc4\xe2\xc46\x82\x1cO\x1dL\x0ap\xfa6\
\xa2\x80\xd4\x01\x87\xec\xa8\x8e'<\xde@\xc4\x89\x9e\x87\
\x19\xaf\xd3b\x84':\xc7'27g\x00.`%\
\x01 \xaf\x06\xb8F\xdb\x88\x9an\x8aY\xf4\x8b\xbf\xee\
g!\xd1\xcb\xe8\x03\x0f\xc4\x0dlY7\x1bkF\xcd\
J\x1d\xe0\xa7{M\xb7\xf4\xeb\xcfu\xc0\xe9l\xa1\xb3\
\x88\xfe\xb9\x1b\x812\xca\x98\xb3\xf9w\xc2\x5cL\xd6D\
w\xf9\xbed\x08T\xfd\xe4#S\xeaJg\xdd\xdf\xb4\
0B\xf4\x82\x89\xb2\xdf\xe9^P\xb3\x09\x07\x8d\xfc\x1d\
\xf1\x5c\xc0N\xe1~\x88\x1b\xfax\xc8V\xbc\x5c\xcf\x86\
'b\xa1(\x83E\x81\xaa~\xd7\x99T7\x13[\xd6\
\x17;\xdd\x93\xa0\x9bbg\xfa\xdes\xed}\x0ax:\
s52O\xa3>\x15\xc9kQ.\xd1\x08)\x1b\xc6\
\xe6B`#S\x16\x8bu\x80\x8b\x82>\xea\xcbE\x01\
y\xa6\xeb\x1d53\xd5vf\x13\x18h6[\x1f\x9b\
#\x05\xc9L\x086\xfc\x9a\xac\x9f\xcf\xd6\xc8W\xd4\xcd\
\xc6(cF}\xc73\xfd\x5c\x8b\xf2}\xe7\x03\xc3\x9d\
\xee\x89\x99mMN\xf4\xbc\xfe7\x1d8\x0a\x9cu\xa6\
\xa5\xd6\xa6]g\xaf\xba\xd0\xb4v\xd0sq\x8et\xd0\
!\x00\xd4\xa3\x91?\xd4H<\xd1\x99Hg\xcc\x131\
P\xf4o\xe7\x1c[\x9d\xee\x85\xf5\x7f\xda\xb1\x83\x15\x04\
\xa1\x00\x88\xa2\xff\xff\xd7m-\x14\x86\xb8\xba\x90\xb3\x0c\
\xc6\xa9\x0e\x8c=;\x1e\xb7\xfe\xb9\xd65\xdf\x02gG\
\xbf\xdfg\xb1\xe3\xeb\xb3c\xed\x13\xa6g\x7f\xa6\x5c\x1d\
\xe3\xae\xb2\xc7\xfc\x13\x9f\xf95\xefQ\xdc=_\x83\xe1\
\x8b\x10\xb8[\xc0\xe0\xee\x16\xd6O ~>\x00J\x80\
\xc0(\xe0\x17n\x84\x12#P\x08\x18\x5c\xa1\xa8\x83\xc0\
(`p#\x94\x18\x81B\xc0\xe0\x0aE\x1d\x04F\x01\
\x83\x1b\xa1\xc4\x08\x14\x02\x06W(\xea 0\x0a\x18\xdc\
\x08%F\xa0\x100\xb8BQ\x07\x81Q\xc0\xe0F(\
1\x02\x85\x80\xc1\x15\x8a:\x08\x8c\x02\x067B\x89\x11\
(\x04\x0c\xaeP\xd4A`\x140\xb8\x11J\x8c@!\
`p\x85\xa2\x0e\x02\xa3\x80\xc1\x8dPb\x04\x0a\x01\x83\
+\x14u\x10\x18\x05\x0cn\x84\x12#P\x08\x18\x5c\xa1\
\xa8\x83\xc0(`p#\x94\x18\x81B\xc0\xe0\x0aE\x1d\
\x04F\x81\x0f\xf3}\xcc\xd5\x82\x8e\xb0\xc1\x00\x00\x00\x00\
IEND\xaeB`\x82\
\x00\x00d\x18\
\x89\
PNG\x0d\x0a\x1a\x0a\x00\x00\x00\x0dIHDR\x00\
\x00\x00\xbe\x00\x00\x00\xe6\x08\x06\x00\x00\x00k\xa9?\x07\
\x00\x00\x00\x01sRGB\x00\xae\xce\x1c\xe9\x00\x00\x05\
wtEXtmxfile\x00%3Cm\
xfile%20host%3D%\
22Electron%22%20\
agent%3D%22Mozil\
la%2F5.0%20(Wind\
ows%20NT%2010.0%\
3B%20Win64%3B%20\
x64)%20AppleWebK\
it%2F537.36%20(K\
HTML%2C%20like%2\
0Gecko)%20draw.i\
o%2F26.0.4%20Chr\
ome%2F128.0.6613\
.186%20Electron%\
2F32.2.5%20Safar\
i%2F537.36%22%20\
version%3D%2226.\
0.4%22%20scale%3\
D%221%22%20borde\
r%3D%220%22%3E%0\
A%20%20%3Cdiagra\
m%20name%3D%22Pa\
ge-1%22%20id%3D%\
22Ol49wHLHEEzDQ7\
GgZTRA%22%3E%0A%\
20%20%20%20%3Cmx\
GraphModel%20dx%\
3D%221434%22%20d\
y%3D%22956%22%20\
grid%3D%221%22%2\
0gridSize%3D%221\
0%22%20guides%3D\
%221%22%20toolti\
ps%3D%221%22%20c\
onnect%3D%221%22\
%20arrows%3D%221\
%22%20fold%3D%22\
1%22%20page%3D%2\
21%22%20pageScal\
e%3D%221%22%20pa\
geWidth%3D%22116\
9%22%20pageHeigh\
t%3D%22827%22%20\
math%3D%220%22%2\
0shadow%3D%220%2\
2%3E%0A%20%20%20\
%20%20%20%3Croot\
%3E%0A%20%20%20%\
20%20%20%20%20%3\
CmxCell%20id%3D%\
220%22%20%2F%3E%\
0A%20%20%20%20%2\
0%20%20%20%3CmxC\
ell%20id%3D%221%\
22%20parent%3D%2\
20%22%20%2F%3E%0\
A%20%20%20%20%20\
%20%20%20%3CmxCe\
ll%20id%3D%222%2\
2%20value%3D%22%\
22%20style%3D%22\
image%3Bhtml%3D1\
%3Bimage%3Dimg%2\
Flib%2Fclip_art%\
2Fgeneral%2FKeys\
_128x128.png%22%\
20vertex%3D%221%\
22%20parent%3D%2\
21%22%3E%0A%20%2\
0%20%20%20%20%20\
%20%20%20%3CmxGe\
ometry%20x%3D%22\
700%22%20y%3D%22\
100%22%20width%3\
D%22190%22%20hei\
ght%3D%22230%22%\
20as%3D%22geomet\
ry%22%20%2F%3E%0\
A%20%20%20%20%20\
%20%20%20%3C%2Fm\
xCell%3E%0A%20%2\
0%20%20%20%20%3C\
%2Froot%3E%0A%20\
%20%20%20%3C%2Fm\
xGraphModel%3E%0\
A%20%20%3C%2Fdia\
gram%3E%0A%3C%2F\
mxfile%3E%0A\xc4.A;\
\x00\x00 \x00IDATx^\xec\xbd\x09\x90\x5c\xd7\
u%x\xdf\xf2\xd7\xdc\xb7\xca\xda7\x14\xb6\xc2B\x90\
 \x05R$%\x90\x96\xac\xb5\xdb-\xc9\x90\xdbv\x8f\
\xddm\xbb\xc5\x09\xbb\xed\x96\x1c^z\xda1c8<\
\xd13v{\xebv8l)<1\xb2e--\x8c\
%\xb5([\xbbDQ\xa2H\x91\x04\x08\x92X\x88}\
/\xa0\xf6\xca\xca\xed\xaf\xef\x8d\xef\xfb\xff\x17\x12 @\
\x02$H\x89\xaeLF\x12YU?3\xff\xff\xef\xbc\
\xfb\xee=\xf7\xdc\xfb\x08t\x1f\xdd;\xb0\x0a\xef\x00Y\
\x85\xd7\xdc\xbd\xe4\xee\x1d\x80.\xf0\xbb X\x95w\xa0\
\x0b\xfcU9\xec\xdd\x8b\xee\x02\xbf\x8b\x81Uy\x07\xba\
\xc0_\x95\xc3\xde\xbd\xe8.\xf0\xbb\x18X\x95w\xa0\x0b\
\xfcU9\xec\xdd\x8b\xee\x02\xbf\x8b\x81Uy\x07\xba\xc0\
_\x95\xc3\xde\xbd\xe8.\xf0\xbb\x18X\x95w\xa0\x0b\xfc\
U9\xec\xdd\x8b\xee\x02\xbf\x8b\x81Uy\x07\xba\xc0_\
\x95\xc3\xde\xbd\xe8.\xf0\xbb\x18X\x95w\xa0\x0b\xfcU\
9\xec\xdd\x8b\xee\x02\xbf\x8b\x81Uy\x07\xba\xc0_\x95\
\xc3\xde\xbd\xe8.\xf0\xbb\x18X\x95w\xa0\x0b\xfcU9\
\xec\xdd\x8b\xee\x02\xbf\x8b\x81Uy\x07\xba\xc0_\x95\xc3\
\xde\xbd\xe8.\xf0\xbb\x18X\x95w\xa0\x0b\xfcU9\xec\
\xdd\x8b\xee\x02\xbf\x8b\x81Uy\x07\xba\xc0_\x95\xc3\xde\
\xbd\xe8.\xf0\xbb\x18X\x95w\xa0\x0b\xfcU9\xec\xdd\
\x8b\xee\x02\xbf\x8b\x81Uy\x07\xba\xc0_\x95\xc3\xde\xbd\
\xe8.\xf0\xbb\x18X\x95w\xa0\x0b\xfcU9\xec\xdd\x8b\
\xee\x02\xbf\x8b\x81Uy\x07\xba\xc0_\x95\xc3\xde\xbd\xe8\
.\xf0\xbb\x18X\x95w\xa0\x0b\xfcU9\xec\xdd\x8b\xee\
\x02\xbf\x8b\x81Uy\x07\xba\xc0_\x95\xc3\xde\xbd\xe8.\
\xf0\xbb\x18X\x95w\xa0\x0b\xfcU9\xec\xdd\x8b\xee\x02\
\xbf\x8b\x81Uy\x07\xba\xc0_\x95\xc3\xde\xbd\xe8.\xf0\
\xbb\x18X\x95w\xa0\x0b\xfcU9\xec\xdd\x8b\xee\x02\xbf\
\x8b\x81Uy\x07\xba\xc0_\x95\xc3\xde\xbd\xe8.\xf0\xbb\
\x18X\x95w\xa0\x0b\xfcU9\xec\xdd\x8b\xee\x02\xbf\x8b\
\x81Uy\x07\xba\xc0_\x95\xc3\xde\xbd\xe8.\xf0\xbb\x18\
X\x95w\xa0\x0b\xfcU9\xec\xdd\x8b\xee\x02\xbf\x8b\x81\
Uy\x07\xba\xc0_\x95\xc3\xde\xbd\xe8.\xf0\xbb\x18X\
\x95w\xa0\x0b\xfcU9\xec\xdd\x8b\xee\x02\xbf\x8b\x81U\
y\x07V\x0d\xf0?\xfb\xd9]\xac\xd2\xdc\xa4q\xbd\xc7\
j\xd3\xba\xa5\x81\xae\x1bv\x86S\x8d\xea\x81\xdf\xb4}\
/HS\xcet\x1a\x82!\x093B\xd71\x85\x0c9\
\xa2\x82q\xcd\x95\x00\xedF\xdbi1`M]'u\
\x22\xdd\x9a\xd0\xf8\xd2\xc9\xc5\x93\xad\x87\x1e\xfa\x98\xbf*\
\xd1\xf3\x06\xbe\xe87,\xf0\xa5\x94d\xcf\x9e\xddZ\x9f\
]M1Il\x8d\x18\x860m\xae\x01\xe5\x12\x02\xde\
l;\x9c\x10J\x820$A}\x89\xb7\x82\xb6.\xdc\
\xc0t\x03\x99\x96\x81\x97\x02\xe9\x9b\x84\x12\x0e\xa1\xb4@\
\xca\xb4\x902G)\xb5\x800\x0b\xff\x95a`\x83\x94\
\x9a\x00\x00JY\x1b\x00\x9a\xae\xef\xd7\x19\x85e\xce\xf8\
\x22\xe5t^\xe3\xfa4\xe8\xe6L\x08\xde,%\xb00\
\xe4\xf55\xef|\xe8\xa1\xee$x\x03L\x887,\xf0\
\xbf\xfd\xed\xdd\x5c\xf7\xaaE\xe6\xd3M\x81\x17\xae'\x9c\
\x0dY\xd9|\x9a\x10\x9a\x0b\xfd \xef8nAJ\xa0\
a\xe0\xe9N\xab\x9e\xf7\xdc\xb6\xe5\xb9\x9e\xe68\x1e\xf5\
\x9d6\xf1\x9c&q\xdaM\xe2{\x1e\x09\xfc\x80\x84A\
H\xf1x \x84\x10\x00\xbc/DHI\x82 \x04\xc6\
\xa8\xd44M\xe8\x86&5M\x17\xbai\x09;e\x87\
V:\xdb\xd4M\xf3\x04@\xf8]\xce\x8co\x19$}\
\xf0m?\xff\x1f\x16\x00@\xbe\x01\xc6~U\x9f\xe2\x1b\
\x02\xf8h\xdd\x1fy\xe4\xf7\x98\xd1\xa8V\x0d\xd3\x1c\xe2\
Fz\xb4\xdeX^\xdb\x5c\xae\x8f\xd4\x17ke\xcfm\
\x95d\x10d\x09#\x9a\x14\xc4\x10B\x18A\x18X \
\x04\x11B0\x11\x06\xa6\x10!\x0f\xc3\x90\x86\xa1\x00\x11\
\x06\x10\x06>\x04\xbe\x07B\x08\x05S)\x011\xaf\x9e\
@\x09PB\x150$H`\x8c\x01g\x1c\xb8\xc6\xd5\
k D![H\x12PJ\x97\x0c];o\xa6\xd3\
\xa7\x0d\xcbz\x9ei\xd6\xa3$\x14\xcf\xff\xc4\xbf\xff\x9d\
\xe9U\x8d\xac\x1f\xf1\x8b\xffQ\x06>}\xd7\xbb\xde\xa5\
\xed\xd84\x92\xcbU\xca%f\x15{\x0aim<e\
\xb0\xf5\xa6\xc17I!\xb6z\xae;\xdc\xa8-\x83\xeb\
\xb4\xc1s\xda\xe0\xbbm\x08=_\x86\xbe\x072l\x13\
\x10\x02\xa4\xc4\xa7\x04\x89\xafcC\xac\xc0\x8d\xc0\x0dC\
\xa0\x94\x02e,\xfa7~\x12\x1a\xfd\x8c\x87\x04\xa1@\
p\x03\xa3\x8ch\x9cQM\xe7\xb82\x10\xd7u\xc1q\
\x5c5c\x0c\xd3\x003\x95\x06\xc3\xb2O\xd9\x99\xec\xd7\
\x88\x80/I\xc7\xdb\xfb\x81\x8f\xfc\x97K]\xeb\xff\xa3\
9\x03~d\x81?11a\x94J\xa5\xca{\xdf\xba\
\xfd\xeet\xb1\xfc\xa0\xb4\x0a\xef\x00 Y\x10\x81&\xbd\
\xa6FuS\xd7\xcd4\xd3uC]C\x10\xf8\xe08\
-\xe9\xb7\xea\x04\x9c:h^\x0d\x18\x84@\xa4\x0f\xbe\
\xe7A\xe0\xfb D\xb82\x0a8\x19^\x0e\xf8\xae\xe7\
{\x8b\xf3\xf5\x9a\x94Rj\x1ag\x96m\x18\xa5r\xd1\
\xb4,\x0bW\x0f\xb5:\xf8\x9e\x0b\xf5\xe5eh\xb5\xda\
`\xd8v042\xd6\xa6\x8c~\x03\x04|\xe1\xb3\xdf\
=\xf6\xc9={\xf6\x5c\xfe\xd2\x1fM\x0c\xac\xca\xb3\xfa\
\xa1\x03\x7f\xe7\xce\x9df\xadV\xab6]:\x14\x12>\
\xc8m\xabJ\x02?\x07\x22\xcc\x02\xa3\xc5R.5\x90\
M\xdb#\xa6e\x8f\x09!\xb40\x0c\x88\x08|\xd04\
]r\xdd\x00\xce5tY\x88\xef{\x0a\xfc\x8c\x10\xc9\
)(\xd0gLN\xd2\x9a\x04C8`\x9b:\x18\xa6\
\x16pJ\x9aR\x06\x96\x0cC\xfd\xa5\x80\x8fN\x8e\xe3\
\x04\xcb\xb33\xb53\x9e\xebT\xa4\x08r\x00\x82Y\xa9\
4d\xf3y\xe8\xed\xabH\xcb\xb24\xf4\x8a\xda\xed\x16\
4\xea\x0d\xf0\xfd\x00(\xe7P(\x14\xceY\x96\xb5\xaf\
\xed:_\xe1\x94}{\xf0M\x85\x13\x0f<\xb0;X\
\x95\x08\xfb\x11\xbd\xe8\xd7\x1d\xf8\x93\x93\x93\xba\xae\xeb\xf6\
\x92\x03y\x8dj\xf9\xfe\xbeJeb\xcd\xe0\xf8\x0b'\
\xce\x8eL\xcf\xd7\x064M/j J\x96N\xab\x99\
lv\x88\x22\xf3\x22B\x90\xbe\x03\xa1\x08\x89\x10Q\xdc\
\x18x~\xe0{\x9e\x0c|\x8f;\xed\x16\xf1}W\xfd\
\xde0S\xc0\x0dK\x0a\xc2A\xd7\x18\xb1\xb8\x84\x0c\xf1\
`\xa8\xaf\x04=\xe5\x9c\x9b\xb6\xf5y\x19x9\x11x\
\xa9\x97\x02~\x18\x04\xd0v\xbc\xf9\xb9\xb9\xe6\xa1v\xb3\
\xbe\xcesZU\xc7q@\x00\xf53\xb9\x5c8>1\
*\xab\xd5\x0aO\xa7S\x8cRB[\xcd&\xd4\xeb\xcb\
\xb0\xb4X\x83B\xb1\x00\xa9Tj\x9epv\x94\x12\xed\
\x13R\xe3\x8f,\xb1\xf6\xc9\x85\x85\x92\xbf{\xf7n$\
\x8a\xba\x8f\x1f\xf2\x1dx\xdd\x81\xbfu\xeb\xd6\x1e7\xa4\
k]A\xef\xd5)\x7fs\xff@u\xd3\x03o\xbd;\
\xff\xc2\xf1\xb33\xfb\x0f\x1e>m\x09\xefH_\xd1\x82\
u\xa3\x03\xc3\x13k\xc7\xdf\xc99\xb7A\x04 \xdd&\
\xd19\x05\xc6\x99\xbae\xe7O\x9f\xad\x9f;u&X\
\x9c\x9b\xcb9\x9eK\x8302\xa8L\xb7@\x10\x0d\x9a\
^\x00gf\x97a\xbe\xde\x06\x0cEwL\x8e\xc1\xe6\
\x89\x01\xb7\xa7\x94\x9d\x07\xe1\xbf,\xf0\xdb\xad6\xb4Z\
\xee|\xbd\xee\x1fj\xb7.\x03\xdf\x0b\x02I\x18\x03\xd3\
N\xc3\xfa\xf5k\xbc\x91\xe1A\x99/\x16Lty\x5c\
\xc7\x81V\xab\x05\xb5\xc5E \x8c\x89j_\x9f\x1f\x12\
z\xe0\x9f\xbe\xfe\xcb\xcd\xc5\xe6_\xb5[\xf3\x0b\xbf\xfe\
\xa7{\x90\x1a\xed>~\xc8w\xe0u\x01\xfe\x8e\x1d;\
\xb2\x0b\xcd\xe6\x80\xd3\x92\xdb\x08\x85\xad\x84\xc0:\x00R\
44\xbd\xd9S)L\xdfw\xef='OO\xcf]\
<s\xeat}\xebH\x99\xdf\xbd}\xe3[+\x85\xec\
\xfd\xba\xaeOxN[\xc7\xa0\x15\xc1O\x88\x04\xb7\xdd\
\x0e\xa7\xa7\xa6[\x17\xce\x9c!\xb3\xd33\xdcq\x1c\xc3\
\xf3=\xe4\xeb\xd5\xad\xe4\xba\x05T\xd3\x01\x08\x85e\xc7\
\x87\xe9\xa5\x16\x1c\x9fZ\x80\xc1r\x066\x0eW\xfd\xdb\
7\x8d\xd55&SR\x84\xc6KY\xfc\x85\x85e\xb7\
\xd9h7\x00\xe8\x5c\xabQ\xefu\xda\xad\x1cZ|/\
\xf0A\x12\x02\xba\x99\x82\xde\xde\x9ep`\xa0\x17\xfa\xfa\
\xfb\x98i\xe8\xb1\xcf\xefA\xa3^\x07\xd7U+\x14\xd8\
\xe9\xec\x92\xa6\x1bg\xa4\x0c\x9f%\xc0\x16C\x01S\xcd\
\x90\x1d\x95\xa1w\xd4h\xbb\x17\x1e\xfa\x83\x8f\xd5~\xc8\
\x18X\x95_\xffZ\x02\x9fNNN\xda\xcb\x8e\xec\xe3\
T\x8e\xcb\xd0\xdf\x1cJv/al\x98Rf\x80\x94\
\xe7-\x9d>\x99\xb6\x8d\x1f0\xc6\xf6\xbeo\xe7m\xce\
\xdb\x1f\xb8\xbf\x02\x1a\xbb\x9fr\xed\xa7\xa5\x94o\xf5\x1d\
Gk\xd5\x97\x89\xe7\xb4\x14\xdd\xd8l\xd4\xc3\xb9\xe9Y\
\xef\xf8\x0bG\x9d\xf9\xb99\xab\xddj\x998j>R\
\x931\xf05\xc3\x02\xdd4\xc1\xd4u`\x1a\x87\xd9\xe5\
6<q\xe8,\xc80\x84\x91j>|\xe7}[=\
\xd3`\x1aH\xc9\xaf\x05|B\x91\xca\xa70ua\xd6\
i4Zn:\x95\x0a\xdb\xcdf\xaa\xd5j\x19\xe8\xcb\
#\xf0qR\xa1\xc5/\x95\x0aP\xa9\x96\xa1\xbf\xbf\x17\
\xd2\x99\x0c\xe8\x9a\xa6\xd8#\x8c5Z\x8d\x06,,\xcc\
\x83i\xdb`\x18&0M\x03\x90\xa4%\x80\x9cm\x05\
\xb0\x9f\x84\xfe3L\x84\x87m\xc38%Ix\xd19\
\xed/?\xf4\xb1n\x06\xf8\xf5\x9a\x85\xaf\x19\xf0GG\
GMfe'\x5c/\xfc_\x84\xe7\xbcE\x0a\x7f-\
\x80\xf4,\xd3|<\x9dI}\xd3\x15\xe2\x9b<\x0cg\
+\x95J\xabR\xa9\xf8\x1f\xfe\xb7\xef\x184l{'\
\xe7\xe6o\x80\x14\xa3\x81\xef\xa7\x9a\xb5%\x12\xf8.\x88\
 \x00\xe4\xdfO\x1d=^?y\xecx\xb08;\x9f\
q<\x87\x85a\xa8\xce\xffz\xc0G\x9a\xb1\xdev\xe1\
\xf0\xa9)\xb8\xb0\xd0\x82R>\x03\xef\x7f\xebfi\x99\
\x9az\xdf5\x81\x8f\xfc=!p\xea\xc4Y\xd9l6\
e\xb1T\x04\xbf\xed\x13t}\x1a\xad\x06q}\x0f\x18\
\xe3\x90\xce\xe5adt\x10\xaa\xbd\x15\x05z\x0c\xb2\x91\
\xe3gq.\x00\xf3\x03\xae\xef\xc3\xc2\xec4`\xbc\x90\
\xcd\xe51\x05,CIB\x19\x86\x9e\x08\x85O(\x9c\
\xd7u\xed\x19!\x82\xbfs\xea\xe4\xc9_\xfe\xbf\xffr\
\xf1\xf5\x1a\xf8\xd5\xfe=\xb7\x1c\xf8\xf7\xdcs\x8f\x15\x86\
\xe1\xd0\xf4\xf4\xdc}A\x10\xbcER~\x87T\xd9P\
r\x81I\xffQ\xd3\xd4\x9f+\x14\x0aG\x19c\xe7\x1e\
\x7f\xfcq\xf7C\x1f\xfa\x17\xa6\xe7\xe9\xc3\x19A\xff\xc5\
`o\xe5=\xdb\xb7OnO\xa5m\x1b\xcd\xae\xd3j\
\x01r\xf2\x8dz=\xbcx\xeeB\xeb\xc2\x99\xb3dn\
f\x8e\xbb\xed\x96\xe1\x07\x01AW\xe2\xa5\x80o\xd9\x96\
\xb3\xdc\xf6\xfd\xa7\x8fN\x91\xe9\xc5\xba\xd1[\xcah\x1f\
|p+\x18\x1aS\xdc\xfe\xb5\x80\x8f\xbf\xf7\xfd\x10.\
^\x98V\xffV\xfa\xaa\x90\xcdfU*\xb7\xb6\xb4\x08\
\x8e\xd3\x06\xce9\xe4J%\xc8f\xd2`\xdb\x16h\xb8\
\xba \xe8c\xfe_\xe5\x00\xe2$W\xabQ\x87v\xab\
\xa9\xfc\x7f\xcd0\x81rMQ\xfb\x22\xc4\x18W4)\
\xc0l(\xe0\xb90\x90\xdf^\xae\xd7>\xe78\xce\xdc\
\xee\x8f=\xdcZ\xed\xc0|\xad\xaf\xff\x96\x02\x7f`\xc3\
\x9bJ\x06\xf3\xc65)\xeeq\x1c\xe7\xc7\x03\xdf\xdf\x22\
\xa5\x5c$\x8c?\x07\x5c\xff^\xce\xb0\xbe\xd2\xd3\x93\x99\
ARfii)\xbd\xb0\xd0*\xea\xba\x18\xce\xa4\x8c\
;\xaa\xd9\xec\xfb\x87\xfb\xab\xf7>\xf8\xd6;\xa0R)\
\x81n\xe8\x10x\x1e\xb4\x9b\x0d17=\xed\x1f~\xf6\
`\xab\xb6\xb8d\xb9\x8ec\x86\xa1\x0f(%\xb8&\xf0\
M\xcb\xb1\xed\x8c_(dE&\x93\x09f\x96\xdb\xf2\
\x1f\x1f\x7fAk\xb6\x1a\xd6h5\xa7\xbf\xff\x81\xad\xa0\
1\xaa2\xb6\xd7\x02>\xb2F\xae\x1b@\xadVG\xd5\
\x02\x14{\xcaP\xa9V\xc0\xd0u@\x10c\xa2\x8cq\
\x0e\xd9|\x01\x88\xca\xf6\xc2J\x02\x8c\xa1\x9b\xd4\x01~\
L\x8c\x09)\x15\xf0\x17\xe7g\x01\x08\x8b\x8ee\x0c$\
2U\x98TSI6\xe2\x85B>\x19\xf8\xee_\x87\
\x94<\x96Z\xb0\xcft\xdd\x9e\xd7\x16\xfa\xb7\x14\xf8c\
\x1b\xb7\xbd]\x0a\xf9\x81P\x04\xef\xa6\x94\xe1\x7f\x875\
\x12|\x5c2\xd8[\x9b!\xe7\xde\xf2\x96\xf5\xce\x9e=\
{\xc4\x8e\x1d;2\xbe\xefO\xce.\xd6~\xac\xddj\
\xedt\x9a\x8d\xadv*\x9d_?1\xaa\xff\xec\xfb\xdf\
.G\x06zH\xda6\x14\xf0g\xa6\xa6\xbc\xa93g\
\xc2s\xc7\xcfh\xcdv\x8b\x05h\xe9_\x02\xf8\xbai\
]\xa8\xf4\xf5\xcdn\xde\xba\xc9\xcf\xe5\x0b=GN]\
(\xfd\xc5'\x1e\xb6L\x1a\xd2uCe\xf2\xb6\xbb7\
\x03cD\x81\xfeZ\xc0Gp\x86\x04s\x03\x01\x10\x10\
`\xeaLYxMWzN5\x1a\xb8~\xa1\x85_\
\xc9\xf6\xc6\xaf\xaf\x05|\x94?`|\x82\x13m~\xe6\
\x128\xed6p]\x8fF5\xc9(\x0b)C\x90u\
\x10\xe1\x85\x7f\xfa\xf0\xdf#a\xeak]\xb7\xe7\x0d\x00\
\xfc\xfeu\xeb\xcaD\xf0\x07-\xd3~\x07\x10\xba\xd5\xf7\
\xdc:!\xe4\x09\xca\xe9\xf7u.\x0eP\xcf\x9b\xcbd\
2\xd4u\xdd\xf1\x96\xcf\xb7\xfa\x81\xb7%p\x9b\xe3\x8c\
\xeb}\xb9l\xb6ot\xa048:T\xe5\xe3\xc3}\
01\xd2\x0f\xb6\xa9!^\x94o\xdc\x5c\xae\x85\x8b\xb3\
s\xe1\xc5\xb3\xe7\xe4\xe2\xe2RP\xaf7\x84\xe7\xf9\xd4\
u\x5c\xe2\x05\x1e#\x22\xd4\x05\x81%\xcbN-\xf7\x0e\
\xf4\x85}\x03\x83f\xb9\xda\xa3\xe5\x0a\xf9\xf0\xf4\xa9\xa9\
\xd4S\xfb\x0f\x9b_\xfc\xd6\x13Z5g\xc2\xe4h\x15\
\xee\xda2\x0e\xe8\x89\x5c\x1f\xf8\x1458\xca\x94#\x90\
5\x1eI\x1a8c\xa0i\x9a\x0a|1\x00\xee\x948\
$\x92\x87k\x03_\xe9\xde\x80\x12\x02\x18'4\x9b\x0d\
\x0c\xd2\xe3Q\x95\xca\x85\xc2UAJ\x11H)\x1c\xcf\
\x87O\xf9>\xfb\xfco\xfd\xe9\xc7\xbf\xf2\xda\x0e\xfd\xea\
\xfe\xf4Wm\xf1'v\xec\x1c\x94Axg\xe0\xfb\xff\
F\xa7d\x98\x11h\xfa\xbe\xff\x8f\xa1\x1b|\xdd\xd6\xbc\
C\xa9T\xaaXwD\x05(\x1b\xd1(\xb9\xdd\xf1\xc3\
\xdb\xa4\x08&\x0c\x1af\xfb\xfazSk\xc6F\xec\xad\
\x1bF\xed\xb5\xa3\xbd\xb4\xa7\x98\x01\xcf\xf5\xc0\xf3]\xf0\
}\x1f$\xba3(Eh6\xc5\xe2\xfc\x82\xb7\xb4\xb8\
\xe8\xd5k\x8d\xb0\xed\xba\xccq\x1c\xea\xbb.\x13\xa1o\
R\xceg\xd3\xf9\xfc\xd2\xd8\xf8HP\xaeT\xfbL\xdb\
* \xb3\xf2\xe4S\x07\xe1\xa9}\x87\xe0\xf9\x13g`\
\xac\xb7\x00\xebGz`\xedp\x0f\xa0\x8fr}\xe0\xa3\
\x85FaZ$H\xc3\xbc\x01\x02\x1b\xfd\xf7\x08\xd8\x08\
\xfa+\xb5=/\x07|\xa5\xf5\x89|\x22\x15#,\xce\
\xcf+\xa9\x03Nl%\x83S\x229\x14\xcb\x09\xe9\x05\
p\xd0\x17\xe4\xef\xb3i\xf3\x0f\x0b\x93\x8b\xee\x07?\xd8\
\x95<\xbc\x16S\xf4U\x03\x7f\xfd\x8e\x07~\x01(\xfb\
\xa5\xd00'y\xe0~\xd3j.\xee\x09C\xef[\x9a\
\xa6!C\x91\x93R>\xd8\xf2\xc9\xdb|\xa0wk\x5c\
\x1b\xf4}\xefD\xc6d\xc7\xde~\xcf\xc6\x85\xfbv\xdc\
qO\xb5\xa7t\xbb\xa9q\xc2\x19U\xfen\xa3\xd5R\
,\x0dja\x10\xf8\x12\x95\x94\xa1\x0fa\x10J\x9c\x0c\
A\x10H\x94-\xe0\xdf\x11\xbc\xa1\x1f\x10?\x94BH\
!\x08:\x0cRR\x94\x18\x07\xbe\x03G\x8e_\x803\
\xe7g`\xa9\xde\x80\x91\x81\x1e\x18\xec-A!c\x80\
\x90\x91\x7f\x7f=:\x13\x95\x99\x08f\x82z\x84X\xc4\
v+\x80\x8f\x13\x06\x97\x1b\x94\xcb\xcd_\xba\x08\x8d\xfa\
2^\xcf\x8a\xf5W\x01\xb7\x90\x81\x04\xf2\x0f2d\xbf\
\xc9\xed\xe6\xc5_\xf9\xbd=\x8d\xd7b\xe0W\xfbg\xbe\
b\xe0\xbf\xe7=\xf7\x15\xc0\x93\xf7O\x91\xe2O\xb5$\
\xbb_8\xce\x1c\x09\xfdO\x9a\x8d\xd9\xcf\x01\xc0L\x8b\
\xa5\xb72J\xdf\xc2d\xb83\x94\xa4(\x814\x18\x91\
O\xf7\x16R\xd3\xf7\xdd\xb9!}\xdf]\x93?^*\
\xe4\xd6\xd9\x86Q\xd18\x07\xcf\xf3\xc1\xc1\xec\xa7\xeb\x02\
faW\x80/\x82XF,@\x88\xe8\xf7\xc8\xd9'\
\xc1)\x82\x17\xc1\x13M\x04\x94\x1b\x87\x10\xc6\xb2\xe3\xc5\
Z\x03\xea\xf56x\xbe\x07)\xcb\x00\xcb\xd0@cD\
\x05\xc5\xd7\x03>\x02\xbd3@U\xe0\xbfE\x16?Z\
\x19pBQh\xb5\x1a*\xc3;7}Q\x05\xcb\xe8\
B)\x15\xa9\xb2\xfe\xf2\x90\x08\xc4\xe7\xa8\x14\x9f\x03\xbf\
v\xe8\xd7\xfe\xfc\xcb\x91\x1e\xa3\xfb\xb8ew\xe0\x15\x03\
\xffm\xefy\xcf\xb8\x0f\xf4\xb7\x97\xa9\xfd@[\xd2\x94\
X\x98\xfe{\xe2\xba\x9f\x0fE\xeb\x80\xf4\xd8:\xca\xf9\
;\x09\xa5o\xe5\x04*\x92\xb2\x13\x94kOT2\xec\
+\xff\xe1g\xde\xd576:\xf0\x16\xc6\xc8/\xeaL\
+h\xa8o\x07\x80\xb6\xe3\x80\xe3:\x0a\xc47\x0b|\
\x05x\xb4\xfe\xf1\x84H&\x01R\x86\xc9\xca\x80\xcaL\
\xb5B\xe0$\xf9!\x03\x9f1\x0a\xa1\x94\xb0\xb40\x0f\
gO\x1c\x07\x8e\xb1\x03\x8d\x80\xafb^!k\x22\x14\
g\x04\x81\xbf\x0bA>j\xb8\xe1I\xc3u\x9a\x85E\
\xd3\xfd`W\xedyK\xc0\xff\x8a\x81\xbf\xf9\xa7\x7fi\
+\x09\xc9\xdf\x86\x81\xbfQ\x84\xfe\x11my\xf9WI\
s\xfal\xe8\xc0\x98\x13\x88_'\x84NR\x0a\xbe\xc5\
\xc5W9e_\x1a\x1f\x1f~\xe6\xfd;o3\xc7\xd7\
\xaf\xfbU\x8d\xb1\x9f#T\x94\xd3\xb6\xcd0\xf1\xd3h\
6\x94\xcf\x8b\xd2\xe1U\x03\xfcP\xc0\xd2\xd2\x02\x9c?\
s:\x0a\x98q$\x12\xe0KUE\x80s\xf6\xa2\x90\
\xe4\xbb\x14\x82Oj\x8c\x1c1R\xb9\x8b\x0f\xed\xfeX\
\x97\xe3\xbf\x05\xd0\x7f\xc5\xc0\x9f\xdc\xf5\xef\xb7QJ>\
\x15\xba\xceP\xe8\xb5\x9faN\xfb\xc30?\xbb\x09\x84\
|\xaf\x00\xd8\x06\x92<\xcf\xa8xT\xd7\xe5^\x8d\x90\
\x13\xff\xc7G~*\xc8\xe8\xfa=\xe9B\xf9\x17t\xc3\
z\xb7e\x18\x1a\xca\x1a\xd1\x027ZMX\x9a\x9fs\
\x97\xe6\xe6\xfc\xe5\xe5\x1a\x07\x02>\xa5L2\xc6t\x1e\
\x15C1\xa0:C\x1aR\x01\x84`\x8d\xc9e?\xfd\
\x8dd\xf1q\x15\xc2\xc2\x99V\xab\x09\xa8\xe8l4\x1a\
\x8a\xd9\x89\x82\xdc\xe8\x19s\xa6x\x8d\xae\x94p\x09d\
x\x84\x00,\x0a!\xe6\x82 \x9c\xf6\x09\xdb/\x81\x1f\
\xfa\xdf\xff\xfc\x7f\x9c\xb8\x05\x18X\x95\x1f\xf1\x8a\x81\xbf\
\xf9\x03\xbf\xb45\x04\xf1\x09\xe1\xb6\xfb\xc2\xb6sX,\
\xce\xfc7\xee{\xef$@\xdfE\x09\x9cb\x8c|:\
\xa5\xcb\x87-\xcb\xba\xf4\xc8#\x8f\x04O\x7f\xf1\xa3\xc3\
\x1e\xa5?o\xa72?aX\xf6\xf6L*\xa3\x0aD\
\xda\xed&\xb4\xdam8s\xf4h\xfb\xcc\xb1c~\xad\
\xb6\xc4\x05H\x9fr.t\xae\x19\x8c\x11F\x19cT\
3\xb9\xaek\x8aO\xc7\x12\xc0\x15:Q\xc1\x06\xc1\x12\
=qB\xfcH\xb9:q\xb5\x17j\x85\x90\xb6\xc4k\
\x8e@\x8f\xab\x1c\xea~b>?\x06=\x06\xdex)\
\xe8\xfa(\x9e?\x99\x0c\x18\xf8J\xd1\x14ax) \
\xfa?J\xc2\xff\xe1w\xfe\xdb\xa7\xbe\xba*Q{\x0b\
.\xfa\x15\x03\x7f\xcd\x8f\xbfo3\xa5\xec/\xa5\x94\xa3\
\xd2\xf3\x96\xbdK\x17\x9eg\x12&4\xce\xb9N\xc5\x9f\
\x98\x9a|l\xef\xde\xbd\xa7\x90\xa6\xc6\xf3|\xfa\xdb\x9f\
\xda\xc0\x09\xfd\xcf\x86n\xdco\x1a\xd6\xa8\x9d\xceB\xbd\
\xb9\xac\xaa\x97B\xdf\x87\xa7\x1f\xfd\x9e<\xf4\xcc3\xd2\
\xf5}\x12\x05\xab\x91\xdf\xeeG>\xb92\xf5\x98\xf2\xd7\
M\x0b,\xdb\x84L&\x03\xe94J\x06l0\x0d\x0d\
\x0cC\x07M\xe7\x0a(?R\xc0G-\x91\xe7A\xa3\
QW\xfc=2SI \x9b\x14\xfb&\xe0\xee\xfc\x17\
\xefYR\x22\xa9V\x01\xf5\x14RH\x08\x04\xd1\xbf+\
\xa8\xf6\xd9\xff\xf4'\x7f\xfb\xd1[\x80\x81U\xf9\x11\xaf\
\x18\xf8\x93\xf7\xbem\x98P\xf2+\x017\x1f\x0cE\xb8\
F.\xcc\xd6h\x18\x1ed\x8c}O'\xf2\xf3\x00\xde\
\xf9\xe7\x9e{\xae\x89w\xf5\xdb\xbbw\xf3\xc2\x83\x93w\
H\x09\x7f\x912\xed\x0d\x96e\xa7\x0d\xcb\x82\xe5z\x0d\
jK\x0b\xd0\xaa/\xc3\xfe\xc7~ \x0f?w\x00\x81\
N\x10\xf4\xca\xd7\x0f\x02\xf0\x02\xef*\xe5\xa5\x05\x96i\
\x80\x95J\xa9\xa7m\x99`\xdb\xf8\xb4\xd4\xbf\x89\xd5G\
\xf7\xe7\x87\x15\xdc\x22`\xf1\xdc\xd1\xa5\xc1\xca0\xc5P\
)\x0dPD\xd3Ff>\xb1\xf4qM\xf0\x8a\x9b#\
\xa1\xdeh\xc3\xf4\xf4\xa2:\x8cs\x06\x86\xa1\x01\xd6\x22\
`\x12\x8dR*t\xd3|\x963\xfd3\xbf\xf1g\x9f\
\xfe\xc3U\x89\xda[p\xd1\xaf\x18\xf8\xdb\xb6m\xcbS\
J\xefn\x9a\x85\x7f\x1bJ\xf2/ik\xd9\xe0 \xfe\
Z'\xc1_[\x96u\xe0\xf1\xc7\x1f_)\xb8\xf8\xec\
g\x7fW\x9f(\xaf\xbf\x87q\xfd\x13\xb6e\x0d\xd9V\
JY\xef\xe5\xfa\x12,-\xceCci\x11\x9e}\xfc\
)y\xe4\xc0\xa1\x97\x07\xbea\x02j\xdf\x0d\x1b\x81o\
C:\x9d\x82T\x0c\xfa\x1f&\xf0\x13\xeb\xac@.\xa4\
\xcaE`\xb2\xcaw]\x05zdn\x22\xac+\xae\xfe\
\xb2O\xaf\xb4:\x89K#T\xe2ly\xb9\x09g\xce\
]\x02\xcf\x0b\x94\x03\x87\xae\x1d\x0a\xebt\x8e\xf2\x09&\
\x8b\xc5\xfc\xe1\x94m}\xe6#\x7f\xf2\x99\xdf\xbf\x05\x18\
X\x95\x1f\xf1\x8a\x81\x8ffkrrRsI\xfa\xc3\
@\xe1W8\xe7\xbd\x0c\xe4\x1f\x83[\xfb\xef===\
s\xe8\xd7'w\xb4\x13\xf8\x96i\x0c\xda\xa6\x0d\xbai\
\x93\xe5F\x0dj\xb5%p[-\xd8\xf7\xdd\xef\xcbC\
\xfb\x9f\xbda\xe0\xdb\xe9\x14dr9(\x96\xcb\x90\xb2\
M0\x0c\xf4\xfb\x09H\xa40\x15]\xf9\xfaZ|\xf4\
\xdf1\x07\xd1X\xae)v\x0a}t\xdd\x88V\xa0\xa8\
\xb9\xc3e\x7f=\xc9\xd4F\x02\xb58\xa0\x8d\xbbA\xd8\
vJ\xc5\x02\xe8\x1a\xcd\xcd\xd7a\xa1\xd6\x84Z\xc3\x01\
\x22B%\xe3\xe0\x9c\xcb\xb1\xe1\xde\xc3\xc5B\xb6\x0b\xfc\
W1e_\x0d\xf0\xd5\xd7\x8e\xac\xdf\xfa\x8b\x84\xd0\x9f\
\xe2\x5c\x17@\xe4'\x06K\xa9\xbf\x7f\xe4\x91G0\xe1\
\xb2\xd2TI\xee\xdeM\x9f\xd99\xb9\x830\xf6\x09N\
\xe9\xa8i\x18,\x97/A\xb3^\x83\xfa\xf2\x12`e\
\xd3\xc9\xc3\x87\xdd\xa3\x07\x0e\x85\x17\xce_\xb0|\xd7U\
~~\xe2\xea`\xc5\x13\x16y\x0f\x0c\x0d@\xb1TR\
\xae\x02\x06\xba\xaa\xad\x87e\x01C\x15\xb0\xb2\xa6\x98\xe4\
z\xfd\x82[\x040f\x95\xd1\xb2_&c\x08\xa0A\
'\x80B\xb6$)\xa5\xb48+\x09*<\x18\x83\xd8\
\x04\xf8\x80\x01\xad\xd2\xf1S\xc8\x17\x0a\xea\xb8\xa5\xc5\x05\
p\x1c\x1f\x1c\x17\x13{\x01`\x81=\xd6$\x84@E\
!\x9b\xfa~&e\xffOS3\xffn6\x05K\xbb\
w\x7f\xdcy\x15\x18X\x95o}\xd5\xc0\x1f\x98\xd8\xb2\
\x8b\x81|/a\x94k\x94|\xa5\x90\xd6\xbf\xdel6\
\x17\x0e\x1d:\x84\xad\xf4V\xc0\x7f\xe0\xb1/\xdeE(\
|2\x0c\x831\xce9/\x16\xcaJ\xe2\xdbl,C\
\xab\xdd\x82\x85\x99Y\xe7\xc2\xe9\xd3\xc1\xa1\xe7\x0e\x98K\
\x0b\x0b\xcci\xb7\x15\xf8\x09\xa7\xca\x97\xaf\xf4\xf6\xc2\xc8\
\xe80\x14\xcbE\xa5\x93G\xeb\x87\x16\x1e\x1f\xaf'\x9d\
\xa9t\xf6\xa8\xb6T\xbe\xbaT\xf1\x07\x96\x19\xe2\x95\xa2\
\xae\xc70-51\xd5DP`\x17\x91\x08MY\xf7\
\xd8\xafG\xeb\x8ft,6\xb3\x8a_\xa3b\xd3Ne\
U\xd0\x8eq\xc1\xdc\xec\xcc\x15\xac\x0e\xd2\xbe~ \xc0\
\x0bA\xe8\x9c\xee\xe3\x14\xf6\x02\x81\xa7\x03\x013a \
\x96\x83\x80:\xb6\xc6\x16\x99\xcd\xe7\x7f\xe3\x8f?=\xb7\
*\xd1|\x13\x17\xfdj\x81OF6n{7\x09\xe5\
O\x0a\x11\xdckh\xf4\xfb\x19K\xfb\x22!\xe4\xd1L\
&\xb3\xd4\xe9\xee\x9c\xdb\xff\x957\x85\x02>\xebx\xee\
p \x04\xc9\xa6\xb3\x8a\xa0\xf7<\x17\x96\x96\x16\x95\x06\
\xa7\xb6\xb8$\x0e?{ 8}\xec(\x9f\x9b\xbe\x84\
\x12d(T+00<\x0ck\xd7\xadQ\x16\x1e\x1f\
a\xc2\xe1\xafp\xf9\xaf_\xe6VUV\xb9.\xd4k\
KJj\x80\xee\x8c\x95N\xaf\xdcr\xf4\xf5#\x9d=\
Z\xf5\xd8\xd2_\x0dz5\x11\xa2\x807\x22k\x04d\
\xf2\x05\x18\x1c\x1d\x87\xc0s\xa1Q\xab\xc1\xec\xec\xf4\xe5\
FX\xd1Aq|\xa0\x9a\x1b\x06R\xc8P\x08\x11\x08\
I[R\x90\xf9@\xc2\x05Cg\x8f\x1b\x8c|\xfb#\
\x7f\xb6\xe7[7\x81\x81Uy\xe8\xab\x05>\x8cOn\
\x1f\x16Ax\x07\x80\xf8W\x1a\xa7\x03\x8cQ\x1a\x0a\xed\
,!\xd0b\x14T\x03\xd5@H\xef\xcd\xdb7\x96\x7f\
\xf5\xe7\xdf\xf3^]\xe7E\x90\x92\xa1\xc4\xd7\xd4\x0dE\
\xd9\xa1X\x0b\xf54\xed\xb6#\x17\xe6\xe6\xc4\xd4\x993\
tav\x16{WB\xa1TTV\x1e-a\xc2\xd8\
\x5c\xad\xd5y\xad-~b\xe1Q9\x8a,\x8b\xd2\xd6\
\xa0\xe0,\xd6\xe5\xb3\xb8\xaa*\x01g\xd4\xb9-\xf2\xdd\
#\x97&\xa2#\xd5\x7fI \x1b\xfb\xf7\x09W_\xea\
\xa9\xc2\x86\xcd\xb7\xc1\xe2\xec4\xcc\xcf\xcd\xc2\xfc\xfc\xdc\
U\xc0\xef\x8c\x11\xa2\x09\x85\x93P\x0a\x08%HG\x08\
h2B\xa6\x09\x85/\x037\xfeBg0\xdb\xed\xe8\
p\xfd9\xfd\xaa\x81\x8f\xcd\x84\xc76o\xae\xc8P\xdf\
\xa9\x11\xf9fJ\xe9\x86P2\x8e\xec\x1b!D\x93R\
\x9a\x01\x80\xd881d|\xe4\x17\x7f\xa2?\x976\xd2\
\xd8\xcc\x09\x01o\x9b\x16\x18\x9a\xa6\x8a\xb3\xdb\x8e\x0b.\
\xca\x16\x82@\xc9v\x1b\xcb\xcb\xea\xacS)Kq\xf4\
ap}\x91\xdak\x01\xfc\x84\x81A\xa0b\xb2\x0c\xc1\
\xef\xf9\xbe*(\xc7\x95\xc7\xb0\xb0\x99r\xc4\xd2D\x81\
k\xec\xb3\xc7\x80\x8f\x00\x1e\xb5\xd0A\x16'br:\
\xda\x19\xc6\xdc|2\x11\xaa\xfd\x03\xb0e\xfb]p\xfe\
\xf4)\x98\xbe8\x05\x0b\x0b\x8b\xc0(F\x0aI\xf0{\
=\xe0_\x8e\x1f\xa2v\xb7\xf41\xa6i\x1f\x15T|\
w\xcd\x05\xed\x5cW\xdbsm\xf0\xdf\x0a\xe0\xe3'+\
\x86\xc7\xcbdLS\x88\x1c\x09\xc8\xa0\xc6\xe5P\x18\xc0\
P\xc3\x0d\xfa\x08\xd3\x8b\xb7m\x9e\xe8\xff\x95\x9fy\xf7\
\x16\x93\x87\xc5\xc0wL\x94\xf9\x9a\xba\x06\x96a\x80a\
\xdaJ\xa4\xd6r\xda\x0a\xf8J\x96\x1c\x04\x8a\xa1\x91\xd8\
SG\xa0\xb8\xec\xf5\x05>\xfa\xd9h\xe1\xb1?f:\
\x9b\x81T&\xa3:+ \xda\x11\x8c\xd8Y\x13\x85f\
\x09\xc0;\xdd\x9b\xc8\x8a\xe3\xf9J\xb5B`ym\xdb\
\x0d\x81\x11li\x18\xb98\x9dYY\xfc\xb9\xa7\x7f\x00\
&\xefx\x13\x9c:z\x18\xa6\xce\x9d\x87\xb9\xf9\x1ad\
S\xba*\x84\xb9\xd6\xf1\x97-\xfe\x95\xc0'\x84\xceS\
F_\xf8'A\xe9\xefg\x0a\xd5\xefv\xb5=\xaf-\
\xf0\x93O\xa7\x13\x13\x13\x9aQ\xa9\xa4L\xcfC\xc77\
\xd7rI/\xe1d`\xc3\xc4\xd0\xe8\xfb\xdf~\xf7\x86\
\x9ebj;\x85p\xa2\xbe\xb4\xa4\xba\x13\xe4ry\x05\
|\xb4V\xc8\x81\xb7\x11\xfc7)K\xbeU\x16\x1fy\
\xf3\xa4'\xa6i[\xa0\x1b\x86\x92\x11+\x99\x04\xd7\xb0\
I\x14\x90\x0e\xd0^\xe9\xc3_vo\x90\xca\xc4\x15!\
_,A\xb1TQ\xdc\xfcR\xad\x06\xcf\xef\x7f\x16\xea\
K\x0bP)f:\xb8\xfb\x08\xb8\x99\x5c\x1e\xfaF\xc6\
UW\x86\x85\xb9\x05\x98[XV\x13/I~\x19\x1a\
U\x5c>f\xa7u-*\x84\xb9\xecRE+Il\
\xf1=JI-\x14\xf4\xab \xd9\xc3\xe5\xde\xd2\x97\x0a\
\x07\x17\xbb\xaa\xce\xab\xf0\x7f\xab,\xfe\xb5\xa6\x15]\xbf\
~}\xca\xb6\xed!\xcey\x7f1\x9f\xe9\xdb\xb6q\xa4\
\xefM\xb7O\xbe#m\xf2{.\x9e;m\xea\x86M\
2\x85\x22\x14\x8bE\xb0,K\x05\xbb(MV\x05'\
a\x10\x15\xa2\xdc\x80\x1e\xff\x95\x02_i\xf7E\x04\x18\
\xb4\xcch\xcb\x13\xa5$Zx\xcb\xb6\x15\xf8\x13w\x04\
}j\x04~\xe4\xbb_\xb6\xf6\xaa+3\xd2\x97\x9c\x83\
\x85=}R\x19\xc8\xe4\x8aP\xea\xe9\x81R\xb9GU\
r-\xd7\x96\xe0\x8b\x9f\xff\x9f\xca\x95\xa9\x96\xb3`\xe8\
\xd8\x8e\x04\xc1\x1b\x81V\xd3\x0dHgs\xb1~\xc9\x85\
\xe5F\x1b\xea\xf5&\xb8\xa8\xe7\xc1\xd6\x88\x9c\xa8Z\x02\
|\x0f\x9e+\x16\xb4D\xc0\x8f\xd8#t\xb7\x92\x8a1\
\x8dQ)\x80M\x11\xc6\xbe\xa3[\xc6g\xc0\x873\xbe\
\x08.\xfe\xe7?\xdf\x83l\xcfu{\xf7\xff\xee\xef\xee\
\xd2aA7I\xe9Bk\xf7\xee\xcby\x98\x7f\x8e\xd1\
\xefk\x06|\xec\x91i\x18F\x99\x10\xb2\x05]u\xc6\
\x18\xe7\x9c\xb0\xff\xf5g\xff\xd5;\xaaE\xfb\xc1\xf3'\
\x8f\xf7\xd5ju\xce\x0d\x136n\x99\x84L&\xab\xac\
*>\x90\xe9\xc1`\xf7\xb5\x04>\x82\x1e\x9b\xbc6\x1a\
\x8e\xa2$mK\x87r\xb5\x0a\xb9|\x0e\xb0F@y\
\xee+\xed\xc4\x91\x92\x8c\xfc\xf5(hM\xda\x8fGe\
\x8a\xe8\xbe\x10\x8a\x9d\x17r084\x0c\xbd\x83c\x90\
)\x94p\x0b\xa1\x98\xb6\x0c@\xf8\x01|\xf6S\x9f\x84\
\x83\xcf\xeeG\xa7\x1fz{K\x90N\x991\xa5\x19A\
\x0b' 6\x9fJ\xba3D\x94g4\xc10\x0er\
\x1d\x17\x1a\x8d6\xb4]\x1f\x5c_@\x10F(\xc6\x9a\
.N\x84\x9a\xa4x\x1d)\xdb\x00\x8d3\xc94}\x99\
j\xc6E\x0a\xe1\x97\x84\x1f~\xf53\xdf?\xfd\x9d\xbd\
{\xf7F\xf5\x8e/~\x90\xdd\x1f\xfa\xe9\x92fy\xfd\
\xdc\xf0O\xfd\xf6\x1f~1)\x0c\xfe\xe7\x88\xfbD4\
r\xeb\xaem\xfb\xf6\xed\x1ac,\x0b\x00%)eY\
\x08\xd1\x03\x00\x1a\xa5\x94\xe2\x06\x0fo\xda\xb6q`\xc3\
Huk)\xcd\xdfy\xe1\xdc\xb9b}\xb9\xce\xfb\x87\
\x06a`d\x18\xca\x95\x9e\xa8\xfb1juP\xe3\xe2\
c\xf6\xd5\x7f\xd9\x0a\xac\x1b\xb5\xf8(\x86S\x82\xb1&\
\x16\xbc\x84\xca\xea\xda\xe8\xbb[\x16h\x1a\x87R\xb5W\
ua\xab/.\xa9j\xaf\x15\x16&\xa6'W\xfc\xf9\
8\xa0\xc5\x15\xcaD\x97\xa6\x5c\x81rO?\xe4\x0aE\
H\xa5\xd3*\xd9\xc6\xb9\x1e\xf9\xf9qe\x186\xc5:\
r\xf09x\xfa\xa9\xa7\xe1\x91G\xbe\x0f\xfd\xd5\x02\x94\
\x8bY\xc8\xa4\xcd+\xe4\xc8\xd8\xc9\x01W\x0e\xd5\x82d\
\x85\xff\xc7\xe0\x18\xe3\x9cP\xc9\x18p\xa2\xaadV\x12\
H\xc7mJ\xc28\x7f\x80\xf6>Pa\x04\x09$\xa1\
\x0e\x04\xfe9\x00q^Rz\xd1\xd0\x8d9\xcb2\xa6\
3\xb6y\x89p\xbaHd\xc8\x04\xb0\xa2iic\x14\
\xd8\x80\x10\xa2 \x82\xf0\x18Hy,\x0c\x82\x93\xdc\xd0\
\xcf\x9a4=\x93\xb4:D\xdd\xd5\xc9\xd6Y\x8bd\xcd\
\xbc\x03\xe6\x80\x0f\xb2\x8f\x06\xfe\xe1f{\xfa\xe2\x7f\xfa\
\x83=o\x98v\x88\xb7\xca\xe2\x93]\xbbv\xd1\x83\x07\
\x0fZ\x86ad\x19cE\x00(\xa3\x8f\x8f\xa0'\x84\
0\x04=\x1a5\xfcw\xe3\xf8@\xef\xfd\xdb\xd7\xbfc\
n\xea\xfc\xa6\xe5\xc5\xc5>\xca9\x1d]3\x0e\xc3c\
\xa3\xaa\x057\x1e\xa8J\x0c=\xefU\x03_e\x80}\
OI\x80\x95\xff\x0eRYKL2\xd9\x96\xa1\xac|\
\xa1\x5c\x81T:\x03\xb9RE\x95@\x9e<\xfa\x02\x84\
\xbe\xdb\xc1\xb5G\x94\xe4e\xa6&\x0aN\xd1\xff/\x96\
{`|\xe3\x16\xe8\x1d\x18\x86t&\xdf\xc1\xe4D\x85\
\xf2\x9d\xc0o7\x97\xe1\xf9\xe7\x9f\x87\xcf}\xeea\xc5\
\xd7\xdb:\x83j)\xab\xb2\xd0Jn\x81\x9a\x1e\x1d\xe3\
\x8a\xc8\x8d\x89\x8a\xdb\xe3]Z:$\xca\xc9yDt\
\xa6\x8c\xf3\x1a\x02\xdc\x00W\x86\xe8{\xbd\x00\x7f\xaf\xd6\
(`\x04?K\xb9b\x820>G)\xbd\xc8)\x9c\
'R\xce\x0b\x02\x9cRZ\xb6,k\xad\xa6\xf1\x1eJ\
\xa8I\x08\x9c\xa7\x04N0J\x8fP\x8d\x9f\x22\x84\x9c\
'D\xce\x12j0\x02\xd2\xe4D\xa6\x80\xb1\xa2$\xda\
0\xb6v\xa7\xd2{\x96\x09y\x94pv\xc6\x92\xc6\xac\
G\xdd\x96\xb04\xd5\xed\x8b\xb6}\xa6\xe9&\x99\xab{\
\x1e,\x1cw\x7fT\xca(o\x15\xf0\xe9\xf6\xed\xdbM\
B\xc8\x90\x10b\x00]\x9b\x04\xf0\xea\xe2#kO\x85\
\x10j\x9b\x11\xfcY\xd7\xb9\xf9\x96\xc9\xe1\xf7[\x9c<\
x\xfa\xec9\xad\xaf\xbfJ\xc6'\xc6`t\xcd\x98Z\
\xee\x15\xff\x7f\x0b\x80\x8fnS\xbb\xd9\x80F\xbd\xa5x\
\xf7b\xa9\x00\xb9|Q\xf5\xb4\xc4G\xb6P\x82\x9e\xbe\
\x01\x18Y\xb3\x0e,;\xa32\xa6O<\xfaMp[\
\xd8\xe6&\xf2\xaf\x13\xd0\xab\xd7Q7\x04\xe5\xc2\x10\xc6\
\xa1\x7fx\x0cv\xdc\xffc`\xa52@\x19W\xa0\xc3\
Gd\xa1\xaf\x04>j\x88\xe6f.\xc1\x91C\x07\xe0\
k_\x7f\x14\xa6\xa7.Bo>\x0d=\xbd\x18\xe3\x98\
\xca\x8a3\xc3R\x13\xb4\xb9\xbc\xac4H\xa6e\xa8N\
mW\xb3@\x9d\xacN\xa4\xe1G\xef%\x9a$8Y\
\x22\xc8GR\x0e\x9cH\xf8\xd9\x9e\xebC\xcb\x17\xd2q\
}\xe9:N\xfc&\xa4L\x81\xe0N/\x86a\x12\xcb\
\xb6I\xda\xd6\x84\xa9G\xfb}\x01\xa1\x18\xd84\xa5\x14\
5B5\x8bSj2\x0a\xa6*\x19\xc0\x0ey\x14\xfb\
GHW\x029C\x19\xddG\x09\xff\x06\x058\xedI\
_\x89\x14\x19\xe1\x06gTo6\x1bsK\x0d\xf7\xd2\
o\xfe\xd1'\xb0\xa1\xd8\x0f\xfd\xf1\xaa\x81\xbf}\xfbv\
[\x08\x91\x07\x80\x0ac\xac \x84H\x13B\x90\xc3G\
+\x8f\x18W`\xef\x00>\xa1\x94\xa2\xe5\xa7\xdb\xd6\xf4\
\xad/Z\xda\xf6F}\xf9>J\xc1\xce\xe520\xbe\
v\x1c\xaa\xbd\xbd\x90\xc9\xa4#\xdd\x0d\x82\x07\xa9M\xa5\
j\xbcv\xb1\xf9\xd5\xae\x0e\xba3N\xab\xa9\xc4b\x08\
v\xc34\x81\x90(\xf1\x84\x1d\xdat]W\xd6\x1a?\
\xb3\xdc\xdb\x0f}C\xa30@{\x95b\x00\x00 \x00\
IDAT2\xbe\x1e4\xcdP\x12\x8a\xf3\xa7\x8f\xc3\
\xde'\x9f\x84\xd9KSP,\xa4U\xc0\x9b\x88\xcc\x22\
\xd0G\x89)\x84L\xa1T\x86\x89\x8d\x9bapl=\
d\xf2\xc5\x97\x05\xbe\xd3n\xc1\xf2\xd2\x82\xfc\xee#\x8f\
\x90\x03\xcf\x1f\x84\x8bSsP*\xe6 \x97M\xa9:\
\x03\x94g,/\xd5\xe0\xd8\xe1#*\x88\xc5D\x9f\x86\
\x94/\xb29\xba\xae\xbaA\x1b:\x03=fw\x22\xa9\
r\x94O\x88\xf6\xf0\x8aV\x89\xceG<\x04 B\x89\
\xd9.\xb5B\xe0DX\xd9\xf3+.\x86A\x05E \
)P\x19\xa8\xc9\x1dmE\xa0J!\xb0U\xb5o\x18\
\x16\xb3L\x8d\x99\x06gxN\xb8/X\xb2e\x12!\
\xd0$\x94\xce\x13B\xa7$\x00v\x86\x08U\xb7\x0a\x0a\
\x14\x83\xa5P\xcaE)\xe0Q?\x0c\xfe\x81\x05\xcd\xe9\
\x7fw\x03\xfa\xa2\xdd\xbbw\xd3\xb7\x8e\x80\xde\xa0\xbc\x94\
\xe7\xacu\xff\xcf\xfeo\xb7\xac\xb7\xe8+\x05>\xd9\xb9\
s'\xf3}\xdf\xf2</\x1f\x86a\x81R\x9a\x11B\
`zU\x89U\x10\xf0h\xe1\x13\xe0\xabD\xfb\xe5\x9f\
\xd5\xf7\x96s\xb65\x90K\x8d\xe7S\xec_.\xd7j\
\x83a\x10\xa6{\xfbz`t|\x14[o++\x18\
\xa9,\x13\xe0c\xb0\xf7\xe2.\x0b\xe8\xfbb\xf0\x87\x80\
O\x8a\xca\xd5j!\x84\xda\xa1\x04\xfdx#\xf6\x9d/\
[\xce(\xf3\x99/U\xa0\xda?\x04\xc3c\xeb\xc0N\
e\xd4Dq\x9a\xcb\xf0\xf5\xaf~\x0d\x8e\xbdp\x18L\
M*\xcd\xbf\xae\xe1\x96\xb7\x97A\x9fp\xeb\xa6i)\
\xf0O\xde\xbe\x03z\x07G\x95o\xfeR\x16\x1f]\x1f\
\xec\x1du\xe4\xe0\xf3\xe4\x99}\xcf\xc0c\x8f\xefUI\
\xbct\xca\x86B1\x07\x99L\x0af\xa7g\xe0\xe9'\
\x9eV\x9f\x83\x13\x14;-[F$\x8f\xd0\x0c,\xbc\
\xe1Q\xf1\x8d\xceUl\x82\x1a!\x5c}4%[\xc6\
\xdf)\xf9\xb2b\x80\xd0]R\x9d#T]o\xbc\x22\
\xa8DW\xb2:D\xbfO\xb4@\xe8\x06\x0a\x1f\x13\x89\
Q\x1c\xa1\x1ej\x15\xa1\xea<\xb0#\x06R\xab\xd8\x03\
Tu\x93\x8b7\xc9K\xd8&\xc5,\xc5\xfd\x88\xb8\xfa\
^5\xd4h&Z\x04\xc8c\x84\xc0\xc3\xba\xc1\x9f\x0d\
\x01\xa6\x84'jy}\xa4\xde\xe8\xed\x0d*\x95C\x04\
NchdX-7L\xb7\xbdfF\x10\xbd\xc8t\
\xa3G\x93a\x15$=\xad[\xa9}\xf9\xba\xb5\x90l\
\xa9\x8a\x13\xe3\xbe\xad\xe5\x82\x16\xc8l>\xe7\xcc\x1c\xa9\
\x8d8\x1f\xfc\xe0\x07oh\xeb\xa5W\x04\xfc]\xbbv\
\xb1\xa9\xa9)\xbb\xddn\x0f\xa2\x95\x0f\xc3\x10G\xfb\x22\
\x06\xb2\x94\xd2\xde$\x90E\x7f\xfe\xa5\x80\x8f\x13a\xa8\
'W\xd8>\xd1\xb7\xed\xd2\xc5\xe9\xbb\x97\x16\x97\xd6\xa1\
?>\xb6f\x14&\xd6\x8e\xc3\xd0p\xbf\xba\xb1*\x90\
S\x1b?\xc4\x0c\xc7U\xedEP\xb4\x86\xfa\x99v\xa3\
\xa6\x5c\x10\xa4\x06\xb3\xb9\x9c\x1a(\xd5\xbd@\x89\xc1.\
\x97\xf8\xad\xe8^\x14##!\x93\xcd\xc2\xc8\xf8\x04\xf4\
\x0e\xaf\x85t\xbe\x0ca\xe0\xc1\xbe}\xcf\xc8\xfd\xfb\xf6\
\xc2\x0b\xcf>G\x86\xfa\x8bP*Dz\x9c\x84\xc6L\
&PtN\x04n\xbb\xf3n\x18[\xb7\x11rEl\
X\x855\xc1\xd7vu\x12\xe0\x07\xbeO\x8e\xbd\xf0\x02\
|\xed\x1f\x1e\x86\x85\xc5\xba\xa2'\xb13\xf3\xd5\xc0O\
,w\x84\x9f\xcb\xc3\x95\xe8\xff\x95;\x81\x95i\xa9\x1c\
dR&dR\x96b\x8b\xf05\xb2;\xa6\x89\xab\xdb\
\xcb\x03?Fx\xd40\x0b\x9b\x82\xc6n\x93*r\x8e\
3\xd4MT\x8b:\x1e\xb8*\xb1\x87\x05B\x977w\
\xc1\x15\xc86\x0d\xb0SvT\x18d\x19`\xc4%\xa2\
\xf1\x0c\xc6\x95(\xa4@\x97\x19\xe7\xdf \x02\x1e\xf7<\
w\x1fO\xf1#\xb9LO\xdd\xf1\x055\xf2z\x9ax\
\xc1\xb0t\xc3\xf5N\xb3\xb9Qrv'a\xfcv&\
\x85\xcd(|E\xd3\xf5\xff\xc7\xa4\xf2\xfbh\xf9\x93}\
\x8e{Hi\x07P\xb1\x85H\xf2uM\x84\xe7\xdf\xfc\
\xc1_\xbf\xa1\x8d7n\x04\xf8t\xeb\xd6\xad\x96eY\
\xc8GJ\xc7q\x1c\xdf\xf7\x0b\x8c\xb12c,-\x84\
\xa83\xc6\x1a\x8c1l\xdb\xdd\x1f\x86\xe1\xb5\x80\xaf\x82\
\xda\x8e\x89\xa0\xac?\xde\x90\xb4\xc5\x8d\x81R\xbeX\xcd\
h\x0fB\xe0\xec\xb8tq6e\x98\x06\xed\xa9V`\
\xed\xfa\x09\xa8\x94K\xeaF&\xdd\x17\x94\xa21\xb1P\
\x1efW\xdd\x88\x12D.\x1e\x13L\xd8\xae\x8f\xb2\xa8\
.7\xa6#qi_\x01\xea\x8a<8VHb@\
\xc95He\xd208\xbe\x0ez\xfa\x87!\x9b-(\
\xad\xccs\xcf<\x07\x0f\xff\xfd\x17!es(\x15R\
P.\xe1\x82vu\xe5T\xf4s\xbeT\x82\xa1\xd1\x09\
\xd8\xb4\xed.\xd00!G\xd1\x8a\xbe\xd8\xc7_\x01~\
\x10\x92\xe5\xa5E\x98:w\x16\x9e|\xfc\x07033\
\x0b\x16\xd6\x18dR\xd0\x5c\xae\xc3\xa9\xa3'\xa0\xedb\
\xcb\x15\x17\x1c7\xda\x9ete\x02w\xf81\xae\xa4 \
(\x07\xca1\xcb\xcb\x22\xab\x8f\x89.\xfc7\xe6\xfcS\
\x96\xa5V-\xcc\x95\xa0\xfcCU\xb0Y\xbaZE\xf0\
8U\xdf\x1b\xd3\xa9I\x1e\xe3\xb2\x1b\x84\x0e]\xb4\xf3\
o\x94=\x8f\xd4\xa6h\x8c\xa2-R\xa3\xf7&r\x0c\
\x9c\x0bJD\x881\xd0\xca\xacUu\x04\xcaU3\x0c\
#0t\xed\xa2\xaek\xb3\x9a\xa6-pJk\x94R\
\x9f\xa0\xfb\x0bR\xa3\x94\xa5(%Y)d\x0e()\
\x01\xe1EF$'\x04.\x00\x90\xc3\x94\xd1\xe7\x01H\
\x9d\x80\xc4~\x8e\xfd\x84\xf2\x01\xa0\xd4\xa4\x04\xbeE\x08\
|\xf5m?\xf3\x9b\x8fw\xdc\x9e\xeb\xbe|I\xe0\xa3\
e?r\xe4\x88\x89 \x8f?\xc1\x0f\xc30\xd04\xad\
H\x08\xc9\x0a!\x9c \x08.i\x9a\xd6\x08\xc3\xb0\x87\
16(\xa5D\xab\xaf\xa8\xcb\x04\xe8\xe8\xcf\xc7\xac\xce\
J\xa0\x8b\xbf\x8b0\x14\xad\x0a\xdb\xd7\xf6\xdc\x915\xe8\
\x9b\x96\xe6\x1677\x1a\x0d\x03\x97\xcb\x81\xe1A\x18\x1f\
\x1b\x81\xde\xde\x8aZ\xd2U\x1f|\xf4\xf7\xb1\x9dk\xdc\
H\x0a]\x1a\xc47\xfa\xef\x91/\x1f\xefO\x8b\x01_\
,\x04S\xecG\x87\xc2\xb1S(\xa6,x\x84](\
\xf7\xf6A\xef\xe00\x0c\x0e\x8f\x83\xae\x19p\xfa\xd4i\
x\xf8\xf3\x0f\xc3\xf9\xf3\xe7\x00d \xc7\x86\xaa\xc4\xb6\
c\x19\xc1\x8b\x14\x97\x02J\x95^\x98\xdcz\x07T\x07\
G \x95\xc9\xad\xb8]\xca]\xeb\xe8\xe7\x83\xaeN\x10\
\x84D\xb9p\x22\x84\xa7\x1e\x7fB}\x17v\x91\xc3s\
\xc5\xf6\xe8\x8d\xc5%\xa5]\xc2\x1e\xfb\x98o\xc0\xf7\xab\
U$D\xfe>\xaa9\x08\x02\x01\x0d_\x80\x13\x08\x14\
\x02\xbeh\x90\xa3\xdf\x10Hay&\x82_\x15\xec\x18\
\x91e\xb6u\xb0\xd1e\x8ac\x07\xbc\xbf\xf8\xd45=\
\x8a-\x94\xdb\x14\xaf\x14j\xdf\xdf\x08*\xf8o\x123\
$}D\x15\xec\xd1\x05\x0d\x02p<\x5c}}\xa5k\
J\xa4\xd8j|\x94\xfb\x83\x8d\x02\xa22Jt\xcf\x94\
\xab\x14\x07\xdf\xca\xa5K\x5c\xb5\xe4o+\x8dy\x15!\
\x88\xff\xf9\x84\xd1)B\x88K\x09h I\xbf\xa4\xd4\
 \x84\xb6)%\x07\x18\x83\xbf\xcb\xa6\xb3\x9f\xaa\xa7\xd7\
-=\xf0\xc0\x03/\xb9\xd9\xdeK\x02\x1f\x03W\x94\xce\
\xfb\xbe?F\x08i\xa2e\xf7</G\xb1\xf7\x87\x94\
m\xdb\xb6O\xf6\xf7\xf7\xb7\xce\x9f?\xaf\xa3\xdbCp\
\x06\x12RB wP\x98*\xb0}9\xe0c7\x85\
\xd1Jv\xed\xba\xbe\xfc/^\xbax)?77\x0f\
\xbe\x04\xd8\xb0~\x02\xf7\x9aR\xbb\x8e\xa0\xbb\x83.\x8d\
\xe7\xa3\xde\x05\x94\xff\x8a\x95W+\xc1\x5c\xdc\x832\x12\
\x8eE\x1d\x8a\xb1\xbbA'\xe8\x11\xe8\xf1\x84\x8b\xeb_\
#\xd0G\xbf\x97P(\x14a\xdd\xe4\x16(W\x07\x15\
_~\xea\xc4\x11\xf8\xe4\xa7\xfe?8v\xe4\x04\x8c\x0f\
\x0f\xca\xe1\x81\x22\xc9g\xad+\xb5\xf5\xb1\xcc\x18\xa5\x09\
\x98\x13\xb8\xf3\xbe\x07ahlm\x94\x88\xea\xe0\xf1\x93\
FV\x08|\x11\x22\xf0\xa3\xaeoX\x9b{\xe1\xfcy\
xv\xffsp\xfc\xf8ih,\xd7U\xe3\x5c\xdd\xd4\
\x95\x9e\x09}z\x04\x09\xd6\x10;\xae\x07\xcd\x96\x0b\x8d\
f[\xe5#p\xc3\xb9\xe5\xa6\x03\xcb\xee\x8b\xc7\x19\x03\
\xd9@*{\x1d\xf53\x8f\x1f\xc9\xd6\xed\x9c\xe0\x8ak\
@.\x93\x82|6\x0d\xb9l\x06\xb2\xd9\x0c\xc6\x1b2\
\x932 eq\x821\x92\xeah\xf12\xc0\x8fV\xda\
H\xcc\x87_\x88\xc9?\xb5IF\xcc.\xe1$h{\
\x01\xb4\x1cL\xc4\xb5\xc1i;\xd1>\xc11\xf0qE\
\xc0\xc6\x01\xc8d\xd9vTS\x8d\xad\xd91\xa6\x88\xea\
.\xe2\xf3gL\xe2\xb9\xa8^\xa4H\x8f\xab\x8d<T\
oR\xc18\xdfcg\xec\x8f\x02u\xf7\xde\xfd\xee_\
\x8bT\x8e\xd7y\x5c\x0f\xf8\xf4\x9e{\xee1<\xcf\xab\
\xc4@\x16\x01!\x12\xdd\x13&\x84A\x08Y\xa2\x94\xce\
\x85a\xb8\x8c\x99@\x14\xa8i\x9a\x86\xc7\x8e$>\xfe\
\xcd\x02\x1f\x89\xb1B\xda,\x8c\xf7d\xb6\x04N\xebM\
N\xab\xb5v\x09\x01\x90\xb2q\xaf)\xd8\xb4q-\x14\
\x0aY\xb5T#H\xa3\x22\x8e\xcb\xc5(\x91\x1fze\
\xe1v\xd2\x7f^\x01=\xd9\xec9\x99\x10+\xbcx\x5c\
\x07\x1b\xb35\x9a\xa6\xab\xddK\xc6&\xd6A\xb1RU\
,\xc8\xc3\x9f\xff\x02\xfc\xe0\x89\xa7\xe4\xdc\xc2\x12\x19\x19\
\xa8B\x7fo\x11\x8a\xb9\x88\x0e\xed\x5c=\xf0g\x0c\xf2\
\x86\xc7\xd7\xc1\xf0\x9au04\x8e\x9b\xc0\xe0w\x87/\
\xb2\xf8\x9d\xc0\xc7\x84\x1d\xee\x9b57}\x09\xbf\x07N\
\x9f:\x0bN\xdb\x05\x8a\xc1\xa9\x0aP#\xb6&\xf9>\
\x9c\xf0\x0a\x5cj\xaeFmK0\xa2S\xabA\x80;\
\xb1\x04\xe0a\xeb\x16\xc7\x87\xba\xe3A\xab\xed\x82\x87\xc1\
\xeaU\x8b\x82*e\xc4\x12I\x8d\x83\xa5,\xbf\xa6\xac\
>\x82MY\x7fC\x83\xb4e\xa9\x15\x03\x01\x891\x03\
\x12\x0e\xe8*a\x01<\x1e\x87\x80\x8d\xe6\xd5\xe5\x95@\
e\xbc;\x80\xaf\xce[\xc5=\xe8\x22Ec\x97\x90\x10\
\xd1\x9b\x15\xf1\x13\xef\x19\x10\xed\x1b\x10\x88\xe8\xf8\xc8\x9f\
\x02\xc5n\xe1\xd8\xe3\xf7\xe2\xaa\xa5\x9e\xba\xae\x82z\xbc\
7jr\x10r\x12({\x8a3\xf2u\xe0\xe4\x07\xb3\
\xc1\xc2\xd1]\xbbv\xfb\x047O\xbb\xeaq-\xe0\xb3\
{\xee\xb9Gw\x1c\xa7\xc09/\x10B\xac \x08\x9a\
\x92s]J\xa9K\xcfkQJg&&&\x16\x92\
\xcd\x8b\xd1%:y\xf2$\xfa\xfb\xa3\xc8\xe5S\xb5\xfc\
\x10\x9eX\xf9\x1b\xb1\xf8\x08|\x9d1\x9e\xb5y\xaa\x92\
\xd6\xeff\x22\xd8\xdeh4\x06\x9a\xed\xb6\xea\xa7\xb3f\
l\x18\xfa\xfb*P.\x17\x94\xbc\x81\xb2\xf8\xd4\xe3\xc0\
\xab3\xab\xda\x99\xf1\xecdq\x12&\x06}\xd0\xe8\xf8\
\x04\xb8Q\x0c\x90\xc8\x03\x10\xad\x03C#004\x0a\
=\x03\xc3\xf0\xdc\xbe\xbd\xf0\xfd\xc7\x1e\x87o|\xe7\xfb\
P\xce\xe7\xa0\xafZR\xdb\x87F\x96\x18\xb9\xc4\xce\x04\
\x97\x84t6\x0b\xfd\xc3\xa3\xb0q\xebv\xb0\xd3\xd16\
AW\xbb:\x9d\xc0G\x95'\x96\x16\x06^\x1b\x9e}\
\xe6Yx\xe1\xf0Q8u\xea\x9cJ\xa6\xad0+\x89\
\x0fN\xa9rO\x10\x98Q\xeb\xf2\x98\xbd\xc1\xb6\x84*\
\x9b\x1b\xb9B\xe8\x1e\xa1\xce\xa7\x85\xa5\x8b\xd8\x81Z\x01\
\x9f@\x10b\x7f\x92\xc4U\xc2\xf6-\xc8\x92\x05\xaa\xa6\
w\xa5~2\xa2\xe5\xd4\x8a\x95\xb6-U\xcc\x9fF\xf0\
\xa7\xd0e2\xc1\x8c\x81oa\xbc`\x18j\xe2\xe0\x18\
\xe1\x13'BT\xb3\xc0\xd4\xa4Z\x09\xc2\xe3\xd7j\xe5\
@\xa0\xaa\xd6\xe9\x11\x1a\x15\xe8\x95T\x05\x13\x8d\x1en\
\xe5\xaa\x5c&<\xb7dS\xeed\x8f\x02T\xab\x22\x8d\
\x8an\x93j\xdb\x1e\x07\xee\x18\xcfPJ\x03\xc2\xd9\xa2\
\xce\xd9\x0f\x08cOR\xce\x9f\xb39\x9f\x0b\x05\x5c\x00\
\xa7v\xe9;g\xc0K\xb6[}\x11\xf0q\xef\xaaj\
\xb5\x9as]w\x98\x10\xe2\xe9\xba\x8e-\xeb\x10\xfc\x96\
\x94\x12\xfd\xfbc\xc3\xc3\xc3\xcdk\xec\xd8Mn\xbf\xfd\
\xf6a\x00@\xf0\x17\xb1\x0b\xda\xcd\x02?Y\xcf\xca\x19\
#[\xb2\xf5\x0d\xb6Fv\xcd/,d\x96j\xcb\xca\
\x0a\xf4\x94\xb202<\x00\x1b6MB:m+?\
\xf4J\x19A\xec\xde\xc4\xabA2\x01Vv4W>\
\x0dVn \x0f\xbf\xd2\x97^1;\xf8T+I,\
)F\xde\xbf\xdcS\x85M\xb7mW.\xd5s\xcf\x1f\
\x80\xbf\xfa\xe8\xc7\xd5\x96>H=\x0e\xe1n\x87\x95\x1c\
d\xd3(M\x88\xb3\xbaqv\x17'\x0e\xca\x17\xc6&\
\xd6\xc3\xc8\xda\x8d\x90+\x94^\x16\xf8\xe8\x92\xe1\xce\x8e\
\xae\xd3\x82c\xc7\x8e\xc3\xa3\x8f|\x0f\xe6\xe7k\xd0n\
_\xbf_\xac\xea<\xae\x9a\xd0^\x1eF\xb4\xc2\xe8&\
!(P\xc5\x89jN\xa4>Q\x06\x8e\xe0\xaa\xb7\x03\
h\xb6U\xd1\x0f,7\xdbPk\xb4`\xb9\xd1P\xae\
G\xd4\xfa\xa4\xe3\x81V[\x15\xdd\x5cv5:\xc9%\
\xdb4!\x9fIA)\x97\x85B>\x0d\xf9\x5cZ\x15\
\x0ca\x0d\xc55Y\x9dx\x9f\x80\xab\x81\xdf\x19+\xac\
\x04\xd5\xd12\xb22q\xd0\xed\xc4\xb8\x017\xd6\xc0]\
\xe4\x9bMtyq\xb7\xfa(\x7f\x81\xf2\x13\x0c\xd8S\
)S\x9a\x96-S\xe9\x8cc\xda\xf6\x82\xa1\xb1\xe7A\
\x92\xcf;\x9e\xfcR\xb9e\xcf%Th'\xf0\x95\xec\
\xe0\xf0\xe1\xc3\xc8\xd6\xe0\x13Y\x1c\x07\xc1\x1e\x04A\x91\
R\x8aI\x09T\xf7\xd5\xae'tZ\xbf~}\x06\x85\
i\x86a\x0cK)1\xa9\x85\x9c\xfe\x0d\xf9\xf8h\xf1\
\x13\xe0\x1b\x1a\xd5\xb2\xa6V,\xa6\xf4\xf5\x10\xfaw\xb9\
\xad\xd6\xda\xf9\x85\x05\xd0\xa9T;\x94\xa3\x90,_,\
B\xa1\x98\x87B\x1eo4\xee,h\x00\xc5\xcd\x0c#\
\xbf\x06\x08.\xfe\x1d\xdd\x0d\x92\x007\xbaQI\x9b\x8f\
8yy\x95\xda2\x09\xca\x90\xa3/\x96\xca002\
\x06^ `\xdf\xbe\xfd\xf0\xe4\x93\xfb`\xea\xc2Ee\
\xf5\x06z\xcb\xd0S\xcaA>\x83\xe0\xefp{\xa4\xc0\
\x9d\xd7\x95\x86\x7f\xd3\xb6\xed002\x0ev:\xa7\x12\
j\x11;s\xa5\x8f\xaft\xfdhqU?!\x1fj\
\xb5\x1a\x5c\x9c\x9a\x82\x17\x0e\x1f\xbbt\xfe\xdcE\xbf\xd9\
r\xecP\x08-\x08\x02\xdc\xa2\xd4X)RGW/\
f\xb2\x12\xb8\xe2\x92\x1f[\xbf8\x10\x8d\x94\xa7I}\
\xb2$\x08dt\x9f\xd4\x8d\xbaB\xaf\xe6\x87(\xe7\x88\
\xf4@\x09e\xd9\xc2\x98\xc2q\xa1\xed\xbex\x02\xe2\xf7\
`aNJ\xad\x00\xba\xb2\xfc\x18\xbc&\xc11\xae\x08\
\xb8\x9dY\x06[\xc0\xc4\xf4*N\x08\xd4C\xe1\xfb\x92\
\x86\xc1W\x03?\x09\x9eWr\x0d\xaa\xce9\xee\x92\x87\
%g!j\xa0b\x01_\xe4+E\xae\x1f\x96sb\
\xdc\xa4H\x00)B\xdcn \x08\x96d\xe0=\x13\xfa\
\xee7\x1d\xe9}\xf2\xb7\xfe\xeb\x9eK\xf1;\xa2[\x86\
\xee\xca\xb1c\xc7\x90\xaf\xc3\x0cl\x86R\xba\x14\x83\x16\
%\x93(<\x9b\x1d\x1e\x1e\x9e\xbb\x86\xa5\xef\xb4\x11j\
\x8b\xcft:\xdd/\xa5\xec\x0b\xc3PY~!D\xa2\
\xd5\xb9.\xab\x13gs\x95iA\xd7Hc\x8c\xe7R\
\xdc*\x98\xda]T\x06\xb7;\xcdz\x7f\xa3V3\x9c\
v\x8b\xe2N\xe7\xaa\xb5H\xb1\x08==E\xc8\xe5\xb3\
\xaa\xab\x1avYS~'\xa3\xa0i8\xe0qfQ\
uCHnH$9\x88\xba1\x04*O\x80\x16\xe3\
j\x99qD\xd9I%\x0c\x1b[\xbb\x16*\xd5>\xa5\
\xc7\xff\xeew\x1f\x87\xfd\xfb\x0f\xc0\xd4\xd4%(\xe4\xb2\
\x0a\xf8\xfd=(3\x8e\xbe\xeb\xea8c|\xedz\x18\
\x9dX\x0f\xc3\x13\x1b\x22\xa5\xa6\x0av\xfd+\x82\xdbN\
\xe0G\xf5\xc4H_z\xf2\xc8\xe1c\xa7_8rr\
\xe6\xe8\xa9\x0bM?\x08\xb40\xf0\xf5\x10\xc1/\x04\xc6\
\xa5\xa6\xc6H\x0a]t\x02\xc4\x00\xa0\x06\x80T\xd9\xf2\
$\xb8O\x06Fu\xa1HbC-\x02(\xae\x06*\
\xfb\x1b\xfb\xf3\x18<\xa3+\xa44>a\xa0\x08\x84\xa8\
u\xbb\xaf@\xefx^D\x02`+7\xc5(%O\
\xect\x17\xb3fW,\x16D%\xe62\x98\x98\xcb\xa4\
\x15\xf01\xbf\x80\xff\x22\xfbf\x1a\x86\xda\x92U\xc5\x14\
\xe8&\xc5\x13&r\x95\xa2{\x19\xb91\x18;t\x04\
\xb7qB.\x0en!\x0an\xa3:g4,J\xd9\
\x8b4\xb7\x87\xaf#&\x8cQ2\xa7s\xb6\xbfP(\
\xfe\xa9\x95-\xec}\xdb\xcf|xz\xc5\xe2\xe3n\x85\
\x9e\xe7apjRJ\xbdF\xa3\x814%24Y\
do\xda\xedvc\xef\xde\xbd\x91\x10\xe5\xa5\x1fd\xfb\
\xf6\xed\xe8\xdf\x8f\xe0\x93R\x8a\x825,AT\xdf\x95\
\xe8v\xae\xa63\x11\xf8\x1d\xab\xc3\x8a\xf5'D\x1a\xfd\
\x85\xd4\xf8\xba\xbe\xdc\xfb\xce\x9e\xbbP\x9e\xbe4cH\
\x1f\xbb\x1aHeU1\xf9\x94I[\x90\xceD}v\
\xb2\xb6-3i\x1b2\xd9\x14Q{\xcf\x1a\x86\x02y\
\xd4\xae\xc4W7\x07\xfdH\x94=\xe3\xef0\xd9\x85\xcb\
y\x04\xd8\xcb2c\x04>\x06\x85ss5(\x162\
06>\x06\xdb\xee\xba\x07\xa6/]\x84}\xcf<\x0b\
_\xfc\xd27\xd4\xe7dl\x03\x86\xfb\xcaP)e\x15\
\x1b\x91\x04\xddI\x91\x08\x0e\xdc\xd0\xd8\x1a\xb8\xffm\xef\
\x94\x9af\xa8k\x0c\x02\xef\xa5\x81\xaf\x82a\x1ff\xe7\
\x16\xa6\x8e\x9d\x9a\xda\xf7\xff~\xe1\xd1\xafKB\x94\x89\
#\x0cS \x90-\x99\xb4\xb7\x92\xd2\xc6 h\x95%\
\xc8\x1eBxE\x0a\x99\x12\x22\xc4\x95\xe1\x8a\x11\xea\x04\
\xfe\x15\x7f\xa0Q`\x98\xc0\x0a'6Zl\xdb\xe4Q\
 i\x22\xf7\x8f \xc5\x89B!\x10T\xb5<\xc1\xdd\
\xdb\x1bM\x17\xea\x8d\x16\xd4\x96\x1b0\xb3\xb8\xa8\xe2\x88\
k=\xd0\xaa\x1b\x98+H\xb2\xbfj[%\xaa\xdc/\
\x8c\x17\x90I\xca\xe7\xf0\x99\x86t\x0aiVK)^\
\xd5\xde\xc0+y\x99\x97\x06\xbe\x0an\x95[\x14\x9fA\
,\xecK2\x0c\xd1o\xc9<\xe5\xecK\x84\xd0O\xbf\
\xe5'\x7f\xf5k\xeaP\xa4-\xd5\xee%\x9cWH\x10\
49\xe7\x0d\xdf\xf7\xd1\xfa\xa3\xb5\xf7\x0d\xc3\xb8\xf0\xf8\
\xe3\x8fc\xef\x96\xeb\x161\x5cu\xd1X\x8a\x98\xd2u\
\xbd\xcc9\x1fE\xa9+\x00(\x1a$\xce\xe4\xae$\xb4\
\x12=\xcf\xf5\x80\x8fDI\xda\xe4\xe9\x9e\xbc=$|\
\xb7H<g\x80\x87\xde\xa6\xa5Z-\xed{\x9e\x96\xce\
 \xf0m\x95\xf8I\xe7\xb2\x90C*N\x01?}]\
\xe0\xafL\x00\xe4\xc61\x11\x83_\x82\xc5\x1d@T\xd5\
S}\xb9\x0e\x8d\x96\xa7t\xef\x18$\x22)P\xad\x94\
\xe0\xb6m\x9b\xa1\xd27\xa0&\xc43\xcf<\x03\xfb\xf7\
\x1f\x82\xd9\x999\xc5\x8bG2c\xa4\x02c\x99q\xec\
\xef\xe3\x80c\xb0\xdb78\x04\xeb7\xdf\xae\x98\x22\xb4\
N\x91\x06\x09\x83\xd7 *a\x8c]\x9d\xc8z*\x0b\
*O\x1e?\xbd\x7f\xff\xa1\xe3\xcf|\xf1{\x07\xf6\xc5\
\xcc\x04\xee\x9c\x8at\x96f0b\xa6uj\x93\xd0\xd3\
\x80H\x83\x003\x09\x91T\xe0\xc6\xd5BpC\xd3z\
\x0c\x0ae\x83A\x91Q\xc8J)\xadP\x84\x9a\x94\x80\
:\x10\xa6\xbeC\x01\x9f@\x04\xfd\x88\x99A+\xcb\xd5\
f\x18\xf1\xde_ZT0\xa3\xa8I\xd4\xe6(-P\
\xc4\xa6\xad\xf4\xf6\x8c\xda\xa3*w\xc4Un\x92\xaf\x5c\
\xa5\xb6\x13ex1\x09\x87\x06G\xdd\xe7\x18\xf8\xd8\x15\
Nu\x87\xd3u\xe56\xa2[dj\xb8Rk\xc0U\
\xa0\xac\xab\x8ey\x16\xbaF\xaa/*\x8a\xf5\xb0L5\
btP\xb8\x97\x04\xca\x09\xab\xb3b\xc5\x15\xfd\x1a\xe5\
\x1c\x92\xeb\xa2\x04<B\xd9\x14P\xfa\xb7T\xd3>\x8d\
\x7fAe\xa5\x92\x11\x07\xc8\xcfSZ\xd3\x82\xc0\x09\x08\
\x19\xe2Rb\xfa\x177n\xbb\xa2U\xc8\xcb\x99\xfc\xe4\
\xef\xb8\x8a\xb8\xae; \xa5D~\x1f\x8bRP\xc1\x19\
!,\xa2\x15\x95j3\x915$\xe2\xb5D\xc2\x1c\x8d\
\x05Y\xc9\x01T\xf2v\xba`\xf2>\x1e:[\x16\xe7\
\x17\xcaA\xe0\xe5\x8a\xb9l&\x952\x0d\xdb\xb24+\
\x9df\x19d R\x16d2\xf6u\x81\x8f\xba\x14\xa5\
\xed\xc1\xde\x9c8(qR\x0c\x97\xefV\xcb\x81\xf9\xf9\
Eh9\x01\x04\x22\xca8b@\x85\x05\x1e\xa3#}\
\xb0\xf9\xb6mP\xa9\xf6\x82\xeb\xb6\xe1{\xdf{\x12\x0e\
\x1e:\x0ass\x0bP\xca\xa7\xa1R\xccB\xa5\x94Q\
\xee\x16R\x90\x89p\x0cA\x84\x03\xbaa\xeb\x1d04\
6\xa1\xa4\xcc\xb8\x7f/\x82?q\xc1\xae\x04~\x14\x9c\
\x9c=}v\xff\xb3\x87\x8f\xef\xfb\xfbo?\x8b\xc2\x9d\
\x98\x8eW\xc0\xc7\x1b#\x84\xda\x00I\x88\x84\xae\xc3\xdf\
\xe1\xbd\xe3\x9cp[\xd7\xaa\x19\x9d\x94\xd3\x14\x8a\x04\x81\
/\xa4\x19\x84\xbe.\x850)\x80IHh\x11\xcam\
J\x89\xc5P\x8a\x8c\x8c\x1d\x00\xc7\x89\x93\xb0_\xea{\
\xe2n\x12\xf8\x1a\xd9\x14\x95\x15V,N\xcc\xe4(\x9a\
1f\xb7\x00{\x86F\xab+\x1a\x0ct\x97\x90Yr\
=\xbc\xd6 \xea8\x91d\x0b\xe3\x04cbx\x90\xf1\
7\xa8T\x13\x0eW\x1e$.\xd4\x84P\xc0\xc7`\xdd\
P+<\x02\x1fk\x16\x94`\x0f\x13a\x18W`b\
\x0c]\xa48\xc6X\xd9w\xf8\x0a\xe0Gt+\xa1\xec\
o\x99\xa9\xff\x0d\xba%\x9a\x10B\x01\x9316\x13\x04\
A\x18\x86\xa1\xc19\xaf\x0a!.\xe5\xf3\xf9\xf3\x8f<\
\xf2H\xd4=\xe9\x95=\xc8\xb6m\xdbFb\xcb_E\
E\xf2\xf5\x80\xdf\xa9\xed\x89\xc1\x8f\x89\xb0\x15\xe0\xe3$\
U\xc7\x00\x90|Z\xafV2\xe6\xc8@\xd1\x5c\xcf)\
\xeb\xa1\x5c\xcbi\x9c\xdb\x86\xa1Q\x0c\xa0\xb2i\x13\xd2\
\xe9k\xbb:\x9d\xc0Gm\x102\x1c\xf5\xe5F\x94\x08\
\xaa\xb7`\xb9\xd6\x8cU\x91\xa6r\x95\xda\xad\x16\xe0\x0e\
\xeb\xe82LnZ\x0b\x9b\xb7n\x81\xcd\xdb\xee\x84c\
G\x8e\xc0\xde}\xfb\xe1\xd1\xef=\xa5\x5c\x9c\x8cm\xc2\
`O\x1e\x8a\xf9\x14Xf\xbc\xa5\xe7\x8a%%*\xa8\
\x1b\x19_\x07;\xde\xf2c*\xc0\x8d\xc4u\xd1\xf6\xa5\
\xe8\xd7cp\xbbB\xb5\x82\x04\xa7\xd9\xb8t\xf2\xec\xc5\
\xa7\xfe\xf8o\xbe\xfc0\xc6I\xb1!Pu\x86\x08\xf6\
k\x01?\x9e\x10\xc9\xe4P\xc7\xa9U\x02\x03\x96\xf8\x91\
\xb6\x8d|1\xa5\x0f\xe8\x10\x8ejT\x0e\xea\x8c\xf6Q\
\x10y!D\xd6\x0fEJ\x19\x82\x98\x19\xeb\x04\xfe\xd5\
\xc3\x8fV?\x09D\xd5\x06w\x98\xc0\xc3\xeev\x98x\
3\xb8\x22\x1d\x10\xb8\xaa\xd7\xa9\xc6\xd5$\xc7\xd2Rd\
\x95\xd0\xc0(v\xa6\xd1\x80V\xcb\x05\xdf\x0b.\x03\x1f\
w\x9b$T*\xc1\x1f.?\xf8@-\x04\xa6\xa7c\
Z\x09\xbf[\xb7u\x82\xee\xa5\x9d\xc2\x0e\xda)E&\
`\xf9f&\x9bW\xae\x1a\xbaT\x97-~|\xae\x94\
~\x86\xea\xfa\xa7\x11\xf8\xb8A\x1b&\x9f\xb0j\xea\x22\
.\xa3(-F\xce\x9e16\xbdw\xef^\x8c\x82_\
)\xe8\xd5\x17o\xdd\xba5\x85\xf1\x82\x10\x023\xc0\xb8\
\xba\xa4\x12\xf5f\x1c\xcc\x12\xdc\xf5!\x06~\xe2\x06\xa9\
lv\x12\x1bt\xb0>\xea\xef\x86\xc6L\xcb`\xa9\xbc\
\xad\xe5\xb0x\x82S\xaa3\xca4\xc6\x19Y\x09\xdc\x0c\
\x83\xaa\x9e7\xc8\x04\x04!C\xe3\x88\xbe{V\x13}\
i\x9d\x0fX\x96>@@0\xcf\xf7HK\xd1zm\
\xa8\xd5\xd1om\xaaA\xc4\xa5\x15\x15\x91\xb8A\xb3\xef\
:\xca\x05)\x14\xb30<2\x04[\xb6n\x81|\xa1\
\xa8\x8a\xc8\xf7=\xbd\x0f\x8e\x1c?\x0bK\xb5(\xe3\x8a\
4g1\x97\x86\x94\xa5\xc7\x05\xe0\x91\xff\x89\xb1\x04\x16\
\x95\xf7\xf6\x0f\xc2\xf8\xbaIEybU\x98\x02\xber\
\xbb\xfc\xcb\xf5\xbd\x18\x5c\xfb\xae\xb3\x5co\x1e;un\
\xfa;\xcf\x1f?\xfb\xb5o|\xff\xf9s\x8c1\x03\xe3\
0!\x84!\xa5\xc4\xd7\xf8/\xce2,\xf8Q\xf64\
Y\x05\xae\xfe9Y)\xd0\xa0\xa64fiD\xa68\
#&\xde2&AY\xfc0\x14Z\x10\x8a\x14cP\
48\xabf\x0d^ \x00(7\xcfJ \x19!\x85\
\x96\xd0\x9e\x9d\xc0ODm\x91:3\xae\x0dF\xb7f\
%X\xc5\xedS\x91\xdfW]\x9f%e\x14\xe59\xca\
\x98\xe0\xbdV\x15g\xf1\xdeeXs-<!Q\xa2\
\xe2\x07\x1e\xc1\x00;t\x03\x90H;\xe1\x1c\xc0}\x10\
0\xacE-R\x9c\xe0S\xb4+\xd3\xb0\xc3\xaeZ\x19\
pE\xb2L\x0dr\x19[\x91 x\xaf\xe3\xea\xb6\xbf\
\x22\xa6\xfe\x97\xc8\xbd\xf7\x03\x00v>6]\xd7\xbd`\
YV\x0a\xf5\xf5(Qh\xb7\xdb\xb3\x07\x0f\x1e\x5cx\
e\x86\xfe\xf2\xbb\xe2\xfa\xdb\x1ccl,\x99d\x89^\
?\x16\xab)\xbdN'\xf0\x13v'\x99\x181\xf0\xd5\
\xd8%\x81ql\x01W\x98\xa0\xce\xc9\x11\xfb\x9c\x89\xf6\
?\xf9|e\x02\x86s\xc6@5\x97\x1a\xcc\xe7S\x03\
\x1a\x07\x93\x80H\xc90(5\x9bm\xad^oQ\x04\
\xbf*@\xc7\x1bh\x98\xca\xad\xc1\xae\xc7\x18\xcc\x22U\
\x97\xcfgadt\x086o\xdd\x0c\xf9|\x1e\x16\x17\
\x16\xe0\x07O=\x0bGO\x9cV\xe0WnO!\x0d\
=\x85\x8c\xe2\xd1\xd1GN\xf8i\x1c \x1c\x98\xb5\x9b\
\xb6B\xff\xd0\x08\xe4\xb2\xb9\x95\xcd\xea\xd0\xfdI|e\
e\xf9C\xd5je\xdeu\xdd\xa3N\xdb\xf9\xc2\xfcR\
\xf3\xf9\x0b\x0b\xcb\xf5\xe3\xc7\xcf\xd6\x0e\x9c\x9e\xf5\x1b\x8d\
\x06\xfa\xf3\xa8kB\xa6\x07'\x01J\xc1W\xea \xf0\
\x1ew0j\x89T<\xaaL\x8fn\x1e\x86\x12a\x1c\
7\xa8\x9f\xe3\xefO\xd9\x1a+eL^\xad\xd8Z\x91\
\x13\x99\xf3\x82 \x07\x84\xa4C!\xf4 \x084\x8d\xf3\
\xac\xc6H\x9aS\x92\xc2$\xa7$\xa0\x87Bj\xaay\
V\xd2\x0bH}G\xb4=\xaar\x958\xfa\xf4*\x03\
+u\x8d\x13\x04g\x92\x89EW0\xeaM\x145\xfc\
\xc5\xbaJ\xfc9\x10!\xc1\xd6\x89\x02e*~ \x15\
\x9f\x1f\xf8\xc4SD\x05\xba\xacj\xe7K\xb5\xe2\xfa\xd8\
\xa5ZD\xc90\xce\x88Zu\xb0\xcea`\xb0\x1f\xfa\
\xfb\xfb\xc04-\xc1\x19\xfb#;\x9d\xfe\xaf\xe4\xce;\
\xef\x5c\x8f'\x8e\x00D\xe0\x9b\xa6\x89\xfc;\xae\x02\x97\
\xda\xed6\xf6\xc0|\xb5\xdbM\x92-[\xb6\xe417\
\x10\xcb\x192a\x18Z\xd8?\x13\xcf\x0f\x03\xb1\xc4\xcf\
\xbf\x1a\xf8\xf1 \xa88\xe0:\xc0O\x962\xb5:\xc4\
S\x0d\xef\xf2J@\x8f\x9f\xd9\xf1\xde\xe4x,\x94Q\
\xc7d--\xdbW\xb0\xc7\x06\xf2\xd6\x9b}\xaf\x9dm\
\xb5Zz\xbd\x8e\xd6\x1d\xfd\xcdH\x03\x8f\x94\x18\xee\xd1\
\x85[\xf7DKzd\xc9\xb6nY\x07\x9b\xb7L\xc2\
\xda\x8d\x9ba\xdf\xd3{a\xef\xbeg\xe1\x99\xe7\x8f\xa8\
\xf7\xe63\x16\x8c\x0f\x94\x15\xe3\x94H\x83\xa3\xf3\x8b\x82\
Bl?28:\x06\xdbw\xdc\x8b\x89\x12\xa28~\
/R\xd4\xe2\xfb\x13\xe0\xab\xd4\xbe\x08\xa5\xef\xfa\x97\xfc\
0x^\x10x\x84\x84\xf0\xb5\x00\x16\x8e<\xf0\xc1\xdf\
K\xc6\x06id\x8e.j>\x9f\xb7\x83 \xc0b \
L8b%\x9c\x8d+CLTD\xfa\x82\xcb\x8f \
\x01}\xb2\x1a \xe9t\xb5\xa1\x8b\xdd\xaa\x10g\x95\xc2\
\xaf\xa9e\xc7\xaa\xc5M9.\xd7\xea\x10\x8ck\x8c\x0c\
\xf8\x02Jm_d\xc2  \xf19\xc7\xf7\xfa2\xf0\
\xafg@\xa3-Ui\x9c\x842!m\x1b2es\
\x82r\x15\xcbN+\xf6\x07\x83k\xcc07[mh\
7\xeb\xd0j`U]S\xe9\x960\xc9\xe79.x\
\x98\xb1F\xa9C\xdc\xe0\x8b\xa8\x00\x9e\xc1\xc8`\x15\xc6\
\x86{\xa5a\x98(r\xfb?\xff\xdd\xef\xfc\xd5\xef\xaf\
\x00?\x08\x02\xaei\xda|\x18\x86\xe90\x0c\xcd \x08\
\xce6\x1a\x8d\xda\xe9\xd3\xa7o\xb6\x13\xaf\xa23\x1d\xc7\
\xc90\xc6\xd0\xca#\xa3\x80\xae\x8d\x12\xb61\xc6\xeaB\
\x88\x10u\xfc\x00\xd0+\x84(&\x92\x06\x04T<\x09\
\x94;s\xb5\xd5\xef\xe4\xfa\x93\x95 \xbe\x99\x9dJ\xd0\
\x04\xe8W\x80\xbf\xe3\xbdj\x8c\x13\x16Ic\xc4\xb0\x0d\
\x9e)\xa4\x8c\x92\x08}-\xf0\x02\x8a\xdd\x89Qf\xab\
\x14\x83\x0c\xfb\xd2S\x8b\x85^/\xb8\xcd\x8d\x80\x9cy\
$\xc2S\x1c\xfe\xc8\xc8 l\xd82\x09\x86\x95\x82\x99\
\x99y\xf8\xc1\x0f\x9e\x86\xf3S\xd3\xca\x7fE\x01X\x7f\
5\xd2\xf2\xa3\xdb\xb3R\x1a\x88L\x0ac\x8a\x8a\xad\xf4\
\xf6\xc3\xe8\x9au2\x9d\xc9\x12\xac\xf3U<?&`\
b\x8b\x9ftt\x08\xc2\xd0\x11\xa1\xa8I)/\x06\x81\
\xff'M\xcf\xf9\xe6\x8f\xff\xf4oO%\xd7\x8f\x1f\xbe\
s\xe7N\xbcf>33\xc3QF\xae\xeb:k6\
\x9b\xdc0\xd4b\x80F\x06s*\xf8\xc4\x18N\xc7:\
\x8aXZ\x82\x9d\xed\xd4\xa4\xb8Z\xd7\x82\x13#\x0c\xc3\
$\xa6P\xbbZ\xa0\xd1*d\xcdL\x86BZg\x22\
\xa5sn\x84\x92\xe8^(5\xac\x92\xd3\x19\xc9\x99\x1a\
\xeb38\xef\xe7\x8c\xf4P\x22\x8b \xa4\x15\x08i{\
\xa14E(p\xbcV\xe6A\xb2\x9f0f\xc8\x15\x83\
\xa4$\xd5Q\x1e\x06\xdd \x94\xc3sF\x89*v\xc1\
\x22\x1bex\xa2\x22\x9b\xc8M\xa2X\xe5\xa4r\x0d\xf5\
z\x03.^\x9c\x86F\xbd\xa1\xb8|\x5cI\x86\x86z\
add\xa0U(\x14\x0ep\xae\xfd\xe5\xfb~\xe5\xbf\
|\x9c\xec\xd8\xb1c\xad\xe7y6.\x97\x00\xd0\xc2\x9b\
\x82\xd6\xff&\x80\x8f\xac\x10ZY\xf4\xfd\xb0\xa5\x88\xe1\
\xba.Zt\xd4\xee$\xb1B\x88\xa0\x0f\xc3p\x811\
\xb6\x98\xc9d\xdcf\xb3\x89\xc1\xd4\x04j{\x94\x06(\
\x06\xfaU.O\xe2\xe3'\x93`\xc5u\x89\x03\xe4d\
\x82\xc4c\x16m\x0dw\xf5\x0a\x91L\x92\x0e\xca\xb4\x83\
\xf9\x8a\xea\x81\xafg\x8d\xf0\xf7)C\xb3-\x1a\xf6\x9a\
ak\x03#r\x84\x02\x14\xd1\x1fF:\xaeX\xc8\xc1\
\xf0\xe8\x00\xac\x9f\x9c\x04\xd3J\xc1\x85\xf3\x17`\xffs\
\x87\xe0\xcc\xd9\x0b\xca:\x95\x0a9\xe8)e\xa0ZL\
\xabAH\xdc\x1e\xfc\x5c\xe5\xf6\xe8\x06\xacY?\x09\xbd\
}\x03*8\x0bq\xc7\xf3$\xc8U\x95gI\x1bB\
\xb5]\xa9\x08B\xd1\x16\x81\xf8\xf0rs\xee\x8b\xef\xf8\
\xb9\xdd7\x5c\xbf\x8a\xd5J\x9f\xfd\xecgy\xa1P0\
\x1c\xc7\xc11\xd6q2\xc49\x16\x05|4N8\xf6\
\xf8:\xae\x96S>J\xcc\xbe\xa1AYA+\x1a\xaf\
\xe4g\xc1\xd8\xcak<\xbe\x9a3re\xdb\xea\xcd\xe8\
\xb4\x9fsRaT\x14 \x14\x96\xef\x0b\xdb\x09\xa5\x05\
\x224\x89\xa4i\xa0\x905\x18\xcd\x12\xaaV'C\x02\
\xd1\x84\x144j\xb7x\xf9\x81^0\xae\x0a\x1a\xe7\x04\
WO\x03\x9fJ\xa8\x86\xff\xa2L\xc1\x82\xc1\x81>\xd5\
\xb5zfz\x06\xa6\xceM\xa9\x5c\x03\xc6sx\x5c\xb9\
\x5ch\xf7\xf4\x94\xcf\xe5\x0a\xf9/\x98\xba\xf9\xc5\x07\xff\
\xcdo=F\xee\xba\xeb\xaeq\xb4\xf2\xf1\xb2\x88\x16\x0e\
\x81\x80&\xef\xe2\x8d\xb8:\xc8\x0aq\xce1\xf9\x85\xc5\
)h\xbd\x11\xd0q\xc5\x06`N\xe0\x92\x10b:\xa6\
D;\xd9!\x8c/62\xc6\xd6\x12B\xd0\xfd\xc1A\
XIru\x96-&\x0cO\xec\x06t\xba.\x9d\xfe\
~\xbc\xb4*\x17\xe6jW\xe7\x8a%\xfe*\xa6\xe8\xa5\
0\x9f|\xa6z?\xde\x97a\xd3}\xe7?mut\
[(!\x05\x8c\x13\x8dRHq\x09\x93\xb7M\xc2\xba\
\xc9\x0d0>>\x01\x8f=\x16ewO\x9d\x99R\xe2\
\xb0|\xd6\x86u\xc3=J_\x84>\xed\xe5\x22\x8f\xc8\
\xf7\xb7S)%\x88\x9b\xbc\xed\x0e\xf0\x9d\x96\xa2Z;\
-~\x04>\x95)\xf5\x02?\x5c\x00B~\xe1\x9e\xf7\
\xfd\xf2\x97_\xf6\xc4o\xee\x00\xb5R7\x1a\x0dS\xd3\
4\x94\xa3\xa3\xf1R\x81s\xf2\x8cWm5\x01\xc20\
\x5c\xa1Q\xaf\x06>\x86\x1a,\x16H\xe1qH\x13&\
\xa7b\x18\x94\xaf)\x17{,\xcbX\xa3\xe9d\xb2\x92\
\xd26\x82\xef\x0f\xb8\x9eW\x0a$\xcb\xbbA\xa0!\x15\
\xda\xb1\x92\xe1\x02\x1bI4\x93_\xc6\x95\x93\xc9\xcf\xf9\
B\x1e\xde\xfb\xdew\xaa\xf6\xeag\xce\x9c\x06\xb7\xd5P\
rnd\x95t\xcb\x96\x86i^\xb0\x0c\xf3\x09_\x90\
?\x0b\x89~\xe0\xed\x1f|\xa8F\xb6n\xdd\xda\x83\x85\
%q\x92I\x01\x1fO\x96s\xbe\x8c\xd2\xe3 \x08\x16\
P\x9b\x83:\x9e\xd9\xd9Y\xad^\xaf+k\xc197\
}\xdf\xc7,\xaf\x85\xfed\xdc;\x07-\x06\xce\xfe\xa6\
\x94r\xd9u\xddF*\x95j\xcf\xcf\xcf\xbb\xc7\x8f\x1f\
\xc7\xc8\xed\x8a\xa9\x8c\xdb\x091\xc6z\x01`\x0d\xb2J\
\xf1\x0dV\xbc~G!\xcb\x8a\xb5\xef\xb4\xf27\xe2\xf6\
$7&YMp\xc4:\x99\xa2\xabqq\x95;\xd4\
\xf9\xe7\xe4\xae\xcb\x0c\x0d{\xd3<\x5coS\xb1C2\
n\xa1\xd5\xd4)@\xa9RPn\xcf\xa6M\x1bAH\
\x02\xe7/\x5c\x84'\x9f\xdc\x0b\xb3\xf35\x05\xe4\xb4m\
\xc2Po\x09\x8ay\x94V \xdbse\xc0\x8b\x89\xb8\
\x9e\xde>\xe8\x1f\x1c\x06\xdc\x15\x05\xe9\xd3 \xf0Vh\
E\x05|?hy\xbe\x7f\x11\x04\xfc\xf2\xbd\xbb~\xed\
k7\x87\xeb\x1b:\x9a\xa2\xbbt\xfa\xf4i^*\x95\
\xa8i\x9a\xccq\x1c\xeay\x1e\xb5,\x8b:\x8e\xa3$\
\x5c\xf1Xc\x9c\x84q\x05\xc3\x09\x11D\x0d\x068\x02\
>\xa6P#\x06\xa6\x03\xf88\xac\xd80\x22c\x98F\
\xca\xd2\xd3\x86\xa6gJ)\x96\xa2\x224\x03\xdf\xd7\x03\
\xc9\xb8/\xa4\x1e\x04a\xc64\xb4\x11C\xa3}\x1ae\
=H\xadS\x0a\x99P\x04\x96\xeb\x06\xa6\x94Q\xf5^\
\xf2\xc8\xe5\xb2\xf0\xf6w\xbeM\xad\x94S\xe7\xcf+\xff\
?\x93\xb1/\x94K\xc5\xe3@\xe8\x11\xce\xd9\x01C7\
\x9f\x03\x80C\xf6\xa2\xb1\x84B5\x04>\x06@h\xad\
K\x821\x83\x04\x81\xb2n\x9cs\x9cv\xb50\x0c\xeb\
\xba\x8e\x12\x91\x00\xbf\x0c5;H\xa5)?\x11\x99\xa0\
\xd8OD\x1f\xd0\xa3\x94\xba\x84\x90\x16!\x04\xcb\xc9\x96\
o \xdbK\x97CV\x9a\x00\x00\x1e7IDAT\
w\xec\xd8\x91\xf6}\x7f\x941\xd6\x83\x93\x0f'\x11Z\
\xff\x84\xdeL\x02\xde\x0e\x9f\xfe\x0a\xb7'\xb6\xc4+\x12\
\x87\xab@\x9e\x006\x91C\xbc(\xd0M&S\xb2\x9a\
$\xee\xd0K\xc1$E\xc3j\x81\xfb\xdb\x19\xa5\x13\x9c\
b\xfe\x83Rdo\xca\xa5<\xac\x19\x1f\x81\xb15c\
j\xd19q\xe2\x04\x1cz\xe1$\x5c\xbc4\xab\x8a.\
z\xcb9\xa8\x96sP*fW\x9aF%\xd9OL\
\xc2\x98\x8a\xe7_\x0b\xe5\x9e\x1eU&\x88\x015R\x9d\
\x91dZ\x15\xd9;a\x10`\x1c\xf6\x07\x8e\xef\xfe\xe3\
\x8f\xfd\xeb\xdfz\xbd\xf7\xb9UA4\xe7\x1c\x1b\x84!\
\x16\xf05N\x0et\x93\xd43\xb9\x8f\x9a\xa6\xe1\xc6\x1e\
\x11\x9d\x13W\xdauN\x08\xfc\x1dN\x04\x5c\x0d\x22\x8b\
\x8eR\x8e\x00_\xf3\xace\xa5{K\xf6pF\xa7}\
\x16\xe3=\x86\xa1U\x00D&\x94\x81\xd9ny&\x10\
\x99\xe1\x94\xe5(\x85,H\x0c\x8f\xb2\xa9{\xee\xbb\xc7\
\x02\x10\xfe\xec\xccL\xad\xdeh\x9c\xce\xa6\xd3\x07\x87\x06\
\xfb\x9e\xf7\x83\xe0(%\xe1\xf1\x05\xcd9\xdf\xa9\xcdW\
\x80\x98\x9c\x9cL\xa7R\xa9\x82\x0f\x80\x5c\xbb\xc1\xa2n\
\x08JX\x86\xcf\xd8\xfd\xb9\xe2\xf5\xe5e\x87,\x11B\
\xb0(e\xa1\xddn\xb7\x0f\x1d:tm\xd1\xc6\xf5\x91\
\xa4:64\x9b\xcda!\xc4\x08\x00\xf4\xc5~\xe7\xd5\
\x96\x7f\xa5T\xb1\xd3\x95\xc1\x8f\xbdV\x92\xab\xe3\xeb\x10\
\xec+\x03p\x8d\xd3\xb8\x82\x05\xba!\xbb\x18\x1f4\xa8\
;?aqr\x1b\xe5\x9a\x89\x89\x1e\xd4\xc6\xa7M\x0e\
[n\xdb\x0ck&\xc6\xa0\x5c\xa9\xa8\xaei\xcf\x1dx\
A\x81\x1f\x1f\xe5B\x1a6\x8c\xf7\x83a\x99J\x17\xb3\
\xd2\xf9@)\x0c\x89\x12\xdb\xf5\x0d\x0c\xc1\x9a\x8d[\xc0\
w\xa3\xc4\x19\xd2\x9a\x08\xfc8\xa3*\x9a\xad\xf6\xa3\x9e\
\xeb\xfe\x8f\x07\x7f\xf6\xb7>\xaa\x14\x8c\xaf2\xcfr3\
\xd7\xfc2\xc7\xd2w\xbd\xeb]\xda\x993gpR`\
\xccgX\x96\xa5b\x898n\xb8\xec\xaf\x5c\x05|\x9c\
\x14\xbe\xef#\xf0\xd4$\xc0\xd7I\x0c\xc19\x17\x86a\
\x84\xedv[\xea\xbaN\xef\x9f\xec\x1d-\xa6\xf4\xcd\x1a\
\x83\xf5\x9e\x1fN\xe8\x865\xb2vr\xc3\x80\x94\xa2^\
_^>\x10\x86\xe1\xdfx\xad\xd6\xbe\x8f}i/\xe6\
\xa5`||\x5c\xec\xd9\xb3g\x85\xc6U\x98\xc1\xff\xed\
\xdc\xb9\x93\xd7\xebu\x8c\xf21i\x85\xcb7Z\xdd\x84\
\x02\xc3\x84\x96*,I&CG\x1cPC\xd5f\xbb\
\xdd^\xd44\xcd\xdb\xbbw/\xfar\x97K\xefo\xfc\
\x8e\xe2\xcac\x1b\x86\x91\x91R\xe6\x82 \xc0\x8d\xae\xd0\
\x0d\xc2\x9c\x02\xd6\xfc\xe2\x0a\x83\xfb<\xab\x1a\xdd\xab\x82\
\xd1k%\xb9V\xe6e\x87\xfca\xe5l:%\xd0\xd7\
\xfa\xfb\x8d\x9evF\x0b\x07\xb2TlJqx3\xd5\
\xb8\xc1\x98F1y3\xd0[\x82\x91\xd1AX\xb3n\
\x1d4\x9b-8}\xfa<<\xf5\xf4s\xb0\x5c\xc7]\
\xcc%.\xc30\xdc\x1f\xb9=\x18\xdcF\xc5\xdcQ\x92\
\x0b\x03\xe0T&\x0b\xa5\x9e^\xa8V{\x95\x8a\xd1\xf7\
\xda\x97\x81\x8f\xd5\xbf\x81?\x17\x06b\xbf\x17\x86_\x0d\
\x85|\xa2\xdd\xf2O\x9c\xf7r\xf3\x1f\xfa\xd0\x87\x90\x9e\
|U\xc9\xc6\x1b\xbd\xf6\xeb\x1c\xa7Vct\x97ff\
fh\xab\xd5\xa2\xe82\xf9\xbeO\x8a\xc5\x22i\xb7\xdb\
\xf8;\xc56\xf9\xbeO\x91m\xc2\xcf\xf1<\x0f\x7f\x87\
l\xe9\xca\xc4@\xe03\xc6\xd4D\xc0\xa7\xa6i\xc2u\
]\x95\x9b\x9b\x18(Y\x83%+\xa3\x11\xc8Pl\x88\
g\x9a\xd6\x9au\x13VH\xa9\xdfl./y\xae{\
j\xaa\x1d,~\xf3\x9b\xcf:{\xf7\xeeE<^\x01\
\xfa\x15\xe0wZ\xc7\x89\x89\x09=\x97\xcb)w\xe6Z\
Q?\x02\x05A\xa8iZ\xe0y\xdeR\x18\x86\xb5d\
?\xdbWy\xd3\xd4\xea\x87%\x8fX\xfdE\x08\xc1\x5c\
\x02\xd2\xa0x.\x0a\xfc1\x17\xfd\xa2\x96\x84\xc9d\xe8\
`\x84\x94\xeb\x13\xf3\xd7*hN2\xc0\xf1\xb2\xab\xca\
\x82_\xe2|_\xeao\xc9\xdb0\xf9C\xb3L\x0c\xe4\
\xb8\x7f\xb7ah\x13\x9c\xf1\x12\xa1\xa8O\xe7P\xed)\
\xc2\x9a\x89a\xe8\xed\xebS\x1b\xb8\x1d>|\x1cN\x9c\
8\x03\xb3\xf3\x0b\xaa\xb2h\xb0\x9a\x87\xdeJ^5\x93\
R\x9a\xfaX\x82\x1b%\xcep\xf3\x09KU\x81\x15\x8a\
EUb\x87\x96?)\xa8\x89\xf7\xef\x9d\x0fCq\x5c\
J\xf9\x83P\xcao5R\xe4+O>\xb9\xe0'\x15\
F\xb7`,^\x8b\x8fP\xab\xfb\xf9\xf3\xe7Y\xa5R\
\xa1\xcdf\x13sG4\x9dN\xab\xf8\xc14\xcd+\xc0\
\x9fX\xffdB$?\xeb\xba.\xda\xed\xb62\xb0\x86\
a\x88z\xbd.,\xcb\x12\xf3\xf3\xf3\xc2\xb6m\xd1\xd3\
\xd3#*\x95\x8a2\x00W[\xfa\x15\x8bx\x13W\xb7\
2\x9b\xeb\xf5:\xc9d2\xf2\x91G\x1eIf\xd3M\
|\xcc\xcd\x1d\x1a\x975\xe2\xea\x93\x8b\x03\xe0\x14\x06\xc1\
\x98\x91\xc48\x00?\x0d_+\xbf\x88Rlq\xa2\x12\
c1/\x8d\xbd;1\xb3\x88\xab\xc2JM\xc0\xcb\x9c\
\xc1\xcb\xb9F\xf1\xdc\x91\x8a\xa9\x88\xdd(}\xc8\xf4v\
Y\x1a\xdf\xc6\xf4\xac\xaa\x8a\xb0M\x02\xe5\x1c\x83\x0d[\
\xb6@\xff\xc0\x00\xa4,\x03\xbe\xf5\xed'\xe0\xd0\xe1c\
\xb0\xb0\xb4\x04\x1a%\xd0S\xce\xc1\xfa\x89!E\xcf\xa1\
\xb4B\xf9\xfbq\xd5\x11*\x0b\xb1l\xb1\xda7\x00\xa3\
\xe3\x13\xe0\xb4\x96U\x0fPu\xbd\xaa\xb5Gd\xd8\xa3\
\xfe\xf9\xe2\x93\x8b&\xfc\xe2\x1b\x00\xf8/7\xf8\x89h\
\x92f2\x19V\xaf\xd7)\xae\x12\x98\x93H&\x06~\
\x80\xe38\x02W\x00|\xddh4\x10\xec\x18\x83\xfa\x9b\
6m\x0a_\xa6^\xe4\xf2\xaa\xffrgr\xd5\xdf;\
\x83\xc5+\xcbwn\xf2\x83n\xe2pU\x19\xf6\xd4S\
Oi\xb6ms]\xd79.\x93\xa9Tj\xc5*\x87\
\xd8\xb1@\x08\x82\xffZ\x96\xa5^\xc7?\xa3\x8b\x86\x13\
\xa6\x17\x9fq\x13\xdbN\x8b\xadJ=c\x00#\x97|\
E0\xfc2\xe7\x98\xb8\x14*`\xcehb4\xab\x91\
\xad\x19\x9d\xddG\xa8A\x91\xfc04\x02C\x83%\x18\
\x1e\xee\x87\xe1\xf1Q\x98\x9f[\x84\x93'\xcf\xc2\xbeg\
\x0e(\xc5'\xeaL\xd0\xdd\x19\x1a\xe8\x81|>\x135\
\xc0J:\x9c\xa9\x8d\x9d\xa3*\xaeR\xb1\x0c\x85rY\
\xa5\xfb\x03\xcf\xe9\x04>\xa6\xf0\x97d(>y\xcf\x07\
\x16\xfe#!\xbb_\xaf1\xb9\x89\xe1\xbb\xe9C\x95\x81\
\xdd\xb5k\x97\x1a\x8b\xd9\xd9Y\x82\x86\xb6\xddn\xab\x9f\
=\xcf\xc3\xa0\x99\x8c\x8e\x8e\xaa\x0f\x9e\x99\x99\x111\xe0\
\x93k\xbf!W\xefF\x96\xf4\x9b>\xf3\x1f\xa17\xa8\
\x8a0\xcb\xb2\xaaR\xca\xb5\x98)\xc6U\x22\x0cC\xac\
#F\xf6\x09\x9dF\x17\x7f\x87\xb9\x07\xccAPJ\xb1\
e\xdaei\xe5\x8d_\x8c\x96\xd5\xe5hA\x83\xfb\x0d\
\xcd\x18fL\xcb\x03\xe5\x90OQ\xe8\xef+\xc2\xc4\xba\
1\xc8\xe5rj\xd7r\x942\xa3\xdf\x8f\xb5\xc48\x00\
\x83\xfde\xa8\xf6\x14\xa0\x90\xcf]\x91\xe0B\xf7Gm\
\x92g\x98P\x1d\x18\x82l6\xab\xb6\x06R\x12\xdf\xa8\
\xeaI\x06~p\x22\x94\xe1\xa7\xee\xfb\xc9\x0f\xff\xee\x8d\
\x9f\xea\x1b\xfa\xc8+&\xc6\x9e={\x10\xe87\x1dW\
\xfes\x07\xfe\xca\x08\xdfq\xc7\x1d\x1b)\xa5\x83hH\
\xa5\x94\xe7\x19cSO>\xf9$6!\x15qp\x8f\
\x81\xf4$\xa5\x14\x15\xa4\x85\x97\xcb\xe6^\x0b:\xb1\xe4\
:;\x9c\x82\xf7\x99\xba\xb6\x99j)\xcc\xf4@.\xc5\
`\xa4?\x05k\xd6mP}613\xf9\x9d\xef<\
\x01G\x8f\x9f\x82z\xcbQ\x1d\xcd\xd0\xdf_\xbffP\
\x01=\xe9\xbf\xa9\xda\x84\xc7\x9ar\x0cxq\xff\x80\xfe\
\xc1!\xf0=\xec\xef\x8f\x8aN!\xbc\xc0\x7fRH\xf1\
\xe9\xfb\x7f\xf2\xc3\xff\xfd\x0d\x0d\xe7\xd7\xf9\xe4W\x0d\xf0\
\xef\xbd\xf7\xdeL\xbd^\xc7V\x88x\xcd\xedz\xbd\xee\
tlB\xad\xb2\x96q\x1c\x81\xfa!$\xe2\x91Y\xc2\
\x1c\xc7\x0d?\x22\x09\x0fa=)\xb6-\xa5\xf1m:\
\xd5nC\xed\xad\xce\xb1q\x13\xc0\xe8p\x1f\x0c\x0c\xf6\
A\xb5\xb7\x0f.\x5c\x9c\x86\xe3'\xce\xc0\x81\x03GU\
A\x0c\xd6\xec\x96\xd1\xed\x19\xac\xaa2\xbc\xa4\xec.\xd9\
\xf1\x1cu+\xa9TZ\xed\xab\x85\x99J\xfc\xd9s\x1d\
\xe1\x07\xe1A\x11\x86\x9f\xbeo\xd7\x7f\xfc\xbfn\xf8D\
\xbb\x07\xde\xfa\x1dQ\xde\xe0\xf7T%\xd4\x82 \xe8\x17\
B\x0cRJq7\x17\xacS\xb8Q\x03\xa1\x8a>\xd2\
&\xaf\xe4umC\x9a\x93\xb7\x10\xca\xcb\x84\x12\x9bS\
\x09\xe5\x82\x09\xfd\xfdeX3>\x06\xb8\x93\xf9\xfc\xfc\
\x12\x1c<xD\x89\xda\xea\xcd\x16n\x1b\x03\xc3CU\
\xe8\xed)B!\x17\xb5'\x8f6\x86\x88\x12\x95\xc8\xf6\
X\x96\x0d\x95\x9e*\xa4\xd2)\x95\x00\xf2=\xffR \
\xc2\x7fp\x85\xf7g\xba\xe6\x9f\xbd\xef'~\xfb\x9f\xf5\
\x16>\xb7\x0a_7:\xa0\xb7\xea\xfb\xde0\x9f\x83u\
\x0aX?\x00\x00\x1bPOv\x83\xe0W*F\xbc\xc8\
\x82\xc1\xaa\x15\x9b\xdeF\x80\xbf\x890mH\xd3\x0d\x02\
\xa1\x03\x85\x9c\x01\xe3\xa3U\x18\x1e\x19Q \xc6\x0a\xa4\
\xc7\x9e\xd8\x07'O\x9fW\xed\xf5\xb2)\x0b\xfa{K\
\xb0n\xcd@\xe4\xf6\xc4Z\xf68\x00W\xb2h\xac\xe1\
-\x14KP\xaa\xf4\xa8\x02\x99 \xf0\x9fu|\x7f\x0f\
\x04\xe2s\xd3t\xe0\xe8\xae]\xbb0\xf9\x83o\xb9\xa1\
@\xef\x0d3(\xb7\xf0D\xbb\xc0\xbf\xce\xcd\xdc\xb9s\
\xa7\xb9\xb8\xb8X\xc2\x1eAa\x18\xa2\xf5\xcf\xc7\xda~\
L\xb3_w\x08\x92\xb4\xbcN\xa4n\xeb4W\xb4\xf4\
;M\xdd\xd8\xc25s\x1d\xb6\xfb\xd35\x80\xb4\xcd`\
|t\x00\xfa\xfa\x90\xcd)\xc0\xe9\xb3\xe7\xe1\xd8\xf1\xd3\
p\xf8\xc8)%O@\xb5a\xb5\x5c\x84\xc1\x81\x0ad\
3)U8\xbd\xc2\xf6\x10\xa2\x0a\xad\xedT\x1a2\xf9\
<d\xd2\xb8\x13\x0b\xa9\xb9\x8ewN\x84\xc1wB\x09\
\x8fk\xd9\xcc\xde\xe5\xda\xe2\xcc\x99\xc5T\xfd\xa1\x87\x1e\
\xba\x91\xce\x18\xb7\x10Ro\x8c\x8f\xea\x02\xff%\xc6i\
bb\xc2(\x14\x0a\x98L\x1b\xc3\xbad\xcc&\xdf\xc8\
\xb0bz1\xb1\xb6\xbdi}4k\xea[-\xc3\xb8\
\x97\x10\x96#\x94\x18\xb8\xd1sO9\xa3\x80=:2\
\xa4\x94\x98\x97\xa6g\xe1\xc0\xc1\xa3pifA\xedn\
h\x1b\x06\x0c\x0f\xf7BO\xa5\xa0\xca\xe7\xa2\x1e\xf7\x11\
\xcf\x8f\x1c?\xbaJ\x86eA\xb1XV-@\x08\xf6\
a\x0b\x82\x13B\xcaC\x8c\xd2g\x83 \x98\x95\x92\x9e\
\x16$<\xe2\xb4\xbc\xa9w\xfc\xdco6o\xe4\xdcW\
\xcb1]\xe0\xdf\xc0H\xdf~\xfb\xedX\x93\x8c\xdd\xe1\
&;\xbbD\x5c\xef\xad\xe8\xe7wJ\x07*\x16\x1b\xed\
I\xd1\x07\xa8\x96\x9ed\xcc\xa8\xa8\x1d\x11E\x0bJ\x05\
\x0b\xd6\xaf\xe9'\xd5\xbe~UL1;;\x0bO\xed\
=\x08\xe7\xcf_\x82\xd0u\x95E\x1f\xe8\xef\x81\xb5\xe3\
\xf8\xf7xS\xe7\xcef\xac\x84@6\x9bS\xdb\x8c\x22\
U\x8a-\xf5\xb0\x80=\xda\xf8Bq|?\x10R|\
\xdc'\xfe\x97\x7f\xec\x03\xbfq\xe6\x06.u\xd5\x1c\xd2\
\x05\xfe\x0d\x0c5\xd6\x0cs\xce\xf3\xba\xae\xe3\xc6vX\
8\x83\xd5c/\xe9\xee\xc4E\xdf\xca\xc7\xb65j\xa7\
tZ\xee\xc9Xo3\x0dk3cv\x19\xdd\x1eC\
\x97\x90MS266\x0c\x95J\xb4\xc9\xf5\x89\x93g\
\x94\xb4\xe1\xc4\xc9s*\xc1\x85{\x81\xf5TJ0\xd0\
W\x86l\x067\x9c\x88\xbb\xe0\xc4\xd6\x1f;\x90a\x87\
\x01\xec.\x80%z\x18\x0cc-j\x94\xd9\x15{=\
!?\xc5\x88\xf8\xc2\xfd\x1f\xf8\xc8\xc9\x1b\xb8\xd4Us\
H\x17\xf878\xd4\x08\xfe\x5c.\x97v]\x17\x03^\
T\x90bY\xe5\x15\x1a\xa0\xce\x8f\xc2\xd6\x1f\x9d\xf5\xac\
\xf8\xb7\x91\xbcqG\xd62\xee44{;\xa1\x1c\xb7\
\xd5d\x94x\xa4\xbf\xaf\x00\xfd\xfd\x15UE\x84%\x8b\
SS\xd3p\xe8\xf0qX\x5c\xac)\x0bn\xd9\x16\x8c\
\x0c\xa1\xdbST\xe0Wj\xb6\x8e\xfd\xacT\xbf\x19\xcb\
\x06\xd4\xa5cE\x92\x8aj\xb1\x84Q\x8aC\xbe\x14\x0f\
\x83/\xff\xe6\xad\xff\xfa#\x87o\xf0RW\xc5a]\
\xe0\xdf\xe40c\xf1\x0c\xe7\x1c\x13a\xc8\xf6\xa0r\xf5\
\x9ae\x8b+\xfdl\xae\xfa\xfc\xfe4\xdfT\xb6\xd9\xcf\
hF\xbeB\x98\x9eF\xa6Tc.)\x97\xd2\xb0v\
b\x18\xca\xe5\x92\xea:v\xee\xdcyx\xfe\xe0\x09\x98\
\x9e\x99S\xb2dl\x9110P\x85\xf1\xd1\xa8\x87g\
\xd4f;\x1e>\xd5\x01\x8d\xa9N\xc5(k\xc6\xe0X\
u \x08\xc3sB\xc8\xc7\xc3P\xfe\xd1#/,\xed\
\xfd\x11\x17\xb0\xdd\xe4H\xbc\xba\xc3\xbb\xc0\xbf\xc9\xfb\x97\
\xec\xdcN\x08\xa9\xfa\xbe?\xc4\x18C\xb6\xe7z5\xbb\
\x8a\xde\xc4b\xed\xe4k\xd2\xff\x7f{\xd7\xfe\x1b\xc7u\
\x9d\xcf\x9d\x9d\x07gg\xdf\xdc\x9d\xe5\xeer\xf9\xa6D\
\x99\xd1\xa3u\x10)\xb1\xec\xdan\x8c6\xb2\xe3\xc6v\
-\x14h\x1a \x0d\x1a\xb7N\xea\x22}\xa0\xfd!h\
\xd4\xfc\x10\xa0@\x8a\xfe\x03E\x81\xa0E\x8a\xc6N\xda\
\xa2?4H\x1bG)\xda\x06n\xf3\x83]C\x92\xf5\
\x08%\x8a\xa4(\xadD\x8a\x8f}\xcf\xe3\x16\xe7\xce\xee\
j\xb9\x94\x5ciD\x9a\x1c\xfa\x0c@\x88\x5c\xed\x9d\x99\
\xfb\x9do\xee\xdc\xb9s\xce\xf7ir4\xa6\xc0\xa0\x19\
\x0d?\xa7\xaa}\xd3\x10\x0a\xf7\xa1\xde\x93\xae1\x96\x8c\
\xcb\x80\xd3\x9eT2!\x1ef\xcf_\xbc\x023\x97\xe7\
`aaQ(\x8b\xa124\x92\xdf4\xfb\x85f\xbd\
'\xa1\xe7\xa96\x88\x07^\xd9sdA\xb3jQ\xe2\
\x08\xacf\xd9v\xc9\xb6\xec\xbf\xacZ\xd6\xf7?\xf5\x1b\
\x7f|\xfe\x01\xbb\xbbg\xbfN\xc4\xf7\x11Z$?N\
\xdd\xb1P\x1e\x93\xdf\xb0r\xacU\xb0\xb3\x09\xcf\x96\xb8\
\xd3\xa6\x5c\x92\xf1\x84\xfcdD7>\xaeh\xf1\x9f\xc7\
S\x90\x98\x0d!\xa9\xc9\x86\x06M\xf1@\x9b\x1b\xc8\xc2\
\xd2\xca\x1a\xcc\xcd]\x83\xf3\x17f`muM\x90\x1b\
\x95\xa1\x8b\x83\x03\x90N'\x84N\x7f{\x99S\x5cy\
])\xcd\x86ax\x8e\xe9\x8cY\x96m\xff\xc0\xb1\xdd\
\x1f\x82,\xff\x98\xd5\xa5\xcb?\xbcXZ\xfd\xb0\x8f\xfe\
D|\x1f\xc4o7\xc1\xca5EQ\xf0E\xd7\xfen\
'\xf7\xee]\xa2`\xd3\xbd^$\x8dd\xfa\x8f\x99\xd1\
\xe8k\xde\x94\xc9\x91l\xc7b\xb10@~ \x09\x93\
\x13#\x10K$\xa0\x5c\xae\xc0\xc5\x8b3p\xf1gW\
a\xf9\xb6g\xeb\x94\xcb\xe2\x1a\x7f\x16\x06\x07\xf3\x9e\xc0\
k{\xc6\x83&\x11\xad\xbb\x00\xd6\xed\xa2.\x0dN{\
P.\xdb\xe1\xeeY\xce\xd9\xbf8\xc0\xfe\xbe\xaa;\xe7\
\x13e\xcf\x82\xbd\x91Ir\xb82\x0b\xb5l\x8a\x9b\xa6\
\xe6\xce\xcc$\xdd\x97_>\xe9\xb6LJ\x1e\x02\x9d\xdd\
\xdd\x94\x88\xff\x10\xf1\xc1\xe4\xb6\x95\x95\x15\xcc\xe6\xcc\xc8\
\xb2\x8c+>\xf1\x96\xc6\xe5\x06\xee\xdf\xed\x10\x92$9\
\x11MK&\x0d}2\x15\x0e\xbd(16\xe5\xb8\x12\
C\xd1ftY\xc9f\x220<TD\xd5g\xa1\x16\
v\xee\xbd\x8bp\xf5\xea\x02\x94n-\x0b-J\x9c\x0e\
\x15\x0b9\x9eI'\x18\xba\x19\xb6\x8b\xd7\x85\xb8$Z\
\x02\xa2<7\xca|\x1ba\xf1;c\x0c\xf5\x8cJ\xc0\
\xd9\x02\x07\xbe\x02\x8c\xa1\xc5b\x9d\x03\xafq\xce\xaa\xae\
\xeb\x94]\x97\xcfY\x8e\xfd^\x939g\x9f\xdbB\x17\
\xf1\x87\x80x\xdb\x9a\x12\xf1\x1f\x12Z$\x7f\xa9T\xea\
\x0b\x87\xc3\x85\x96\xc1u'\xb3\xf3\xfd\xca\x00Q\x8dB\
Lq$)4\x9e6\x9e\xd3U\xe5\x13\x12S\x1f\xc1\
\xcf\xd0D]\xefc0:\x9c\x87|\xce\x84\xfet\x0a\
n\x5c/\xc1\xd5\xb9\x05\xb1\xd4\x89+?\xa8\x0c\x9cL\
\xc4\xf9p1\xc7\xb0\xc8\x1d\x1d\x03\xc5\xd6\xfd\x92\x0bu\
{\xd0\xde\x13\xeb{Q[\xb2cP\x0d\xa8}^g\
\xdcmp\x97\xd79\xb0\x1a\x07^\xe5\x9c_s\x1d\xe7\
\x82$\xcbo:\xb2\xfb\xceS/|\xe5\xcaC\xc2\xb3\
k\x9b\x13\xf1\xb7(4\xe81`YVV\x96\xe5}\
\x98\xcf\xdf*\x83|_\xaf\xd5\xf6\xa1Q>\xbd\x90\x88\
>\x96\x0a\xeb\xafbF\x02\x8a*aZD6m@\
\xb1\x90\x81\xd1\xb1\x22\xa0I\xf3\xed\xe5\x158{\xf6\x22\
\x9f\xbb\xb6\xc8P1\x0c\xb7\xa1b\xce\xf3\xe3\x1a\xc8v\
4\xeb\xbb\xadt\xf0w|?\x80\x0a\x0e8\xe7o\x1b\
4\xb7\x85\xcc\xda>am\x93g\xee\xba\x0d\xce\xa4\xef\
\x03co\xac.-}\xaf\x96|\xa4q\xf2\xe4\xc9{\
\xe7hl\x11~\x1f\xf4n\x88\xf8[\x848\x96H\x9e\
9sFG\xb5\x0a\xdb\xb6\x07\xff\x9f\xd5\x9e\xd6\xe0,\
\xa4\xbeQRC\x8a\xf6)\xb9\xb0\xaa\x1eI\x19\xfa\xa7\
B\x0c&\x90\xf8\xaa\xcc \x9d\x8a\xc0\xc8p\x16r\x03\
\xa6X\xa3\xafU\x1bp\xf6\xdcy\x98_\xb8.\x8aZ\
P\x86;\x93N\x89\x0b\x00U\xddP\xa6{C\x09\xa3\
\x90\xf2\xf6\x0c\x18p\xea\x83\xabCxW\xf0\x0aY\xbc\
\xce\xb7u\xfc[\x7f\xb8.\xe7%\xc6\xe0\x1c0\xf6\x13\
n\xc1w\xec\xda\xf2\xf9\xa7>\x7f\xeaA\xa5$\xb7\x08\
\xd9\xed\xd9\x0d\x11\x7fkq\x95&&&\x94T*\x95\
G\xa7\xf7\x96\x01^G\xa7\xb3\xf7P\xb8\xe2\x83\xaac\
\xf8yK\xcf26i&\x9fUB\xec\xa8c;\xe3\
\xf8\x12\x0a\x8bTR)\x03\xc6G\xf200\x90\x16z\
\x9b\xf3s\xd7\x84D!\xfe\xa0\xf3\x08\x92=\xdd\x9f\x84\
b\x0f\xf9\xef(\xb6\xa1l7: \xaa\xa2p\x1dU\
\x8b\xbb\xa6=\x9b\x10\xf0dL`\x0d\x18\x9bc\xdc}\
\xc3\x05\xfeS\x97\x87f+\xc0\xaf\xc3uX;\xf1\xda\
k\xf7\xb6b\xdcZ<\xb7moD\xfcm\x80\x16\x93\
\xdb\xc2\xe10\x9a\xe8\x8d\xb5eY\xee\xf70\xe3\x03\xc9\
a]\x0e\x1dw,\xe7\xd7\xb8\xe3(\xae\xe3H\xe8\x87\
\xb0\x7f,\x0dc#y(\x14\x8b\x82\xb87n\xdc\x84\
w\xdf=\x0b7o\xad\x08\xb5`$\xf9\xd8\xd8\x10\x0c\
\x16\xbc\xc4\xb6\xeelN\x10\x86\xd0\x9e|\x89\xa6z\xa6\
kw\x9b\xf6\xdc\xe5\x0a@\xa7\xbc\x1b\x1c\xe0]\x07\xe0\
\xdf\x1d\xe0\xff\xa64\xd4\x0b\x8f\xff\xfa\xabX\xb9\x16\xe8\
\x8d\x88\xbf=\xe1C!]\x94W\x8c\xb5\xb2:\xb1\xe0\
\xbdW\xbfS\xa8\x10\xf7\x1e>n\xf4\xe9QM\x1d\xed\
S\xa5\xa3\x8a\xcd\x9f\xe0\xdc\x1d\xb2\x1c\x17\x22a\x15\x0a\
\xb9\x14\xec\x9f\x1c\x84T\x7fJ\xac\xe2\xac\xae\xae\x89\xd5\
\x9e\xeb\x8b7\x85/\x97\x11\x09C.\x9b\x86\x91\xe1<\
DcQ1\xbaw\x93\x1e\xc7y!\xbe\x8a\x1e\xb8\xad\
\x91_d\xf4\xb4\xdcO\xda\xe7rG\xc8X\xb8\xff6\
\x19\xb05\xceaV\x02\xf8\xaa\xbbZ\xfd\xaf\xe3_\x08\
~\xb1\x0b\x11\x7f{\x88\x8f{\x15*\xd2\xe8\x09\x80e\
\x8c-1]\x14\xc5\x12\x98\xb7\xa5\xb7\xf1\xf7^i=\
Mf\xd1\x84\xa1\xe5b\x8ar\x02\x5c\xf7Q\xcbr\x8a\
\xf8\xbdxT\x87B>\x09\xe3\xa3\x83\xc2\xe1\x1d\x1d>\
fg\xe7\xc42\xe7\xfc\xc2\x0d!5\x82\xfe_\xd9l\
Z\xac\xf3\xa3\x1f0\xda\x0f\x09#h$\xbd'&\xed\
M{\xd0fS8\x83o\xa6\xc0\x1d\x09o\xef\xff\xd0\
-\x95\x01\xdc\x00\x97\xfff\xcc\xcd\xfe\xe8#'O>\
\xa8Z\xde\xf6\xa1\xecs\xcfD|\x9f\xc0\xddo3L\
n\x8bF\xa3\xc9z\xbd>\xdc\xb2\xf1\xd9\xa4\xef\xd3-\
\xb9}g\xd4\xe5\xec@\xd1\xfc9\xc9u\x9el\xd6\x1a\
\xcfb\x15\x18zU\xe0\x14\xe6\xc8\xc1!\x18\x1f-\x80\
i\x9a\xa2p\x1d\x1ft\xdfy\xe7\x1c\xac\xaf\xaf\x0b\x8f\
W\x1c\xd5\xf7M\x0eA\xa1\x90\x83d\x7f\x0ad\xe1\x02\
\xd8\x221\xf3\xcc\x9e\xf1o|\xd0E\xa9r\xfc\xd9\xb0\
\xb5\xa4\xc9\x85\xbd\xa1G\xfc:w\xdd\xab\x1c\xd8\x17\x8e\
\xbf\xf8\xa5\xff\xb8\xdf\xbe\xef\xe6\xef\x11\xf1\xb7?:\xa8\
@\xacV\xabU\xa3\xee\xba9\x89\xb1X[\x98\xb7}\
\xe8\xee\xf5~|\xd8\xb5m[L\x81Rq#>\x10\
\xd1\x0eE5\xf9\xc4z\xa5\xf1H\xa3a\xa7\xb1h%\
\x19Watx\x00\x0eN\xef\x03LM@e\xb6\xa5\
\xa5U8\x7f\xfe\x22\x94J\xb7\x84\xe3`$b@.\
\x97\x81\xb1\xb1A\x88\x1a\x9e6\xbf\xb8\xbb\xe0\xdb\xddV\
j\xb3Pm\x93q\xf4\xbf#f\xe5\x9dSG2\xa8\
\xf5'_r]\xf7\x0c\x80\xf4\x87\x8f\xbd\xf4\xa5\xff\xd9\
~\xc8\xb6\xff\x08D\xfc\xed\xc7X\xf0\x0dE\xb1\xce\x5c\
\xb9\x92\xe9s\x1c\xcc\xe5\xc77\xbc\x92,\xa3A\xf9\xc6\
\x0dI\xdfe\xdf\xc9\x0b)#\x9bO\x18\x07\xd7\xd7\xaa\
\x9f\xac7\x9di\xcb\xb6\xd3X\xc1\x85\x86\xd2\xe3cy\
\x18\x1d\x19\x12z<8\xe7\x9f\xb9<\x0bss\x0b\xb0\
\xb8xS\x98U\xc7\xe3\x11Q\xdc^\xc8g=M\x1e\
E\xbdS\xc9%\xce\x0a\x84!\x1b\x92_\xc8\x18\xb6\x12\
\xdez\xcf\x89\xbb|\xc1q\xec\xff\x96\xb8\xfb\xf5\xc7N\
~\xe5\xed\x0f\x06\xb2\xed=\x0a\x11\x7f{\xf1\xdd\xb0w\
\x5c\xeb\x9f\x9f\x9f\x8f7\x9bM|\xcb+\x84x\xbb5\
={O\xa5m\xb8\x80\x22\xbd\xa3\x11\xe99\xe6\xf2\xa7\
\x1a\x16?\x8ar\x88\x12s\x99&;p\xec\xe8\x11\x18\
\x1f\x1b\x82$V`5\x9b0{\xf5\x1a\xbc\xfd\xbf\xe7\
\xa0Qo\x8a\x92F|c{`j\x04\xf2\xb9\xacp\
\x5c\xc4\xdc\x9e\xb6V\x0f\xa66\xb4\xd3\x9b=\xb7B\xef\
n\xb0\xe9<\x5cw\xc6\xb2\xec\x1f\xcb!\xf7/\x8e\xff\
\xea\xef\x9f\xf9\x00!\xdb\xb6C\x11\xf1\xb7\x0d\xda\xbb\xee\
\x18\x1d\xdfQB\xdb@3\xbcP(\x14m\xf9\x0c\xb8\
\xf6]T\x8e\xbb\x5c\x08YF\x972\xfd}\xca\xc7\x0c\
%\xf4\xc2j\xc5\x1an\xda\xcd\x18\xe3M03\x09\x98\
\x1c\x1f\x86\xc3\x07\x0f\x88\x95\x9aj\xad\x06\xa5\x1b\xb7\xe0\
\xc2\xa5YXZ^\x05t!\xf4F~\x13FG\x8b\
\x10\xd6u\x91\xee\xd0\xae\xdd\x15\xa3\xbc\x97:\xd1\xf9A\
!+Q\xc4\xdb\x9a\xf1\xb8\x9c\xbfm\xdb\xf6?\xda2\
\xfb\xdb_|\xe1\xb5\x0fZ\x93\x7f[\x22D\xc4\xdf\x16\
X\xdfw\xa7b\xda333#\xa6<b\xda\xe3\xd9\
/m\x8aE\xefj\xcf\x88\xa1\x0c\xa5#\xa1ckU\
\xeb\x99z\xb3\xb1\xaf\xd9\xa8\x19J\x88A~ \x03\x07\
\xa6&`xhP\xcc\xedQe\xed\xd2\xccU\xb1\xd2\
s\xeb\xe6\xb2 t\x22\x19\x83\xc1\x82\x099\x1c\xf9\xa3\
Q\xb1\xaa\xd3&}'\xb5Y\x14\xb4x\xae\x8eBt\
\xff\xceb\xeb\xe9\xa6\xcb\xff\x8aq\xf9\xcd'^zE\
h\xce\x07}#\xe2\xefP\x04[*\xd0\xe80i2\
U\xc5\x0c3\xa5\x97\xfc2\xe7\x9b\xf4\xee1\xa9m\x7f\
Zy\xc5j4\x9e^/WG]\xc7fh\x8a\x86\
\xb5\xb9\x8f\x7f\xe2QoT7\x0cX+\x97\xc5\x9b\xdd\
\xb3g.\x8a\x87]\xdc\xfa4\x05\x0e\x1c\x98\x14\xb2&\
\xd1\x88q'\x97\xbf\xb5\xe2#.\x00a{\x7fG\xba\
P4d\xec\x1f$Y\xfd\x06g\xda\x85c'>\xeb\
\xe5F\x07|#\xe2\xef\x5c\x00\x85l\xa1eY*\xba\
\xbec\xbaN\xcb\xa1\xbcsF\xbd\xd9\x9d\xf8\xe0\x8b\xab\
>9C.\x1a\x0a<\xadH\xee\xe7\xd6\xd6+q\xcb\
vT\x16\x92`\xb4X\x80\xa9\xfd\xe30=\xbdO\x90\
z\xad\xbc\x0e\x8b\x8b%\x98\x99\x99\x13y=\x92\xc4x\
2\x11a\xb8\xc6\x8f\x0f\xc585\xc2\xa5L\x9c\xe7\xf7\
\x16\xb1ox\xd0e\xf0-\xc90\xfe \x94\xa8\xaf}\
\xf4\xa3{C\xa7\x87\x88\xbfs\xc4o\x1f\x19-W\xd1\
%2fY\x16\xfe\x8b.\x92(\x85\xbd\xe9\xad.^\
\x08\xb6m\x0b\x97\x90\xa1\x98\xb2?\xa1\xcb\xbf\x5c\xabW\
\x9f\xae\xd7\x9b\xc3\x95zC\x89`Q\xfaP\x01\x0e~\
dJ\x94(\x8a\xa4\xb6Z\x0d~6sU\xac\xf4\xac\
\xac\xacsEf\x0c\xcd(\x8a\xc5<d\xcd\x8c\x98\x1a\
\x89\x94\xe5V:s\xd7U\x87\x17\x04N\xf3W9\xf0\
\xbfn&n\xfd\xc9\x93O~m\x83\xad\xe7\xceC\xe7\
\xff\x0c\x88\xf8\xfe\xb1\xdb\xca\x968\xfa\xa3\xbdf\x0a]\
\xc9\x91\xfcH\xf0{\x1d@\x96eA@U\x05\xe5@\
B\xfdj\xb5V{\xba\xb4\xb2\x9eFW\xf1\xa8a@\
>?\xc0\x8f\x1d=\xc20i\x0d\xd3\x16n\xdf\xbe-\
\xa6=\x17.\xcc\x8a\xb7\xbb([\x12141\xed\x19\
\xc8\x9a\xa0\x87\xbd\x12\xc6\xcd\x1b\xb79\x87\xf7\x80\xf3o\
\x1d\x7f\xf9\xf7\xbe\xb9\x95\x1d\xde\xe9}\x11\xf1w:\x02\
\xad\xe3\xe3\x9c\x1f\xedT\xd1\xf8\xba\xe5.\x8f.0B\
\x18\xb6\x9d\xc1\xd9\xb9E\xb4V\x80\x14\xceY.\x19\x1a\
\x97\x1d\xe7\x97\x1c\xdb\xfa\xfcZ\xb9\xd2\xe7\xba\x5c\xd6\xfb\
\xfa`j\xff\x88\x98\xf6LN\x8c\x89\x5c\x9c\xdb+k\
\xe2a\x17kxk\xd5\xaa0\xaaK\xa5\xe20X\xc8\
\xc3\xc8\x08&\xbe\xc9\xe2!\xb8{\xe3\x00X\xa8\xf2#\
\x90\xa4o?\xfe\xd2\x97\xfff\x97@\xb5%\xa7A\xc4\
\xdf\x12\x18\xb7n'-\xfbU\xb4;\x8a0\x86\xcf\xad\
\xe8\xb9\xe7\xa5.\xb77\xbc\x18\xba\xe7\xff\xa6jO\x87\
e\xfe|\xa5V\x7f\xa2\xd9h\x0e7-KN&c\
016\x04G\x0e=\x02\xa6\x99\x06)$\xc3\xdaz\
\x05._\x9e\x15ow+\xe5\x0a\xa8\xaa\x0c\xfd\xfd)\
(\x0e\xe6\xc5w\xc2\xa8\xdc\xb0\x91\xfcU\xce\x18\x12\xfe\
\xbb\xc7_\xfc\xf2\xbfn]/w~OD\xfc\x9d\x8f\
\xc1\xa63\xc0\xfc\x9eH$\x12\xb5,\x0b\x8b\xd9\xd1P\
\xbb\x13\xa7^o\xd8vcYv\xd5a\x1d\xfe\xb4Q\
o|\xf2\xf6\xdaz\xbafY,\xd3\x9f\x84CSc\
p\xe4\xf04\x98YS\xbc\x9d-\xdd\x5c\xf2\xf2\xf9g\
\xe7\xc0q\xf0\x05WH$\xb6\x1d\x98\x9e\x82L\xa6\x1f\
\xb4vj\x83\xf7\xc0\xbb\xce\xa4\xd07d)\xf4\xcf\x1f\
{\xfe\x8b{\xe2\xc5U\xe7\xae\xb9\x0b\xe3N\xa7\xd4\xca\
\xect\x1c\x07G~\x03]\xe4{G\xfc\xf6\xdfm?\
XEQ$S\xe3c\x1aX\xcfr\xee\xfcV\xe9\xf6\
*\xa6E\xcb\x99\xfe\x04\x1c\x9e\x1a\x81\x02.a\xc6\x13\
B\x8f\xb3R\xa9\xc1\xdc\xfc\xbcHg\xae\xd7\x9b\xa0\xc8\
\x0af{\xf2\x8c\xd9\xcf2f?ZDB\x9f\x1e\x06\
=\x96X\x91$\xf7\x8b\x15\x0d~\xf0\xcc3\xaf\xac\xee\
\xa5\xc0\xd0\x88\xbf\x8b\xa3\x89#?Z\xb8\xe0\x03/N\
{TU\xc5j\xae\x0d\xab=\x8dFC\xf8\xc0\xb6\x9f\
\x07\xf2:?\xa8\x85\xdc\xcf\xac\xae\x97\x9f\xb2lg$\
$I\xf2\xa1\xfd\x83\x90M'\x85\xc6\xe6\xe4\xd4\x94H\
U^^\xbe\x0d\xb3W\xe6\xe0\xd6\x92W\xc8\xa2\xa9\x0a\
$S1\x18\x18\xc8@4\x12\x81h,\xee\x18\x89x\
\xc9u\xe0s\xc7\x7f\xe5\xda\x9b\x8c\x9dz`\x9f\xa9]\
\x0c\xed};}\xec\xe6>\xec\xe9sk\x8bW!\xf9\
q\x04\xef%~w\xe7\xdb\xa3\x7fTU\xb5b\xcc\xfd\
z\xa3\xd1|\xa6Rod\x0e\xed\x1fd1\xa3\x0f,\
\xcb\x81\xc3\x8f>*\x1c\xd7\xf1\x81w~~\x1e\x16\x16\
\xae\xc3\xe2\xf5e\x08I\x9e.?J\x15\x16\x87\x8b\x90\
L&\xca\xba\xa6\xce0\xce_\xfd\xf8K\xbf\xfb\x9f{\
\x0dd\x1a\xf1w\x7fD\x85)\xf2\xe2\xe2\xa2\xaei\x9a\
\xae(J\x1f\x12\xfcn\xa7\xddv\x02WU[\xca(\
\xeaxDu?\xad\x84\xa4W\x06\xb3I]Q$\x19\
\xa75\xf1DB\xac\xef\xe3-\xa2Q\xafC\xa5Z\x87\
r\xa5\x01!9\x04\xb1xL\x14\xb1\xe4\xf3y\xb4\x1a\
\xfa\xa9\x1c\x0a}\x87I\xce\x1b\xbfp\xf2\x8f.\xef~\
\x98\x1e\xec\x0c\x89\xf8\x0f\x86\xd7\x8e}\x1bG\xfeZ\xad\
\xa6!\xf9eY\x0e\xd9\xb6\xbd)\x8d\x12\xef\x06\xb2,\
\xa3\xf3\xb5\x98\xfa\x0cG\x9c\xc3QU~>\x9b\x89&\
\xe4\x90\x94mZV\x81\x03K8\x96\x13w,\xcb\xa8\
\x0b\x1b!\x07\x5c`\x10\x89FDI\xa3\x995y\xc6\
4+}\xba\xfeO!%\xf4M\x9bWfN|\xf6\
\xcf\xf6D\x9aBw\xf0\x88\xf8;F\xe5\x07?p+\
\xad\x19u\xc0u\xd7uQ\xa9yS\xfc\xd0\xf1\xbb\xd1\
ht\xee\x08\xe1\xb0\xcb\x8e\x1f\x18\xec\x8f\xa9\xea4\x03\
xl\xbd\xd2\x98\xac\x96+C\x8d\xf5\xca\xc0\xd2\xea2\
CUe\xbc\x03ds\x19\xc8d\xb3\xe8\xab\xe5$\x92\
\xc9\x1b\x9a\xd6\xf7w\x9f\xf9\xed\xaf\xfd\xf9\x83\x9fe0\
Z\x10\xf1\x83\x11\xa7\xce*\xdc\xa9S\xa7\xd8[o\xbd\
\xa5,//k\xcdfS\xbc\xe4\xea\xdd\xda\xcf\x018\
\xf2\xd7j5w\x22\x97S\x06\xd2J$\x22\xb1D\xc5\
\xa9\x87\x9dZC\xb3\xd7\xeb\xca\xf2\xda\xb2x\x93\xabi\
\x9a0\xa6HgM\x9e\xce\x9aN2\x99\xaaF\xc2\xfa\
\xb5\x17~\xe7\x14)\xa9\x05\x8b\x1f{\xfel\x85~O\
\x7f\x7f\xbfV\xadVC\x91H\xe4\xae\x03X\xb9\x5c\xe6\
H~\xfc\x91e\xb9\xb3\x1a\xb4\xb2\xb2\x22>C\x94\xba\
?7\x0c\xc3\xbdy\xf3\xa6{\xe9\xd2%\x14\x94\xddS\
\xab8\xbd\x8c\xa0\x11?\xb8\xd7\x88Pq\xc0y\xbf\xae\
\xeb!\xc7A!\x84\xcd\x1b\x12\xbc\x5c.w\xe6\xfd\xbd\
\xdf@\xe2#\xe1\xf1\xf3D\x22\xe1\xd6j5\xe7\xf4\xe9\
\xd3\xf7Tx\x0e.\x5c\x1b\xcf\x9c\x88\x1f\xecH\x8a\x8a\
.Y\x96\x15I\x92D5y\x9b\xe8\xdd\xddj\x8f\xee\
\xf8\x99\xae\xeb\x1bF\xf2h4\xea\x96J%\xf1\x99i\
\x9a\xee\xe9\xd3\xa7\xdb\x8e\x8d{\xda#\x97\x88\x1fl\xe2\
\xe3\xd9\x8b\x91\x1f3:-\xcb\xea\xc4\x13G\xf1\xc5\xc5\
\xc5\xce\x14\xc7\xb6m\x96\xcb\xe5\x98\xa6i\x5c\xd7\xf5\x0e\
\xa9ggg\xc5\xdf\xd1h\x94\x7fXH\x8f\xa0\x11\xf1\
\x83O\xfc\xce\x83\xafPr8s&d\x9a\xa6\x84\xa3\
\xf8\xf4\xf4\xb4\xf3\xfa\xeb\xaf\xb7GxL}\xc6\x0bd\
\xd3\xf6a#=\x11\x7f\xef\x90\xbeC\xfe\xae\xc1\xac=\
\xaa\xf7\x88\xe4t:\xdd;\xe8\xe1\xf7\xf6\xf4\xf4\xa6;\
\xdc4\xe2\xef=\xf2\xdfo\x8f\xeeF\xfc\xfbm\x1b\xf8\
\xef\x11\xf1\x03\x1fB\xea\x80\x1f\x04\x88\xf8~P\xa36\
\x81G\x80\x88\x1f\xf8\x10R\x07\xfc @\xc4\xf7\x83\x1a\
\xb5\x09<\x02D\xfc\xc0\x87\x90:\xe0\x07\x01\x22\xbe\x1f\
\xd4\xa8M\xe0\x11 \xe2\x07>\x84\xd4\x01?\x08\x10\xf1\
\xfd\xa0Fm\x02\x8f\x00\x11?\xf0!\xa4\x0e\xf8A\x80\
\x88\xef\x075j\x13x\x04\x88\xf8\x81\x0f!u\xc0\x0f\
\x02D|?\xa8Q\x9b\xc0#@\xc4\x0f|\x08\xa9\x03\
~\x10 \xe2\xfbA\x8d\xda\x04\x1e\x01\x22~\xe0CH\
\x1d\xf0\x83\x00\x11\xdf\x0fj\xd4&\xf0\x08\x10\xf1\x03\x1f\
B\xea\x80\x1f\x04\x88\xf8~P\xa36\x81G\x80\x88\x1f\
\xf8\x10R\x07\xfc @\xc4\xf7\x83\x1a\xb5\x09<\x02D\
\xfc\xc0\x87\x90:\xe0\x07\x01\x22\xbe\x1f\xd4\xa8M\xe0\x11\
 \xe2\x07>\x84\xd4\x01?\x08\x10\xf1\xfd\xa0Fm\x02\
\x8f\x00\x11?\xf0!\xa4\x0e\xf8A\x80\x88\xef\x075j\
\x13x\x04\x88\xf8\x81\x0f!u\xc0\x0f\x02D|?\xa8\
Q\x9b\xc0#@\xc4\x0f|\x08\xa9\x03~\x10 \xe2\xfb\
A\x8d\xda\x04\x1e\x01\x22~\xe0CH\x1d\xf0\x83\x00\x11\
\xdf\x0fj\xd4&\xf0\x08\x10\xf1\x03\x1fB\xea\x80\x1f\x04\
\x88\xf8~P\xa36\x81G\x80\x88\x1f\xf8\x10R\x07\xfc\
 @\xc4\xf7\x83\x1a\xb5\x09<\x02D\xfc\xc0\x87\x90:\
\xe0\x07\x01\x22\xbe\x1f\xd4\xa8M\xe0\x11 \xe2\x07>\x84\
\xd4\x01?\x08\x10\xf1\xfd\xa0Fm\x02\x8f\x00\x11?\xf0\
!\xa4\x0e\xf8A\x80\x88\xef\x075j\x13x\x04\x88\xf8\
\x81\x0f!u\xc0\x0f\x02D|?\xa8Q\x9b\xc0#@\
\xc4\x0f|\x08\xa9\x03~\x10 \xe2\xfbA\x8d\xda\x04\x1e\
\x01\x22~\xe0CH\x1d\xf0\x83\x00\x11\xdf\x0fj\xd4&\
\xf0\x08\x10\xf1\x03\x1fB\xea\x80\x1f\x04\x88\xf8~P\xa3\
6\x81G\x80\x88\x1f\xf8\x10R\x07\xfc @\xc4\xf7\x83\
\x1a\xb5\x09<\x02D\xfc\xc0\x87\x90:\xe0\x07\x01\x22\xbe\
\x1f\xd4\xa8M\xe0\x11 \xe2\x07>\x84\xd4\x01?\x08\x10\
\xf1\xfd\xa0Fm\x02\x8f\x00\x11?\xf0!\xa4\x0e\xf8A\
\xe0\xff\x00\xa9\x87\x84)k\xe8\xfc1\x00\x00\x00\x00I\
END\xaeB`\x82\
"

qt_resource_name = b"\
\x00\x08\
\x0f\xab\xc6\x03\
\x00p\
\x00i\x00c\x00t\x00u\x00r\x00e\x00s\
\x00\x04\
\x00\x06\xb5\xa3\
\x00d\
\x00o\x00c\x00s\
\x00\x0b\
\x0ep8g\
\x00T\
\x00e\x00a\x00c\x00h\x00e\x00r\x00.\x00p\x00n\x00g\
\x00\x08\
\x07\x9eZG\
\x00b\
\x00a\x00c\x00k\x00.\x00p\x00n\x00g\
\x00\x0c\
\x07\xb5\x0f\xc7\
\x00c\
\x00a\x00l\x00e\x00n\x00d\x00a\x00r\x00.\x00p\x00n\x00g\
\x00\x09\
\x05\x9e\x83'\
\x00c\
\x00l\x00o\x00c\x00k\x00.\x00p\x00n\x00g\
\x00\x13\
\x0f\x0eN\x87\
\x00a\
\x00u\x00t\x00o\x00l\x00a\x00i\x00n\x00a\x00u\x00s\x00a\x00u\x00t\x00o\x00.\x00p\
\x00n\x00g\
\x00\x0b\
\x0c\xa2 \x07\
\x00s\
\x00t\x00u\x00d\x00e\x00n\x00t\x00.\x00p\x00n\x00g\
\x00\x08\
\x0d\x06]g\
\x00K\
\x00e\x00y\x00s\x00.\x00p\x00n\x00g\
"

qt_resource_struct = b"\
\x00\x00\x00\x00\x00\x02\x00\x00\x00\x01\x00\x00\x00\x01\
\x00\x00\x00\x00\x00\x00\x00\x00\
\x00\x00\x00\x00\x00\x02\x00\x00\x00\x01\x00\x00\x00\x02\
\x00\x00\x00\x00\x00\x00\x00\x00\
\x00\x00\x00\x16\x00\x02\x00\x00\x00\x07\x00\x00\x00\x03\
\x00\x00\x00\x00\x00\x00\x00\x00\
\x00\x00\x00t\x00\x00\x00\x00\x00\x01\x00\x00\xa6\xad\
\x00\x00\x01\x94\xa6\xd5\x7f\xe2\
\x00\x00\x00@\x00\x00\x00\x00\x00\x01\x00\x00n\xde\
\x00\x00\x01\x94\xa6\xe1\xb76\
\x00\x00\x00V\x00\x00\x00\x00\x00\x01\x00\x00\x8ck\
\x00\x00\x01\x94\xa6\xd5%\x9a\
\x00\x00\x00\xb8\x00\x00\x00\x00\x00\x01\x00\x00\xc2\x08\
\x00\x00\x01\x94s\x8a\xaaj\
\x00\x00\x00\xd4\x00\x00\x00\x00\x00\x01\x00\x01$\x05\
\x00\x00\x01\x94s\x8aO`\
\x00\x00\x00$\x00\x00\x00\x00\x00\x01\x00\x00\x00\x00\
\x00\x00\x01\x94s\x9e\x09\x8c\
\x00\x00\x00\x8c\x00\x00\x00\x00\x00\x01\x00\x00\xb4c\
\x00\x00\x01\x94\x83H.2\
"

def qInitResources():
    QtCore.qRegisterResourceData(0x03, qt_resource_struct, qt_resource_name, qt_resource_data)

def qCleanupResources():
    QtCore.qUnregisterResourceData(0x03, qt_resource_struct, qt_resource_name, qt_resource_data)

qInitResources()
